rgi_id,index_year,t2m_trend_k_decade,t2m_change_k,t2m_hac_se_k_decade,theil_sen_k_decade,slope_deg,missing_reason
RGI2000-v7.0-G-01-13024,2013,-0.36447933640723906,-0.69251073917375416,0.31508420621239075,-0.37954205849330569,21.023031,
RGI2000-v7.0-G-01-13121,2013,-0.29510854576260909,-0.56070623694895727,0.26043292083259201,-0.32757169356075838,23.0139,
RGI2000-v7.0-G-01-13173,2013,-0.24710246595794433,-0.4694946853200942,0.23254315498910899,-0.27020079742936581,20.665711999999999,
RGI2000-v7.0-G-01-13781,2013,-0.27069663601385691,-0.51432360842632807,0.2293995691925198,-0.30471667789278456,35.326965000000001,
RGI2000-v7.0-G-01-13786,2013,-0.27069663601385691,-0.51432360842632807,0.2293995691925198,-0.30471667789278456,42.894843999999999,
RGI2000-v7.0-G-01-14039,2013,-0.61967867008745658,-1.1773894731661674,0.29201626950047921,-0.58100874156310145,28.610014,
RGI2000-v7.0-G-01-14085,2013,-0.61249854119446556,-1.1637472282694845,0.30185376464816238,-0.58736163185558199,29.008738000000001,
RGI2000-v7.0-G-01-14110,2013,-0.61967867008745658,-1.1773894731661674,0.29201626950047921,-0.58100874156310145,23.957455,
RGI2000-v7.0-G-01-14140,2013,-0.47068547706108294,-0.89430240641605752,0.34613358845018616,-0.39287134560108961,26.937225000000002,
RGI2000-v7.0-G-01-14149,2013,-0.47769610200860479,-0.90762259381634913,0.32254047231943705,-0.41914776161781397,19.651236000000001,
RGI2000-v7.0-G-01-14376,2013,-0.34984844930110776,-0.66471205367210473,0.27716949925001838,-0.34532823185405614,31.75656,
RGI2000-v7.0-G-01-14381,2013,-0.34984844930110776,-0.66471205367210473,0.27716949925001838,-0.34532823185405614,30.579977,
RGI2000-v7.0-G-01-14580,2013,-0.26460275642007536,-0.50274523719814312,0.27003061790214394,-0.28301928786085284,20.233374000000001,
RGI2000-v7.0-G-01-14630,2013,-0.32388982259492577,-0.61539066293035893,0.26490965862841587,-0.37947194846111476,17.442778000000001,
RGI2000-v7.0-G-01-16095,2013,-0.38251050148422527,-0.72676995282002799,0.26296814599266977,-0.43513987907494267,22.188744,
RGI2000-v7.0-G-01-16128,2013,-0.38507496364534088,-0.73164243092614767,0.26536199373812541,-0.41594861659123561,24.354918000000001,
RGI2000-v7.0-G-01-16157,2013,-0.38542353647586541,-0.73230471930414431,0.26573429136243176,-0.41924729348977507,15.05809,
RGI2000-v7.0-G-01-16185,2013,-0.36173631652936128,-0.68729900140578637,0.28993580607559827,-0.34389512133223787,23.143476,
RGI2000-v7.0-G-01-16195,2013,-0.34984844930110776,-0.66471205367210473,0.27716949925001838,-0.34532823185405614,32.336489999999998,
RGI2000-v7.0-G-01-16326,2013,-0.27528260771894075,-0.52303695466598743,0.23969287957944393,-0.31126844164456052,26.092312,
RGI2000-v7.0-G-01-16561,2013,-0.43136532329982819,-0.81959411426967355,0.33558056214435983,-0.35664734508953994,18.996715999999999,
RGI2000-v7.0-G-13-05349,2017,0.63393572380450536,1.2044778752285603,0.16176179184259171,0.66172485078383636,22.860825999999999,
RGI2000-v7.0-G-13-05381,2017,0.53628416765049658,1.0189399185359433,0.16215400430101393,0.52684589592520381,20.741161000000002,
RGI2000-v7.0-G-13-05526,2017,0.38345297921890953,0.72856066051592805,0.18236615404695616,0.42437572239686305,25.025112,
RGI2000-v7.0-G-13-05558,2017,0.36258923319991765,0.6889195430798436,0.19499409746770682,0.36334865356928714,16.324701000000001,
RGI2000-v7.0-G-13-05728,2019,0.394678602017485,0.74988934383322148,0.15786699340023086,0.43629383053553134,24.002860999999999,
RGI2000-v7.0-G-13-06035,2019,0.56426777630548397,1.0721087749804197,0.13559953278010203,0.55667434751537059,19.031258000000001,
RGI2000-v7.0-G-13-06069,2019,0.47953218615834647,0.91111115370085827,0.11372309422515726,0.44759419001663825,21.392828000000002,
RGI2000-v7.0-G-13-06091,2017,0.42054936078807476,0.79904378549734201,0.2103083949604177,0.52341904745899348,17.713160999999999,
RGI2000-v7.0-G-13-06104,2019,0.56773830079699139,1.0787027715142836,0.13610195101215219,0.54565493510127128,16.380231999999999,
RGI2000-v7.0-G-13-06341,2019,0.47168658267842156,0.8962045070890009,0.21065709203613947,0.52662292486143025,21.203173,
RGI2000-v7.0-G-13-06828,2019,0.65531408772021105,1.245096766668401,0.16948636173141152,0.65193328079050161,25.272964000000002,
RGI2000-v7.0-G-13-06914,2019,0.65856105797859366,1.2512660101593278,0.15195132271869521,0.6737107363343775,11.867900000000001,
RGI2000-v7.0-G-13-06917,2017,0.44488285181299425,0.84527741844468907,0.20270802462911713,0.49074599418065901,23.795528000000001,
RGI2000-v7.0-G-13-06918,2017,0.44488285181299425,0.84527741844468907,0.20270802462911713,0.49074599418065901,23.921023999999999,
RGI2000-v7.0-G-13-07259,2017,0.36766495073003125,0.69856340638705938,0.20335822344195428,0.3762901594338548,19.665635999999999,
RGI2000-v7.0-G-13-07291,2017,0.36766495073003125,0.69856340638705938,0.20335822344195428,0.3762901594338548,23.76839,
RGI2000-v7.0-G-13-07295,2019,0.62737806438663779,1.1920183223346119,0.15660536714142631,0.64200194188686055,23.449283999999999,
RGI2000-v7.0-G-13-07351,2017,0.42505937341974875,0.80761280949752257,0.16033918881883941,0.47665523324778553,25.654070000000001,
RGI2000-v7.0-G-13-07357,2019,0.61259869659541255,1.1639375235312839,0.15100079621273305,0.60158167354714787,21.773052,
RGI2000-v7.0-G-13-07398,2017,0.36766495073003125,0.69856340638705938,0.20335822344195428,0.3762901594338548,23.423985999999999,
RGI2000-v7.0-G-13-07632,2017,0.37884133226400862,0.71979853130161642,0.2132500581732189,0.3570786235231872,24.611742,
RGI2000-v7.0-G-13-07646,2019,0.79749928183712859,1.5152486354905443,0.20582179324093525,0.7597807330648404,22.085008999999999,
RGI2000-v7.0-G-13-07652,2019,0.79749928183712859,1.5152486354905443,0.20582179324093525,0.7597807330648404,24.491717999999999,
RGI2000-v7.0-G-13-07675,2019,0.79749928183712859,1.5152486354905443,0.20582179324093525,0.7597807330648404,16.200430000000001,
RGI2000-v7.0-G-13-07734,2019,0.5753315305159018,1.0931299079802135,0.14667044760609707,0.55986980663707042,22.015238,
RGI2000-v7.0-G-13-07737,2017,0.37825993060320617,0.71869386814609171,0.16746168559333979,0.42858795769132291,27.526762000000002,
RGI2000-v7.0-G-13-07818,2019,0.60979368514867038,1.1586080017824738,0.18133633516301026,0.62583290796933644,28.244299999999999,
RGI2000-v7.0-G-13-19031,2019,0.13959069632955179,0.2652223230261484,0.19912990900668853,0.034749377450391909,27.137884,
RGI2000-v7.0-G-13-19076,2019,0.13959069632955179,0.2652223230261484,0.19912990900668853,0.034749377450391909,36.175229999999999,
RGI2000-v7.0-G-13-19104,2017,0.19415243009996305,0.3688896171899298,0.26779760375400147,0.22709465123613073,21.431719999999999,
RGI2000-v7.0-G-13-19136,2019,0.47888747191167746,0.90988619663218717,0.1774531273215087,0.41932607193035387,25.392643,
RGI2000-v7.0-G-13-19189,2017,0.3733084518572008,0.70928605852868154,0.18202993010505539,0.39737876745403555,21.132864000000001,
RGI2000-v7.0-G-13-19294,2017,0.45886853766645647,0.87185022156626735,0.15976542856894715,0.46749820644230666,26.700348000000002,
RGI2000-v7.0-G-13-19302,2019,0.63162962883246254,1.2000962947816789,0.097160231765405627,0.64171788524286422,28.118203999999999,
RGI2000-v7.0-G-13-19328,2019,0.63162962883246254,1.2000962947816789,0.097160231765405627,0.64171788524286422,27.310490000000001,
RGI2000-v7.0-G-13-19343,2017,0.50195786363496764,0.95371994090643852,0.15393274850543842,0.50162025114898745,22.161629000000001,
RGI2000-v7.0-G-13-19384,2017,0.45886853766645647,0.87185022156626735,0.15976542856894715,0.46749820644230666,23.607970999999999,
RGI2000-v7.0-G-13-19393,2017,0.50195786363496764,0.95371994090643852,0.15393274850543842,0.50162025114898745,24.034835999999999,
RGI2000-v7.0-G-13-19397,2017,0.50195786363496764,0.95371994090643852,0.15393274850543842,0.50162025114898745,29.653465000000001,
RGI2000-v7.0-G-13-19418,2019,0.69911912006110521,1.3283263281161,0.11054580694499121,0.71363049770638431,34.860267999999998,
RGI2000-v7.0-G-13-19498,2019,0.71481286107978703,1.3581444360515953,0.11546444020851587,0.70643921867926918,16.899857999999998,
RGI2000-v7.0-G-13-20061,2017,0.33551630799421944,0.63748098518901697,0.27965425047706682,0.36894956641306986,30.640847999999998,
RGI2000-v7.0-G-13-49946,2001,0.62354374315902661,1.1847331120021505,0.16573161388741076,0.60120666266383127,22.870007999999999,
RGI2000-v7.0-G-13-49947,2001,0.62357069650645292,1.1847843233622606,0.16990654560279428,0.57603532759358189,14.060701,
RGI2000-v7.0-G-13-49988,2022,0.26107149905010163,0.49603584819519303,0.20822619196909359,0.29113449946321801,17.665937,
RGI2000-v7.0-G-13-50011,2022,0.32331538173458657,0.61429922529571446,0.21624186241434276,0.40434060660427595,12.459353,
RGI2000-v7.0-G-13-50045,2001,0.52256389180404383,0.99287139442768324,0.20911997166369495,0.51840290753994367,17.703254999999999,
RGI2000-v7.0-G-13-50117,2001,0.52982007500456052,1.0066581425086651,0.21042968834699005,0.53714880765181761,13.7490015,
RGI2000-v7.0-G-13-50140,2001,0.52982007500456052,1.0066581425086651,0.21042968834699005,0.53714880765181761,14.697798000000001,
RGI2000-v7.0-G-13-50241,2001,0.59870729976549109,1.1375438695544331,0.16774447091582106,0.53362219073068973,12.503406,
RGI2000-v7.0-G-13-50246,2001,0.59870729976549109,1.1375438695544331,0.16774447091582106,0.53362219073068973,16.111923000000001,
RGI2000-v7.0-G-13-50357,2001,0.60244858302561555,1.1446523077486697,0.19015713356345082,0.43223327073608264,24.991185999999999,
RGI2000-v7.0-G-13-50518,2001,0.34267171593451357,0.65107626027557575,0.19934632521307594,0.27013664601279663,21.187532000000001,
RGI2000-v7.0-G-13-50570,2001,0.3332295960099782,0.63313623241895856,0.19642467733617019,0.26467234714812726,22.951969999999999,
RGI2000-v7.0-G-13-50585,2001,0.3332295960099782,0.63313623241895856,0.19642467733617019,0.26467234714812726,35.401499999999999,
RGI2000-v7.0-G-13-50732,2001,0.430140584950435,0.81726711140582653,0.17845575402586672,0.29816126279094135,20.036375,
RGI2000-v7.0-G-13-50759,2001,0.51661838417887618,0.98157492993986473,0.16474577597451778,0.38570181035467499,26.580552999999998,
RGI2000-v7.0-G-13-50778,2001,0.51661838417887618,0.98157492993986473,0.16474577597451778,0.38570181035467499,16.097812999999999,
RGI2000-v7.0-G-13-50868,2001,0.27818396510030552,0.52854953369058044,0.29155615515213945,0.14213455582197751,20.145879999999998,
RGI2000-v7.0-G-13-50870,2001,0.27818396510030552,0.52854953369058044,0.29155615515213945,0.14213455582197751,19.845434000000001,
RGI2000-v7.0-G-13-50873,2001,0.27818396510030552,0.52854953369058044,0.29155615515213945,0.14213455582197751,16.857396999999999,
RGI2000-v7.0-G-13-50879,2022,0.58379006706595082,1.1092011274253066,0.34810334424600442,0.65997073812230644,20.020985,
RGI2000-v7.0-G-13-51048,2001,0.23551633732678384,0.44748104092088931,0.21868727202555757,0.25649736760530889,23.990331999999999,
RGI2000-v7.0-G-13-51318,2001,0.46404442494253417,0.88168440739081499,0.19188165959875661,0.40316114254515034,19.357695,
RGI2000-v7.0-G-13-51339,2001,0.46404442494253417,0.88168440739081499,0.19188165959875661,0.40316114254515034,20.390574999999998,
RGI2000-v7.0-G-13-51439,2001,0.48343935150374856,0.91853476785712229,0.172171177390289,0.44646583689475017,26.032579999999999,
RGI2000-v7.0-G-13-51677,2001,0.45934653928733304,0.87275842464593278,0.22307208155175465,0.38911414422493029,21.090122000000001,
RGI2000-v7.0-G-13-51730,2001,0.53281128390675514,1.0123414394228347,0.1503432900761727,0.4724966456228622,16.359580000000001,
RGI2000-v7.0-G-13-51759,2001,0.53281128390675514,1.0123414394228347,0.1503432900761727,0.4724966456228622,15.866704,
RGI2000-v7.0-G-13-51792,2001,0.53281128390675514,1.0123414394228347,0.1503432900761727,0.4724966456228622,16.123058,
RGI2000-v7.0-G-13-51816,2001,0.37611451580174698,0.71461758002331921,0.22236695923383248,0.30721805593254264,21.687218000000001,
RGI2000-v7.0-G-13-51863,2001,0.31912290228249285,0.60633351433673643,0.24529507735088205,0.32915119272745291,16.937984,
RGI2000-v7.0-G-13-51895,2001,0.28853078731007198,0.54820849588913678,0.28255975390446048,0.13233084467358161,28.308239,
RGI2000-v7.0-G-13-51964,2001,0.28853078731007198,0.54820849588913678,0.28255975390446048,0.13233084467358161,17.435734,
RGI2000-v7.0-G-13-51965,2001,0.28853078731007198,0.54820849588913678,0.28255975390446048,0.13233084467358161,17.608226999999999,
RGI2000-v7.0-G-13-52013,2001,0.144629944813772,0.27479689514616684,0.27482977383016022,0.13226962362452968,19.779478000000001,
RGI2000-v7.0-G-13-52015,2001,0.144629944813772,0.27479689514616684,0.27482977383016022,0.13226962362452968,20.678370999999999,
RGI2000-v7.0-G-13-52026,2022,0.02264491021072048,0.043025329400368913,0.2230359420028285,0.094683766909349834,11.015183,
RGI2000-v7.0-G-13-52073,2001,0.50209151573880362,0.95397387990372684,0.13976896591402377,0.51340549550731285,11.682753,
RGI2000-v7.0-G-13-52074,2001,0.50209151573880362,0.95397387990372684,0.13976896591402377,0.51340549550731285,12.990052,
RGI2000-v7.0-G-13-52131,2001,0.59368929071298426,1.1280096523546701,0.12481702500851996,0.66379374871705199,13.255639,
RGI2000-v7.0-G-13-52134,2001,0.59669523395843282,1.1337209445210223,0.12245158443914246,0.64741906947264061,4.9701395000000002,
RGI2000-v7.0-G-13-52154,2001,0.55332571413324971,1.0513188568531746,0.12347898492970204,0.57638815627669659,28.886385000000001,
RGI2000-v7.0-G-13-52155,2022,0.48891085583543598,0.92893062608732835,0.12246010499932369,0.55209311448177489,21.029222000000001,
RGI2000-v7.0-G-13-52162,2022,0.48891085583543598,0.92893062608732835,0.12246010499932369,0.55209311448177489,20.619183,
RGI2000-v7.0-G-13-52164,2022,0.48891085583543598,0.92893062608732835,0.12246010499932369,0.55209311448177489,22.615182999999998,
RGI2000-v7.0-G-13-52167,2022,0.46275453235039676,0.87923361146575385,0.11934220355666686,0.50726473939323879,21.690725,
RGI2000-v7.0-G-13-52179,2001,0.59237101300312145,1.1255049247059308,0.12592594933696943,0.66812535736479139,28.598548999999998,
RGI2000-v7.0-G-13-52183,2022,0.37722799786990036,0.71673319595281071,0.11448058320677076,0.40869692690801751,20.976906,
RGI2000-v7.0-G-13-52193,2022,0.37722799786990036,0.71673319595281071,0.11448058320677076,0.40869692690801751,18.413754000000001,
RGI2000-v7.0-G-13-52210,2001,0.54616670527776634,1.037716740027756,0.14921522526202038,0.50783308511765968,23.688707000000001,
RGI2000-v7.0-G-13-52227,2001,0.54616670527776634,1.037716740027756,0.14921522526202038,0.50783308511765968,14.8544445,
RGI2000-v7.0-G-13-52233,2022,0.42791637110026826,0.81304110509050975,0.13495270845405793,0.42263412771176889,7.5517750000000001,
RGI2000-v7.0-G-13-52234,2022,0.42791637110026826,0.81304110509050975,0.13495270845405793,0.42263412771176889,6.1415243000000004,
RGI2000-v7.0-G-13-52244,2022,0.41613442314765153,0.79065540398053791,0.15088652062654376,0.46898029391261764,8.2550290000000004,
RGI2000-v7.0-G-13-52288,2001,0.50215293151058926,0.95409056987011964,0.18920731127009333,0.40773535102480801,15.064755999999999,
RGI2000-v7.0-G-13-52294,2001,0.50215293151058926,0.95409056987011964,0.18920731127009333,0.40773535102480801,19.075199999999999,
RGI2000-v7.0-G-13-52319,2001,0.50215293151058926,0.95409056987011964,0.18920731127009333,0.40773535102480801,21.196020000000001,
RGI2000-v7.0-G-13-52775,2001,0.35830149264647659,0.68077283602830552,0.24685756037606507,0.28491448471636815,27.164556999999999,
RGI2000-v7.0-G-13-52779,2001,0.35830149264647659,0.68077283602830552,0.24685756037606507,0.28491448471636815,24.787659999999999,
RGI2000-v7.0-G-13-52786,2001,0.3597182879922024,0.68346474718518457,0.24727862298439318,0.28579281370428233,18.904606000000001,
RGI2000-v7.0-G-13-52828,2001,0.30978176956547876,0.5885853621744096,0.26505802622705638,0.25786207158339369,19.946566000000001,
RGI2000-v7.0-G-13-52905,2001,0.19940387764196593,0.37886736751973527,0.28305055571702331,0.11301148868697433,18.531510999999998,
RGI2000-v7.0-G-13-52927,2001,0.30978176956547876,0.5885853621744096,0.26505802622705638,0.25786207158339369,13.806844999999999,
RGI2000-v7.0-G-13-52928,2001,0.30978176956547876,0.5885853621744096,0.26505802622705638,0.25786207158339369,14.270578,
RGI2000-v7.0-G-13-52971,2001,0.28182163144071148,0.5354610997373519,0.2064275875995791,0.18207929519064503,23.959205999999998,
RGI2000-v7.0-G-13-52988,2001,0.28182163144071148,0.5354610997373519,0.2064275875995791,0.18207929519064503,24.385760000000001,
RGI2000-v7.0-G-13-53065,2001,0.35464044378444415,0.67381684319044388,0.1828266180027418,0.37352555823436873,24.757784000000001,
RGI2000-v7.0-G-13-53092,2001,0.37566557393541505,0.71376459047728857,0.16843004500173744,0.35485958634065573,26.411724,
RGI2000-v7.0-G-13-53220,2022,0.087557203585513305,0.16635868681247529,0.20567793157755154,0.22620158398709123,24.182645999999998,
RGI2000-v7.0-G-13-53221,2022,0.087557203585513305,0.16635868681247529,0.20567793157755154,0.22620158398709123,19.965510999999999,
RGI2000-v7.0-G-13-53270,2001,0.25506972482981527,0.48463247717664898,0.16050014708151314,0.24083344915489607,25.80104,
RGI2000-v7.0-G-13-53505,2022,0.38783902439590118,0.73689414635221218,0.18559608654592336,0.36325760140514729,14.677887999999999,
RGI2000-v7.0-G-13-53508,2022,0.40265519289787899,0.76504486650597014,0.18100429990409184,0.39691188964578966,12.277373000000001,
RGI2000-v7.0-G-13-53514,2001,0.50215293151058926,0.95409056987011964,0.18920731127009333,0.40773535102480801,11.119491999999999,
RGI2000-v7.0-G-13-53544,2001,0.53168677567998823,1.0102048737919778,0.152583780880231,0.51825780981005209,20.289476000000001,
RGI2000-v7.0-G-13-53563,2001,0.53168677567998823,1.0102048737919778,0.152583780880231,0.51825780981005209,19.883635000000002,
RGI2000-v7.0-G-13-53613,2001,0.50203172927054984,0.95386028561404468,0.1836278256105407,0.51707952450105465,15.2091675,
RGI2000-v7.0-G-13-53615,2022,0.22976557159127414,0.4365545860234209,0.22416282676908483,0.26155304997923656,6.5126594999999998,
RGI2000-v7.0-G-13-53617,2022,0.22976557159127414,0.4365545860234209,0.22416282676908483,0.26155304997923656,8.7410920000000001,
RGI2000-v7.0-G-13-53645,2022,0.35642733858924247,0.67721194331956069,0.13155544474151387,0.35280137262847627,12.527654999999999,
RGI2000-v7.0-G-13-53649,2001,0.53168677567998823,1.0102048737919778,0.152583780880231,0.51825780981005209,21.612089999999998,
RGI2000-v7.0-G-13-53774,2022,0.29093674496930816,0.55277981544168553,0.20790422286073612,0.33370777668448592,12.49771,
RGI2000-v7.0-G-13-58443,2016,0.24236720545065726,0.46049769035624877,0.26550602925442612,0.15215850869418621,17.408674000000001,
RGI2000-v7.0-G-13-58740,2016,0.24140409850210753,0.4586677871540043,0.30527457135536445,0.20898130731654874,12.447787,
RGI2000-v7.0-G-13-58772,2016,0.25784450484506677,0.48990455920562681,0.29491019377901556,0.19050292488895101,14.553781499999999,
RGI2000-v7.0-G-13-58791,2016,0.44301020435629918,0.84171938827696846,0.31047411229178196,0.44886701235073123,13.116253,
RGI2000-v7.0-G-13-58810,2016,0.24140409850210753,0.4586677871540043,0.30527457135536445,0.20898130731654874,15.852074999999999,
RGI2000-v7.0-G-13-59135,2016,0.24140409850210753,0.4586677871540043,0.30527457135536445,0.20898130731654874,12.010657999999999,
RGI2000-v7.0-G-13-59153,2016,0.3018872329331056,0.57358574257290063,0.26943424263703336,0.12832778033600789,11.852767,
RGI2000-v7.0-G-13-59658,2016,0.40236769766881181,0.76449862557074244,0.235773553114906,0.31585720683026569,20.385870000000001,
RGI2000-v7.0-G-13-59664,2016,0.40236769766881181,0.76449862557074244,0.235773553114906,0.31585720683026569,19.545611999999998,
RGI2000-v7.0-G-13-59888,2016,0.23415981412390047,0.44490364683541089,0.26100053360985431,0.20262827962460506,8.395289,
RGI2000-v7.0-G-13-60117,2016,0.87248579895147127,1.6577230180077955,0.30609789568450568,0.66576747503562816,15.161701000000001,
RGI2000-v7.0-G-13-60124,2016,0.90091072285201834,1.7117303734188347,0.30432787679291978,0.70672751694777913,11.710402,
RGI2000-v7.0-G-13-60310,2016,0.7500829455949799,1.4251575966304619,0.26013710038226939,0.55637248435323683,19.034113000000001,
RGI2000-v7.0-G-13-62289,2016,0.39481997277347036,0.7501579482695937,0.21410446610435538,0.38090234810856227,18.075848000000001,
RGI2000-v7.0-G-13-62307,2016,0.39480210705224572,0.75012400339926688,0.21408755189648676,0.38087050647792231,19.511951,
RGI2000-v7.0-G-13-62360,2016,0.46157414898241578,0.87699088306659001,0.18685654030673216,0.37099691902339005,20.386040000000001,
RGI2000-v7.0-G-13-62671,2016,0.58172874244723194,1.1052846106497407,0.26584612296287408,0.53100305705645456,23.893830000000001,
RGI2000-v7.0-G-13-63291,2016,0.35201822434068597,0.66883462624730328,0.57546535554685685,0.40714235495799345,18.325659999999999,
RGI2000-v7.0-G-13-63553,2016,0.21965093923033888,0.41733678453764383,0.6146470170745324,0.078410478312713916,17.213592999999999,
RGI2000-v7.0-G-13-64159,2016,0.19520595053238235,0.37089130601152648,0.44034420633479515,0.063166888009184491,16.02121,
RGI2000-v7.0-G-13-64333,2016,0.18953741836457053,0.36012109489268401,0.33082650749559728,0.14945502677860006,14.8559675,
RGI2000-v7.0-G-13-64353,2016,0.18953741836457053,0.36012109489268401,0.33082650749559728,0.14945502677860006,15.923132000000001,
RGI2000-v7.0-G-13-64410,2016,0.12251640788395023,0.23278117497950543,0.26547246667208535,0.056139645518853018,14.208742000000001,
RGI2000-v7.0-G-13-64411,2016,0.132112874482195,0.25101446151617046,0.27954447103832225,0.0596971893392809,26.747322,
RGI2000-v7.0-G-13-64657,2016,0.023950712172054703,0.045506353126903931,0.43748055179139572,0.036534933596414174,22.167339999999999,
RGI2000-v7.0-G-13-64675,2016,0.1036036741389034,0.19684698086391644,0.44668464808767799,0.090620926801713908,20.526419000000001,
RGI2000-v7.0-G-13-64718,2016,0.22653140989640652,0.43040967880317238,0.44179746479097609,0.16708287798348798,17.413017,
RGI2000-v7.0-G-13-64786,2016,0.023950712172054703,0.045506353126903931,0.43748055179139572,0.036534933596414174,10.987166999999999,
RGI2000-v7.0-G-13-64859,2016,0.033696394295342838,0.064023149161151399,0.42987739601310854,0.040133148862315171,22.918780999999999,
RGI2000-v7.0-G-13-65011,2016,0.27410076510447662,0.52079145369850555,0.49330612608634777,0.18292696930127289,18.567250999999999,
RGI2000-v7.0-G-13-65048,2016,0.27410076510447662,0.52079145369850555,0.49330612608634777,0.18292696930127289,16.778172999999999,
RGI2000-v7.0-G-13-65173,2016,0.27410076510447662,0.52079145369850555,0.49330612608634777,0.18292696930127289,25.973614000000001,
RGI2000-v7.0-G-13-65609,2016,0.5671288553172259,1.0775448251027293,0.24837094344575555,0.53354677940216855,23.890314,
RGI2000-v7.0-G-13-65720,2016,0.34748632732499346,0.66022402191748764,0.29078769709780455,0.31568098365149411,20.942335,
RGI2000-v7.0-G-13-65809,2016,0.40913278496457933,0.77735229143270079,0.22691079277804765,0.31472854275203793,12.717871000000001,
RGI2000-v7.0-G-13-65939,2016,0.62100216895165272,1.17990412100814,0.28660503834874068,0.44089619805933783,13.679812,
RGI2000-v7.0-G-13-66450,2016,0.85135915943722118,1.6175824029307202,0.20524381035376282,0.77334256400504842,24.061122999999998,
RGI2000-v7.0-G-13-66555,2016,0.74894748293231661,1.4230002175714016,0.16860034148145764,0.69196048461668691,16.029437999999999,
RGI2000-v7.0-G-13-66733,2016,0.73029854411629624,1.3875672338209628,0.17571201199995723,0.76028022396714467,14.367311000000001,
RGI2000-v7.0-G-13-66890,2016,0.72879929741601401,1.3847186650904266,0.21081440155901571,0.70824376474824002,14.962806,
RGI2000-v7.0-G-13-67219,2016,0.77470767948181873,1.4719445910154556,0.17904674808831647,0.76841146143965,14.372877000000001,
RGI2000-v7.0-G-13-67932,2016,0.62941755430929192,1.1958933531876548,0.13883769737927884,0.63568010541917963,17.781883000000001,
RGI2000-v7.0-G-17-23680,2007,-0.063629224200894036,-0.12089552598169868,0.1198745981305939,-0.046333165489253744,34.375767000000003,
RGI2000-v7.0-G-17-24686,2007,0.3545373968140012,0.67362105394660232,0.092094644800441522,0.32398580395777266,34.348149999999997,
RGI2000-v7.0-G-17-24691,2007,0.3545373968140012,0.67362105394660232,0.092094644800441522,0.32398580395777266,39.226063000000003,
RGI2000-v7.0-G-17-24694,2007,0.40031914501488419,0.76060637552828003,0.10789153774277871,0.42402996302744422,24.820892000000001,
RGI2000-v7.0-G-17-24735,2007,0.40031914501488419,0.76060637552828003,0.10789153774277871,0.42402996302744422,19.438908000000001,
RGI2000-v7.0-G-17-24851,2007,0.3251449395049128,0.61777538505933438,0.10114310155569409,0.29860149266591562,22.240746000000001,
RGI2000-v7.0-G-17-24852,2007,0.3251449395049128,0.61777538505933438,0.10114310155569409,0.29860149266591562,29.141618999999999,
RGI2000-v7.0-G-17-24868,2007,0.55581867981109645,1.0560554916410831,0.14965505490548633,0.58425227233281296,32.294289999999997,
RGI2000-v7.0-G-17-24917,2007,0.55581867981109645,1.0560554916410831,0.14965505490548633,0.58425227233281296,31.525908000000001,
RGI2000-v7.0-G-17-25037,2007,0.60251633759632706,1.1447810414330215,0.14613985890557324,0.59846808072787128,26.429516,
RGI2000-v7.0-G-17-25074,2007,0.55581867981109645,1.0560554916410831,0.14965505490548633,0.58425227233281296,22.456768,
RGI2000-v7.0-G-17-25190,2007,0.62869958296591244,1.1945292076352336,0.16170355052210758,0.58302700405203234,25.551943000000001,
RGI2000-v7.0-G-17-25212,2007,0.62869958296591244,1.1945292076352336,0.16170355052210758,0.58302700405203234,24.988199999999999,
RGI2000-v7.0-G-17-25231,2007,0.62869958296591244,1.1945292076352336,0.16170355052210758,0.58302700405203234,22.484055000000001,
RGI2000-v7.0-G-17-25532,2007,0.6938089490119802,1.3182370031227624,0.14386925082239371,0.62680629228496587,21.752120000000001,
RGI2000-v7.0-G-17-25549,2007,0.50264811858021297,0.9550314253024047,0.12804087502944972,0.50709847109402839,18.583876,
RGI2000-v7.0-G-17-25684,2007,0.65691492548976527,1.2481383584305539,0.12200524646474982,0.59007289195252599,22.896267000000002,
RGI2000-v7.0-G-17-25692,2007,0.65691492548976527,1.2481383584305539,0.12200524646474982,0.59007289195252599,25.647572,
RGI2000-v7.0-G-17-25867,2007,0.66688694866914766,1.2670852024713806,0.12730354090104698,0.71942877909442671,28.401546,
RGI2000-v7.0-G-17-29314,2007,0.45139017907169837,0.85764134023622685,0.10503070768004691,0.49144783968373285,32.357135999999997,
RGI2000-v7.0-G-17-29328,2007,0.45139017907169837,0.85764134023622685,0.10503070768004691,0.49144783968373285,31.501622999999999,
