year,latitude_tile,longitude_tile,points,hours
1981,17,28,6,8760
1981,17,29,12,8760
1981,17,30,8,8760
1981,18,30,5,8760
1981,18,31,8,8760
1982,17,28,6,8760
1982,17,29,12,8760
1982,17,30,8,8760
1982,18,30,5,8760
1982,18,31,8,8760
1983,17,28,6,8760
1983,17,29,12,8760
1983,17,30,8,8760
1983,18,30,5,8760
1983,18,31,8,8760
1984,17,28,6,8784
1984,17,29,12,8784
1984,17,30,8,8784
1984,18,30,5,8784
1984,18,31,8,8784
1985,17,28,6,8760
1985,17,29,12,8760
1985,17,30,8,8760
1985,18,30,5,8760
1985,18,31,8,8760
1986,17,28,6,8760
1986,17,29,12,8760
1986,17,30,8,8760
1986,18,30,5,8760
1986,18,31,8,8760
1987,17,28,6,8760
1987,17,29,12,8760
1987,17,30,8,8760
1987,18,30,5,8760
1987,18,31,8,8760
1987,41,96,11,8760
1987,43,96,1,8760
1988,17,28,6,8784
1988,17,29,12,8784
1988,17,30,8,8784
1988,18,30,5,8784
1988,18,31,8,8784
1988,41,96,11,8784
1988,43,96,1,8784
1989,17,28,6,8760
1989,17,29,12,8760
1989,17,30,8,8760
1989,18,30,5,8760
1989,18,31,8,8760
1989,41,96,11,8760
1989,43,96,1,8760
1990,17,28,6,8760
1990,17,29,12,8760
1990,17,30,8,8760
1990,18,30,5,8760
1990,18,31,8,8760
1990,41,96,11,8760
1990,43,96,1,8760
1991,17,28,6,8760
1991,17,29,12,8760
1991,17,30,8,8760
1991,18,30,5,8760
1991,18,31,8,8760
1991,41,96,11,8760
1991,43,96,1,8760
1992,17,28,6,8784
1992,17,29,12,8784
1992,17,30,8,8784
1992,18,30,5,8784
1992,18,31,8,8784
1992,41,96,11,8784
1992,43,96,1,8784
1993,9,72,9,8760
1993,9,73,8,8760
1993,17,28,6,8760
1993,17,29,12,8760
1993,17,30,8,8760
1993,18,30,5,8760
1993,18,31,8,8760
1993,41,96,11,8760
1993,43,96,1,8760
1994,9,72,9,8760
1994,9,73,8,8760
1994,17,28,6,8760
1994,17,29,12,8760
1994,17,30,8,8760
1994,18,30,5,8760
1994,18,31,8,8760
1994,41,96,11,8760
1994,43,96,1,8760
1995,9,72,9,8760
1995,9,73,8,8760
1995,17,28,6,8760
1995,17,29,12,8760
1995,17,30,8,8760
1995,18,30,5,8760
1995,18,31,8,8760
1995,41,96,11,8760
1995,43,96,1,8760
1996,9,72,9,8784
1996,9,73,8,8784
1996,17,28,6,8784
1996,17,29,12,8784
1996,17,30,8,8784
1996,18,26,3,8784
1996,18,27,4,8784
1996,18,28,2,8784
1996,18,29,4,8784
1996,18,30,5,8784
1996,18,31,9,8784
1996,19,27,8,8784
1996,19,28,4,8784
1996,19,30,4,8784
1996,19,31,1,8784
1996,20,27,2,8784
1996,20,28,1,8784
1996,20,29,1,8784
1996,20,30,2,8784
1996,41,96,11,8784
1996,43,96,1,8784
1997,9,72,9,8760
1997,9,73,8,8760
1997,16,24,1,8760
1997,17,23,14,8760
1997,17,28,6,8760
1997,17,29,12,8760
1997,17,30,8,8760
1997,18,26,3,8760
1997,18,27,4,8760
1997,18,28,2,8760
1997,18,29,4,8760
1997,18,30,5,8760
1997,18,31,9,8760
1997,19,27,8,8760
1997,19,28,4,8760
1997,19,30,4,8760
1997,19,31,1,8760
1997,20,27,2,8760
1997,20,28,1,8760
1997,20,29,1,8760
1997,20,30,2,8760
1997,41,96,11,8760
1997,43,96,1,8760
1998,9,72,9,8760
1998,9,73,8,8760
1998,16,24,1,8760
1998,17,23,14,8760
1998,17,28,6,8760
1998,17,29,12,8760
1998,17,30,8,8760
1998,18,26,3,8760
1998,18,27,4,8760
1998,18,28,2,8760
1998,18,29,4,8760
1998,18,30,5,8760
1998,18,31,9,8760
1998,19,27,8,8760
1998,19,28,4,8760
1998,19,30,4,8760
1998,19,31,1,8760
1998,20,27,2,8760
1998,20,28,1,8760
1998,20,29,1,8760
1998,20,30,2,8760
1998,41,96,11,8760
1998,43,96,1,8760
1999,9,72,9,8760
1999,9,73,8,8760
1999,16,24,3,8760
1999,17,23,19,8760
1999,17,24,2,8760
1999,17,28,6,8760
1999,17,29,12,8760
1999,17,30,8,8760
1999,18,26,3,8760
1999,18,27,4,8760
1999,18,28,2,8760
1999,18,29,4,8760
1999,18,30,5,8760
1999,18,31,9,8760
1999,19,27,8,8760
1999,19,28,4,8760
1999,19,30,4,8760
1999,19,31,1,8760
1999,20,27,2,8760
1999,20,28,1,8760
1999,20,29,1,8760
1999,20,30,2,8760
1999,41,96,11,8760
1999,43,96,1,8760
2000,9,72,9,8784
2000,9,73,8,8784
2000,16,24,3,8784
2000,17,23,19,8784
2000,17,24,2,8784
2000,17,28,6,8784
2000,17,29,12,8784
2000,17,30,8,8784
2000,18,26,3,8784
2000,18,27,4,8784
2000,18,28,2,8784
2000,18,29,4,8784
2000,18,30,5,8784
2000,18,31,9,8784
2000,19,27,8,8784
2000,19,28,4,8784
2000,19,30,4,8784
2000,19,31,1,8784
2000,20,27,2,8784
2000,20,28,1,8784
2000,20,29,1,8784
2000,20,30,2,8784
2000,41,96,11,8784
2000,43,96,1,8784
2001,9,72,9,8760
2001,9,73,8,8760
2001,16,24,3,8760
2001,17,23,19,8760
2001,17,24,2,8760
2001,18,26,3,8760
2001,18,27,4,8760
2001,18,28,2,8760
2001,18,29,4,8760
2001,18,31,1,8760
2001,19,27,8,8760
2001,19,28,4,8760
2001,19,30,4,8760
2001,19,31,1,8760
2001,20,27,2,8760
2001,20,28,1,8760
2001,20,29,1,8760
2001,20,30,2,8760
2001,41,96,11,8760
2001,43,96,1,8760
2002,9,72,9,8760
2002,9,73,8,8760
2002,16,24,3,8760
2002,17,23,19,8760
2002,17,24,2,8760
2002,17,28,2,8760
2002,17,29,4,8760
2002,17,30,1,8760
2002,18,26,3,8760
2002,18,27,4,8760
2002,18,28,2,8760
2002,18,29,4,8760
2002,18,30,6,8760
2002,18,31,2,8760
2002,19,27,8,8760
2002,19,28,4,8760
2002,19,30,4,8760
2002,19,31,1,8760
2002,20,27,2,8760
2002,20,28,1,8760
2002,20,29,1,8760
2002,20,30,2,8760
2002,41,96,11,8760
2002,43,96,1,8760
2003,9,72,9,8760
2003,9,73,8,8760
2003,16,24,3,8760
2003,17,23,19,8760
2003,17,24,2,8760
2003,17,28,2,8760
2003,17,29,4,8760
2003,17,30,1,8760
2003,18,26,3,8760
2003,18,27,4,8760
2003,18,28,2,8760
2003,18,29,4,8760
2003,18,30,6,8760
2003,18,31,2,8760
2003,19,27,8,8760
2003,19,28,4,8760
2003,19,30,4,8760
2003,19,31,1,8760
2003,20,27,2,8760
2003,20,28,1,8760
2003,20,29,1,8760
2003,20,30,2,8760
2003,41,96,11,8760
2003,43,96,1,8760
2004,9,72,9,8784
2004,9,73,8,8784
2004,16,24,3,8784
2004,17,23,19,8784
2004,17,24,2,8784
2004,17,28,2,8784
2004,17,29,4,8784
2004,17,30,1,8784
2004,18,26,3,8784
2004,18,27,4,8784
2004,18,28,2,8784
2004,18,29,4,8784
2004,18,30,6,8784
2004,18,31,2,8784
2004,19,27,8,8784
2004,19,28,4,8784
2004,19,30,4,8784
2004,19,31,1,8784
2004,20,27,2,8784
2004,20,28,1,8784
2004,20,29,1,8784
2004,20,30,2,8784
2004,41,96,11,8784
2004,43,96,1,8784
2005,9,72,9,8760
2005,9,73,8,8760
2005,16,24,3,8760
2005,17,23,19,8760
2005,17,24,2,8760
2005,17,28,2,8760
2005,17,29,4,8760
2005,17,30,1,8760
2005,18,26,3,8760
2005,18,27,4,8760
2005,18,28,2,8760
2005,18,29,4,8760
2005,18,30,6,8760
2005,18,31,2,8760
2005,19,27,8,8760
2005,19,28,4,8760
2005,19,30,4,8760
2005,19,31,1,8760
2005,20,27,2,8760
2005,20,28,1,8760
2005,20,29,1,8760
2005,20,30,2,8760
2005,41,96,11,8760
2005,43,96,1,8760
2006,9,72,9,8760
2006,9,73,8,8760
2006,16,24,3,8760
2006,17,23,19,8760
2006,17,24,2,8760
2006,17,28,2,8760
2006,17,29,4,8760
2006,17,30,1,8760
2006,18,26,3,8760
2006,18,27,4,8760
2006,18,28,2,8760
2006,18,29,4,8760
2006,18,30,6,8760
2006,18,31,2,8760
2006,19,27,8,8760
2006,19,28,4,8760
2006,19,30,4,8760
2006,19,31,1,8760
2006,20,27,2,8760
2006,20,28,1,8760
2006,20,29,1,8760
2006,20,30,2,8760
2006,41,96,11,8760
2006,43,96,1,8760
2007,9,72,9,8760
2007,9,73,8,8760
2007,16,24,3,8760
2007,17,23,19,8760
2007,17,24,2,8760
2007,17,28,2,8760
2007,17,29,4,8760
2007,17,30,1,8760
2007,18,26,3,8760
2007,18,27,4,8760
2007,18,28,2,8760
2007,18,29,4,8760
2007,18,30,6,8760
2007,18,31,2,8760
2007,19,27,8,8760
2007,19,28,4,8760
2007,19,30,4,8760
2007,19,31,1,8760
2007,20,27,2,8760
2007,20,28,1,8760
2007,20,29,1,8760
2007,20,30,2,8760
2008,9,72,9,8784
2008,9,73,8,8784
2008,16,24,3,8784
2008,17,23,19,8784
2008,17,24,2,8784
2008,17,28,2,8784
2008,17,29,4,8784
2008,17,30,1,8784
2008,18,26,3,8784
2008,18,27,4,8784
2008,18,28,2,8784
2008,18,29,4,8784
2008,18,30,6,8784
2008,18,31,2,8784
2008,19,27,8,8784
2008,19,28,4,8784
2008,19,30,4,8784
2008,19,31,1,8784
2008,20,27,2,8784
2008,20,28,1,8784
2008,20,29,1,8784
2008,20,30,2,8784
2009,9,72,9,8760
2009,9,73,8,8760
2009,16,24,3,8760
2009,17,23,19,8760
2009,17,24,2,8760
2009,17,28,2,8760
2009,17,29,4,8760
2009,17,30,1,8760
2009,18,26,3,8760
2009,18,27,4,8760
2009,18,28,2,8760
2009,18,29,4,8760
2009,18,30,6,8760
2009,18,31,2,8760
2009,19,27,8,8760
2009,19,28,4,8760
2009,19,30,4,8760
2009,19,31,1,8760
2009,20,27,2,8760
2009,20,28,1,8760
2009,20,29,1,8760
2009,20,30,2,8760
2010,9,72,9,8760
2010,9,73,8,8760
2010,16,24,3,8760
2010,17,23,19,8760
2010,17,24,2,8760
2010,17,28,2,8760
2010,17,29,4,8760
2010,17,30,1,8760
2010,18,26,3,8760
2010,18,27,4,8760
2010,18,28,2,8760
2010,18,29,4,8760
2010,18,30,6,8760
2010,18,31,2,8760
2010,19,27,8,8760
2010,19,28,4,8760
2010,19,30,4,8760
2010,19,31,1,8760
2010,20,27,2,8760
2010,20,28,1,8760
2010,20,29,1,8760
2010,20,30,2,8760
2011,9,72,9,8760
2011,9,73,8,8760
2011,16,24,3,8760
2011,17,23,19,8760
2011,17,24,2,8760
2011,17,28,2,8760
2011,17,29,4,8760
2011,17,30,1,8760
2011,18,26,3,8760
2011,18,27,4,8760
2011,18,28,2,8760
2011,18,29,4,8760
2011,18,30,6,8760
2011,18,31,2,8760
2011,19,27,8,8760
2011,19,28,4,8760
2011,19,30,4,8760
2011,19,31,1,8760
2011,20,27,2,8760
2011,20,28,1,8760
2011,20,29,1,8760
2011,20,30,2,8760
2012,9,72,9,8784
2012,9,73,8,8784
2012,16,24,3,8784
2012,17,23,19,8784
2012,17,24,2,8784
2012,17,28,2,8784
2012,17,29,4,8784
2012,17,30,1,8784
2012,18,26,3,8784
2012,18,27,4,8784
2012,18,28,2,8784
2012,18,29,4,8784
2012,18,30,6,8784
2012,18,31,2,8784
2012,19,27,8,8784
2012,19,28,4,8784
2012,19,30,4,8784
2012,19,31,1,8784
2012,20,27,2,8784
2012,20,28,1,8784
2012,20,29,1,8784
2012,20,30,2,8784
2013,16,24,3,8760
2013,17,23,19,8760
2013,17,24,2,8760
2013,17,28,2,8760
2013,17,29,4,8760
2013,17,30,1,8760
2013,18,26,3,8760
2013,18,27,4,8760
2013,18,28,2,8760
2013,18,29,4,8760
2013,18,30,6,8760
2013,18,31,2,8760
2013,19,27,8,8760
2013,19,28,4,8760
2013,19,30,4,8760
2013,19,31,1,8760
2013,20,27,2,8760
2013,20,28,1,8760
2013,20,29,1,8760
2013,20,30,2,8760
2014,16,24,3,8760
2014,17,23,19,8760
2014,17,24,2,8760
2014,17,28,2,8760
2014,17,29,4,8760
2014,17,30,1,8760
2014,18,26,3,8760
2014,18,27,4,8760
2014,18,28,2,8760
2014,18,29,4,8760
2014,18,30,6,8760
2014,18,31,2,8760
2014,19,27,8,8760
2014,19,28,4,8760
2014,19,30,4,8760
2014,19,31,1,8760
2014,20,27,2,8760
2014,20,28,1,8760
2014,20,29,1,8760
2014,20,30,2,8760
2015,16,24,3,8760
2015,17,23,19,8760
2015,17,24,2,8760
2015,17,28,2,8760
2015,17,29,4,8760
2015,17,30,1,8760
2015,18,26,3,8760
2015,18,27,4,8760
2015,18,28,2,8760
2015,18,29,4,8760
2015,18,30,6,8760
2015,18,31,2,8760
2015,19,27,8,8760
2015,19,28,4,8760
2015,19,30,4,8760
2015,19,31,1,8760
2015,20,27,2,8760
2015,20,28,1,8760
2015,20,29,1,8760
2015,20,30,2,8760
2016,16,24,3,8784
2016,17,23,19,8784
2016,17,24,2,8784
2016,17,28,2,8784
2016,17,29,4,8784
2016,17,30,1,8784
2016,18,30,6,8784
2016,18,31,1,8784
2017,16,24,2,8760
2017,17,23,15,8760
2017,17,24,2,8760
2017,17,28,2,8760
2017,17,29,4,8760
2017,17,30,1,8760
2017,18,30,6,8760
2017,18,31,1,8760
2018,16,24,2,8760
2018,17,23,15,8760
2018,17,24,2,8760
2018,17,28,2,8760
2018,17,29,4,8760
2018,17,30,1,8760
2018,18,30,6,8760
2018,18,31,1,8760
2019,17,28,2,8760
2019,17,29,4,8760
2019,17,30,1,8760
2019,18,30,6,8760
2019,18,31,1,8760
2020,17,28,2,8784
2020,17,29,4,8784
2020,17,30,1,8784
2020,18,30,6,8784
2020,18,31,1,8784
2021,17,28,2,8760
2021,17,29,4,8760
2021,17,30,1,8760
2021,18,30,6,8760
2021,18,31,1,8760
