rgi_id,latitude,longitude,intersection_area_m2,weight
RGI2000-v7.0-G-01-13024,61.00,218.00,325900.1699672798,1
RGI2000-v7.0-G-01-13121,60.75,218.50,959959.4023091395,0.9127118004216328
RGI2000-v7.0-G-01-13121,60.75,218.75,91806.77608986909,0.08728819957836706
RGI2000-v7.0-G-01-13173,60.75,219.00,1527420.787223604,1
RGI2000-v7.0-G-01-13781,61.00,219.00,695417.5947433999,1
RGI2000-v7.0-G-01-13786,61.00,219.00,416007.1198344911,1
RGI2000-v7.0-G-01-14039,61.50,218.00,509805.1253136881,1
RGI2000-v7.0-G-01-14085,61.50,217.75,177368.4033831656,0.2894870630816656
RGI2000-v7.0-G-01-14085,61.50,218.00,435330.4906365965,0.7105129369183344
RGI2000-v7.0-G-01-14110,61.50,218.00,769805.9378688056,1
RGI2000-v7.0-G-01-14140,61.75,218.50,1244499.526894282,1
RGI2000-v7.0-G-01-14149,61.50,218.50,620703.9721612409,0.4188497927428532
RGI2000-v7.0-G-01-14149,61.75,218.50,861221.0112475804,0.5811502072571468
RGI2000-v7.0-G-01-14376,61.25,220.25,1445538.76181323,1
RGI2000-v7.0-G-01-14381,61.25,220.25,386166.6522901412,1
RGI2000-v7.0-G-01-14580,60.75,221.50,893712.6005074903,1
RGI2000-v7.0-G-01-14630,60.50,221.50,2082041.976804962,1
RGI2000-v7.0-G-01-16095,61.00,221.00,443377.8250997197,1
RGI2000-v7.0-G-01-16128,61.00,220.75,1020253.764796443,0.8803403215101832
RGI2000-v7.0-G-01-16128,61.00,221.00,138677.3211343307,0.1196596784898168
RGI2000-v7.0-G-01-16157,61.00,220.75,1099664.168783853,1
RGI2000-v7.0-G-01-16185,61.25,220.25,156403.2209260762,0.2790165051367476
RGI2000-v7.0-G-01-16185,61.25,220.50,404148.6390774101,0.7209834948632523
RGI2000-v7.0-G-01-16195,61.25,220.25,601192.5100512132,1
RGI2000-v7.0-G-01-16326,61.00,218.75,1441892.450834076,1
RGI2000-v7.0-G-01-16561,62.25,218.25,533061.3330462724,1
RGI2000-v7.0-G-13-05349,38.25,70.25,501379.4918882484,1
RGI2000-v7.0-G-13-05381,38.50,70.50,142298.1085464498,1
RGI2000-v7.0-G-13-05526,38.75,71.00,343197.1632210833,1
RGI2000-v7.0-G-13-05558,38.75,71.25,186824.3349617349,1
RGI2000-v7.0-G-13-05728,38.75,71.75,455601.1738728246,0.6714066775926011
RGI2000-v7.0-G-13-05728,38.75,72.00,222975.8928707328,0.3285933224073989
RGI2000-v7.0-G-13-06035,38.50,71.25,615646.4540360351,1
RGI2000-v7.0-G-13-06069,38.75,71.25,360262.7291807283,1
RGI2000-v7.0-G-13-06091,38.50,71.25,915858.6836880939,1
RGI2000-v7.0-G-13-06104,38.50,71.00,1466251.141207851,0.7019079476255342
RGI2000-v7.0-G-13-06104,38.75,71.00,622699.6195977405,0.2980920523744658
RGI2000-v7.0-G-13-06341,38.50,72.00,627282.4803428291,1
RGI2000-v7.0-G-13-06828,38.00,71.25,176949.1870951238,1
RGI2000-v7.0-G-13-06914,38.25,71.00,781701.6212503585,1
RGI2000-v7.0-G-13-06917,38.25,71.00,112917.1319267754,1
RGI2000-v7.0-G-13-06918,38.25,71.00,83181.03385672416,1
RGI2000-v7.0-G-13-07259,38.00,71.00,255453.0881627381,1
RGI2000-v7.0-G-13-07291,38.00,71.00,318403.1342467507,1
RGI2000-v7.0-G-13-07295,38.00,71.00,430952.4876484449,1
RGI2000-v7.0-G-13-07351,37.75,70.75,240711.714615297,1
RGI2000-v7.0-G-13-07357,37.75,70.75,216651.7767871877,1
RGI2000-v7.0-G-13-07398,38.00,71.00,90491.77124580689,1
RGI2000-v7.0-G-13-07632,37.75,71.25,186681.3659287489,1
RGI2000-v7.0-G-13-07646,37.50,71.25,283504.392472269,1
RGI2000-v7.0-G-13-07652,37.50,71.25,379820.4627109477,1
RGI2000-v7.0-G-13-07675,37.50,71.25,915766.4411348556,1
RGI2000-v7.0-G-13-07734,38.00,70.75,168536.16556845,1
RGI2000-v7.0-G-13-07737,38.00,70.75,140988.4435342788,1
RGI2000-v7.0-G-13-07818,38.00,71.75,220144.4458004171,1
RGI2000-v7.0-G-13-19031,39.50,73.75,247415.8874069047,1
RGI2000-v7.0-G-13-19076,39.50,73.75,308348.0240552835,1
RGI2000-v7.0-G-13-19104,39.25,72.00,363444.8425786892,1
RGI2000-v7.0-G-13-19136,39.50,72.00,858580.4554829434,1
RGI2000-v7.0-G-13-19189,39.00,71.25,142944.1386988743,1
RGI2000-v7.0-G-13-19294,39.00,71.00,170208.7954642415,1
RGI2000-v7.0-G-13-19302,39.00,71.00,207317.976094672,1
RGI2000-v7.0-G-13-19328,39.00,71.00,306227.1856499853,1
RGI2000-v7.0-G-13-19343,39.00,70.75,271963.3740040911,1
RGI2000-v7.0-G-13-19384,39.00,71.00,103429.8707707548,1
RGI2000-v7.0-G-13-19393,39.00,70.75,113292.7393304869,1
RGI2000-v7.0-G-13-19397,39.00,70.75,127952.0624045101,1
RGI2000-v7.0-G-13-19418,39.00,70.75,633796.8234957559,1
RGI2000-v7.0-G-13-19498,39.00,70.50,400595.4063989714,1
RGI2000-v7.0-G-13-20061,38.00,71.75,114836.3296662476,1
RGI2000-v7.0-G-13-49946,36.75,84.50,1773812.951992285,1
RGI2000-v7.0-G-13-49947,36.75,84.25,355463.6454928976,0.1798178698695524
RGI2000-v7.0-G-13-49947,36.75,84.50,1621334.576790384,0.8201821301304476
RGI2000-v7.0-G-13-49988,36.75,84.50,2045566.612421708,1
RGI2000-v7.0-G-13-50011,36.75,84.75,2373539.324383,1
RGI2000-v7.0-G-13-50045,36.75,85.00,2640056.295600485,0.7714094328257729
RGI2000-v7.0-G-13-50045,36.75,85.25,782323.8092546191,0.2285905671742271
RGI2000-v7.0-G-13-50117,36.75,85.00,1742837.764309878,1
RGI2000-v7.0-G-13-50140,36.75,85.00,4115786.395743103,1
RGI2000-v7.0-G-13-50241,36.75,84.75,3315613.069814062,1
RGI2000-v7.0-G-13-50246,36.75,84.75,3613498.570407573,1
RGI2000-v7.0-G-13-50357,37.25,85.75,6133241.503434739,1
RGI2000-v7.0-G-13-50518,37.25,87.25,607641.4063188481,0.4587660823392881
RGI2000-v7.0-G-13-50518,37.25,87.50,716871.0842742485,0.5412339176607118
RGI2000-v7.0-G-13-50570,37.50,87.50,1662560.244341163,1
RGI2000-v7.0-G-13-50585,37.50,87.50,226802.4448536203,1
RGI2000-v7.0-G-13-50732,37.50,87.75,2231316.211510071,1
RGI2000-v7.0-G-13-50759,37.50,88.00,1517808.268222041,1
RGI2000-v7.0-G-13-50778,37.50,88.00,2014525.038127014,1
RGI2000-v7.0-G-13-50868,37.75,88.25,174807.1955358762,1
RGI2000-v7.0-G-13-50870,37.75,88.25,3233921.936268021,1
RGI2000-v7.0-G-13-50873,37.75,88.25,4133936.075889984,1
RGI2000-v7.0-G-13-50879,37.75,88.25,2192007.000649801,1
RGI2000-v7.0-G-13-51048,38.00,87.50,1063950.519023702,1
RGI2000-v7.0-G-13-51318,38.25,89.25,343481.7402677573,1
RGI2000-v7.0-G-13-51339,38.25,89.25,1984278.042268182,1
RGI2000-v7.0-G-13-51439,38.25,89.50,133282.6777207609,1
RGI2000-v7.0-G-13-51677,36.75,91.00,959877.8299990708,0.6176679539313483
RGI2000-v7.0-G-13-51677,36.75,91.25,594157.5119506232,0.3823320460686516
RGI2000-v7.0-G-13-51730,36.50,91.25,3754725.477858692,1
RGI2000-v7.0-G-13-51759,36.50,91.25,89280.21190801542,1
RGI2000-v7.0-G-13-51792,36.50,91.25,4189501.906760585,1
RGI2000-v7.0-G-13-51816,36.50,91.25,165672.8574031922,0.1226128242275151
RGI2000-v7.0-G-13-51816,36.50,91.50,1185514.169296207,0.8773871757724849
RGI2000-v7.0-G-13-51863,36.25,91.75,1615128.549025303,1
RGI2000-v7.0-G-13-51895,36.25,92.00,261774.1605975323,1
RGI2000-v7.0-G-13-51964,36.25,92.00,2794356.383313093,1
RGI2000-v7.0-G-13-51965,36.25,92.00,4621256.580675547,1
RGI2000-v7.0-G-13-52013,35.75,92.00,1209549.936729302,1
RGI2000-v7.0-G-13-52015,35.75,92.00,2110519.914281549,1
RGI2000-v7.0-G-13-52026,35.75,92.00,3479465.983883313,1
RGI2000-v7.0-G-13-52073,36.00,91.50,1497155.787008492,1
RGI2000-v7.0-G-13-52074,36.00,91.50,2229892.295152985,1
RGI2000-v7.0-G-13-52131,36.00,91.00,4705406.493398969,0.9029882604676305
RGI2000-v7.0-G-13-52131,36.25,91.00,505521.1558289183,0.09701173953236951
RGI2000-v7.0-G-13-52134,36.00,91.00,2828015.038898992,0.6817816201679429
RGI2000-v7.0-G-13-52134,36.25,91.00,1319962.78162713,0.3182183798320572
RGI2000-v7.0-G-13-52154,36.00,90.75,441200.1800761693,1
RGI2000-v7.0-G-13-52155,36.00,90.75,4716374.851631908,1
RGI2000-v7.0-G-13-52162,36.00,90.75,2117483.295836115,1
RGI2000-v7.0-G-13-52164,36.00,90.75,5856099.904000702,1
RGI2000-v7.0-G-13-52167,36.00,90.75,6109433.572551211,0.7657982257839199
RGI2000-v7.0-G-13-52167,36.00,91.00,1868429.742941855,0.2342017742160801
RGI2000-v7.0-G-13-52179,36.00,91.00,329552.839697174,1
RGI2000-v7.0-G-13-52183,36.00,91.00,13759178.8202256,1
RGI2000-v7.0-G-13-52193,36.00,91.00,3196614.245022648,1
RGI2000-v7.0-G-13-52210,35.75,90.75,117871.9814190376,1
RGI2000-v7.0-G-13-52227,35.75,90.75,517266.5025115552,1
RGI2000-v7.0-G-13-52233,35.75,90.75,12691988.14764055,1
RGI2000-v7.0-G-13-52234,35.75,90.75,5606369.44204459,1
RGI2000-v7.0-G-13-52244,35.75,90.50,3588925.992161674,1
RGI2000-v7.0-G-13-52288,36.25,90.25,1968312.901932556,1
RGI2000-v7.0-G-13-52294,36.25,90.25,521275.9963373458,1
RGI2000-v7.0-G-13-52319,36.25,90.25,129164.0546149262,1
RGI2000-v7.0-G-13-52775,35.75,93.00,241390.0502335383,1
RGI2000-v7.0-G-13-52779,35.75,93.00,865837.4733487777,1
RGI2000-v7.0-G-13-52786,35.75,93.00,1871750.177661884,0.9090487250658403
RGI2000-v7.0-G-13-52786,36.00,93.00,187270.5613269061,0.09095127493415969
RGI2000-v7.0-G-13-52828,35.75,93.50,333299.8881469992,1
RGI2000-v7.0-G-13-52905,35.75,93.75,1801159.825218811,1
RGI2000-v7.0-G-13-52927,35.75,93.50,319692.3757190734,1
RGI2000-v7.0-G-13-52928,35.75,93.50,267525.3159152798,1
RGI2000-v7.0-G-13-52971,35.75,94.25,4333311.897557903,1
RGI2000-v7.0-G-13-52988,35.75,94.25,4685280.1176208,1
RGI2000-v7.0-G-13-53065,35.50,94.50,2384057.469472918,1
RGI2000-v7.0-G-13-53092,35.50,94.75,104601.8508622725,1
RGI2000-v7.0-G-13-53220,35.75,94.25,2129810.909428627,1
RGI2000-v7.0-G-13-53221,35.75,94.25,5852729.269235474,1
RGI2000-v7.0-G-13-53270,35.50,95.00,128754.3046406643,1
RGI2000-v7.0-G-13-53505,36.00,90.00,498633.4396827798,0.1890145874036433
RGI2000-v7.0-G-13-53505,36.25,90.00,2139435.116464905,0.8109854125963567
RGI2000-v7.0-G-13-53508,36.00,90.00,5612629.021617033,0.6881032070434107
RGI2000-v7.0-G-13-53508,36.25,90.00,2544038.414555731,0.3118967929565893
RGI2000-v7.0-G-13-53514,36.25,90.25,4156458.483138213,1
RGI2000-v7.0-G-13-53544,36.50,87.50,1556844.991465081,1
RGI2000-v7.0-G-13-53563,36.50,87.50,1212423.587307147,1
RGI2000-v7.0-G-13-53613,36.25,87.25,1216095.050156331,0.989858929121436
RGI2000-v7.0-G-13-53613,36.50,87.25,12458.85220195167,0.01014107087856394
RGI2000-v7.0-G-13-53615,36.25,87.25,19637096.03188003,1
RGI2000-v7.0-G-13-53617,36.25,87.25,4511569.960948284,1
RGI2000-v7.0-G-13-53645,36.50,87.50,3157174.868382191,1
RGI2000-v7.0-G-13-53649,36.50,87.50,208578.6213909106,1
RGI2000-v7.0-G-13-53774,36.25,87.50,2862380.172699078,1
RGI2000-v7.0-G-13-58443,34.50,81.25,1390195.637677286,1
RGI2000-v7.0-G-13-58740,34.25,80.00,10150063.86818895,1
RGI2000-v7.0-G-13-58772,34.25,79.75,729952.89072802,0.2718180282427491
RGI2000-v7.0-G-13-58772,34.25,80.00,1955494.043925373,0.728181971757251
RGI2000-v7.0-G-13-58791,34.50,79.75,3401522.292730902,1
RGI2000-v7.0-G-13-58810,34.25,80.00,1953076.266045108,1
RGI2000-v7.0-G-13-59135,34.25,80.00,9470545.449115565,1
RGI2000-v7.0-G-13-59153,34.25,79.75,4927100.330171466,1
RGI2000-v7.0-G-13-59658,34.00,82.25,4490235.889956793,1
RGI2000-v7.0-G-13-59664,34.00,82.25,3431893.566941381,1
RGI2000-v7.0-G-13-59888,34.75,82.25,7231533.565816008,0.4603853594833207
RGI2000-v7.0-G-13-59888,34.75,82.50,8476032.751956962,0.5396146405166794
RGI2000-v7.0-G-13-60117,33.50,86.50,1701191.469694581,0.4563079269923807
RGI2000-v7.0-G-13-60117,33.50,86.75,2026974.027905873,0.5436920730076192
RGI2000-v7.0-G-13-60124,33.50,86.75,4053736.88117142,1
RGI2000-v7.0-G-13-60310,31.50,86.75,1340985.44601676,1
RGI2000-v7.0-G-13-62289,28.25,90.00,17390359.97221765,0.9997541331662747
RGI2000-v7.0-G-13-62289,28.25,90.25,4276.764258197509,0.0002458668337252084
RGI2000-v7.0-G-13-62307,28.25,90.00,1539901.436374543,1
RGI2000-v7.0-G-13-62360,28.25,89.75,2404548.32253174,1
RGI2000-v7.0-G-13-62671,30.50,86.50,2528819.386773787,1
RGI2000-v7.0-G-13-63291,30.00,85.00,1209932.224043558,1
RGI2000-v7.0-G-13-63553,30.50,84.25,2014165.223462528,1
RGI2000-v7.0-G-13-64159,29.25,83.75,5057965.715420818,1
RGI2000-v7.0-G-13-64333,30.00,82.50,999666.2413940367,1
RGI2000-v7.0-G-13-64353,30.00,82.50,4454508.650653399,1
RGI2000-v7.0-G-13-64410,30.25,82.00,5342028.096846721,0.4239979691856095
RGI2000-v7.0-G-13-64410,30.25,82.25,7257155.118835599,0.5760020308143905
RGI2000-v7.0-G-13-64411,30.25,82.25,883565.4411061443,1
RGI2000-v7.0-G-13-64657,31.00,82.50,1498249.630553071,1
RGI2000-v7.0-G-13-64675,30.75,82.75,441721.6548194415,0.3489047113539869
RGI2000-v7.0-G-13-64675,31.00,82.75,824302.1059525525,0.6510952886460132
RGI2000-v7.0-G-13-64718,30.75,83.00,1920292.783652999,1
RGI2000-v7.0-G-13-64786,31.00,82.50,2143407.561129789,1
RGI2000-v7.0-G-13-64859,31.00,82.25,121572.6023210362,0.0806434872542923
RGI2000-v7.0-G-13-64859,31.00,82.50,1385958.959870496,0.9193565127457077
RGI2000-v7.0-G-13-65011,30.75,83.25,1592277.70484052,1
RGI2000-v7.0-G-13-65048,30.75,83.25,1033546.882157495,1
RGI2000-v7.0-G-13-65173,30.75,83.25,1230333.464864623,1
RGI2000-v7.0-G-13-65609,31.75,85.00,1847008.853727418,1
RGI2000-v7.0-G-13-65720,35.75,88.50,2117459.861771793,1
RGI2000-v7.0-G-13-65809,35.50,89.75,11087629.67957702,0.9261330451344789
RGI2000-v7.0-G-13-65809,35.75,89.75,884332.3811947592,0.07386695486552106
RGI2000-v7.0-G-13-65939,33.75,89.00,1321327.140635995,1
RGI2000-v7.0-G-13-66450,33.00,92.00,1815529.711857556,1
RGI2000-v7.0-G-13-66555,32.75,92.25,1605159.945169034,0.5871185556784642
RGI2000-v7.0-G-13-66555,32.75,92.50,1128802.266797063,0.4128814443215359
RGI2000-v7.0-G-13-66733,32.75,92.75,4128024.495721356,1
RGI2000-v7.0-G-13-66890,32.75,93.25,2716916.956959463,1
RGI2000-v7.0-G-13-67219,32.75,92.50,997823.2077064922,1
RGI2000-v7.0-G-13-67932,33.25,95.25,1079062.95078227,1
RGI2000-v7.0-G-17-23680,-39.75,288.50,195321.716207315,1
RGI2000-v7.0-G-17-24686,-35.00,290.00,447694.1034183325,1
RGI2000-v7.0-G-17-24691,-35.00,290.00,247938.0139662856,1
RGI2000-v7.0-G-17-24694,-35.00,289.75,335576.021450824,1
RGI2000-v7.0-G-17-24735,-35.00,289.75,652082.2970902051,1
RGI2000-v7.0-G-17-24851,-34.75,289.50,177504.1866605423,1
RGI2000-v7.0-G-17-24852,-34.75,289.50,479240.6128411754,1
RGI2000-v7.0-G-17-24868,-34.75,289.75,217709.6480318528,1
RGI2000-v7.0-G-17-24917,-34.75,289.75,683568.6523370912,1
RGI2000-v7.0-G-17-25037,-34.50,289.75,296041.1375320535,1
RGI2000-v7.0-G-17-25074,-34.75,289.75,789717.4360028878,1
RGI2000-v7.0-G-17-25190,-34.50,290.00,209031.9655575759,1
RGI2000-v7.0-G-17-25212,-34.50,290.00,313617.4521595802,1
RGI2000-v7.0-G-17-25231,-34.50,290.00,501567.761280207,1
RGI2000-v7.0-G-17-25532,-34.00,290.00,1464484.720271345,1
RGI2000-v7.0-G-17-25549,-34.00,290.25,438690.9023309017,1
RGI2000-v7.0-G-17-25684,-33.75,290.00,1778796.783760946,1
RGI2000-v7.0-G-17-25692,-33.75,290.00,1293362.343488047,1
RGI2000-v7.0-G-17-25867,-33.25,290.00,486315.8207256098,1
RGI2000-v7.0-G-17-29314,-33.25,289.75,219721.4023501339,1
RGI2000-v7.0-G-17-29328,-33.25,289.75,329117.8159693183,1
