rgi_id,slope_deg,dem_source,rgi_grid_spacing_m,src_date,missing_reason
RGI2000-v7.0-G-01-13024,21.023031,COPDEM30,17.99227350,2010-09-19T00:00:00,
RGI2000-v7.0-G-01-13121,23.0139,COPDEM30,24.35779118,2010-09-12T00:00:00,
RGI2000-v7.0-G-01-13173,20.665711999999999,COPDEM30,27.30242698,2005-08-13T00:00:00,
RGI2000-v7.0-G-01-13781,35.326965000000001,COPDEM30,21.67483863,2005-08-13T00:00:00,
RGI2000-v7.0-G-01-13786,42.894843999999999,COPDEM30,19.02980003,2005-08-13T00:00:00,
RGI2000-v7.0-G-01-14039,28.610014,COPDEM30,19.99608922,2005-08-12T00:00:00,
RGI2000-v7.0-G-01-14085,29.008738000000001,COPDEM30,20.95851540,2010-09-19T00:00:00,
RGI2000-v7.0-G-01-14110,23.957455,COPDEM30,22.28340243,2005-08-12T00:00:00,
RGI2000-v7.0-G-01-14140,26.937225000000002,COPDEM30,25.61800373,2005-08-12T00:00:00,
RGI2000-v7.0-G-01-14149,19.651236000000001,COPDEM30,27.04280570,2005-08-12T00:00:00,
RGI2000-v7.0-G-01-14376,31.75656,COPDEM30,26.83227527,2010-08-04T00:00:00,
RGI2000-v7.0-G-01-14381,30.579977,COPDEM30,18.69991757,2010-08-04T00:00:00,
RGI2000-v7.0-G-01-14580,20.233374000000001,COPDEM30,23.23510603,2010-08-14T00:00:00,
RGI2000-v7.0-G-01-14630,17.442778000000001,COPDEM30,30.20098311,2010-08-14T00:00:00,
RGI2000-v7.0-G-01-16095,22.188744,COPDEM30,19.32207929,2010-08-04T00:00:00,
RGI2000-v7.0-G-01-16128,24.354918000000001,COPDEM30,25.07152373,2010-08-04T00:00:00,
RGI2000-v7.0-G-01-16157,15.05809,COPDEM30,24.68108121,2010-08-04T00:00:00,
RGI2000-v7.0-G-01-16185,23.143476,COPDEM30,20.48180167,2010-08-04T00:00:00,
RGI2000-v7.0-G-01-16195,32.336489999999998,COPDEM30,20.85512899,2010-08-04T00:00:00,
RGI2000-v7.0-G-01-16326,26.092312,COPDEM30,26.81103006,2005-08-12T00:00:00,
RGI2000-v7.0-G-01-16561,18.996715999999999,COPDEM30,20.22154111,2010-09-19T00:00:00,
RGI2000-v7.0-G-13-05349,22.860825999999999,COPDEM30,19.91314185,2002-07-10T00:00:00,
RGI2000-v7.0-G-13-05381,20.741161000000002,COPDEM30,15.28113901,2002-07-10T00:00:00,
RGI2000-v7.0-G-13-05526,25.025112,COPDEM30,18.20162448,2002-07-10T00:00:00,
RGI2000-v7.0-G-13-05558,16.324701000000001,COPDEM30,16.05124530,2002-07-10T00:00:00,
RGI2000-v7.0-G-13-05728,24.002860999999999,COPDEM30,21.53261051,2002-07-10T00:00:00,
RGI2000-v7.0-G-13-06035,19.031258000000001,COPDEM30,20.98483981,2002-07-10T00:00:00,
RGI2000-v7.0-G-13-06069,21.392828000000002,COPDEM30,18.40306457,2002-07-10T00:00:00,
RGI2000-v7.0-G-13-06091,17.713160999999999,COPDEM30,23.39807079,2002-07-10T00:00:00,
RGI2000-v7.0-G-13-06104,16.380231999999999,COPDEM30,30.23448408,2002-07-10T00:00:00,
RGI2000-v7.0-G-13-06341,21.203173,COPDEM30,21.08816342,2002-07-10T00:00:00,
RGI2000-v7.0-G-13-06828,25.272964000000002,COPDEM30,15.88914597,2002-07-10T00:00:00,
RGI2000-v7.0-G-13-06914,11.867900000000001,COPDEM30,22.37794486,2002-07-10T00:00:00,
RGI2000-v7.0-G-13-06917,23.795528000000001,COPDEM30,14.70444023,2002-07-10T00:00:00,
RGI2000-v7.0-G-13-06918,23.921023999999999,COPDEM30,14.03775718,2002-07-10T00:00:00,
RGI2000-v7.0-G-13-07259,19.665635999999999,COPDEM30,17.07593125,2002-07-10T00:00:00,
RGI2000-v7.0-G-13-07291,23.76839,COPDEM30,17.89981101,2002-07-10T00:00:00,
RGI2000-v7.0-G-13-07295,23.449283999999999,COPDEM30,19.19057620,2002-07-10T00:00:00,
RGI2000-v7.0-G-13-07351,25.654070000000001,COPDEM30,16.86873324,2002-07-10T00:00:00,
RGI2000-v7.0-G-13-07357,21.773052,COPDEM30,16.51642137,2002-07-10T00:00:00,
RGI2000-v7.0-G-13-07398,23.423985999999999,COPDEM30,14.21145911,2002-07-10T00:00:00,
RGI2000-v7.0-G-13-07632,24.611742,COPDEM30,16.04892959,2002-07-10T00:00:00,
RGI2000-v7.0-G-13-07646,22.085008999999999,COPDEM30,17.45431837,2002-07-10T00:00:00,
RGI2000-v7.0-G-13-07652,24.491717999999999,COPDEM30,18.62814062,2002-07-10T00:00:00,
RGI2000-v7.0-G-13-07675,16.200430000000001,COPDEM30,23.39739609,2002-07-10T00:00:00,
RGI2000-v7.0-G-13-07734,22.015238,COPDEM30,15.74744176,2002-07-10T00:00:00,
RGI2000-v7.0-G-13-07737,27.526762000000002,COPDEM30,15.25677987,2002-07-10T00:00:00,
RGI2000-v7.0-G-13-07818,28.244299999999999,COPDEM30,16.56873912,2002-07-10T00:00:00,
RGI2000-v7.0-G-13-19031,27.137884,COPDEM30,16.96372840,2002-07-10T00:00:00,
RGI2000-v7.0-G-13-19076,36.175229999999999,COPDEM30,17.77407315,2002-07-10T00:00:00,
RGI2000-v7.0-G-13-19104,21.431719999999999,COPDEM30,18.44009413,2002-07-10T00:00:00,
RGI2000-v7.0-G-13-19136,25.392643,COPDEM30,22.97234644,2002-07-10T00:00:00,
RGI2000-v7.0-G-13-19189,21.132864000000001,COPDEM30,15.29311395,2002-07-10T00:00:00,
RGI2000-v7.0-G-13-19294,26.700348000000002,COPDEM30,15.77589159,2002-07-10T00:00:00,
RGI2000-v7.0-G-13-19302,28.118203999999999,COPDEM30,16.37450596,2002-07-10T00:00:00,
RGI2000-v7.0-G-13-19328,27.310490000000001,COPDEM30,17.74729175,2002-07-10T00:00:00,
RGI2000-v7.0-G-13-19343,22.161629000000001,COPDEM30,17.30101511,2002-07-10T00:00:00,
RGI2000-v7.0-G-13-19384,23.607970999999999,COPDEM30,14.50247202,2002-07-10T00:00:00,
RGI2000-v7.0-G-13-19393,24.034835999999999,COPDEM30,14.71225818,2002-07-10T00:00:00,
RGI2000-v7.0-G-13-19397,29.653465000000001,COPDEM30,15.00785424,2002-07-10T00:00:00,
RGI2000-v7.0-G-13-19418,34.860267999999998,COPDEM30,21.14559018,2002-07-10T00:00:00,
RGI2000-v7.0-G-13-19498,16.899857999999998,COPDEM30,18.86096488,2002-07-10T00:00:00,
RGI2000-v7.0-G-13-20061,30.640847999999998,COPDEM30,14.74425151,2002-07-10T00:00:00,
RGI2000-v7.0-G-13-49946,22.870007999999999,COPDEM30,28.64583968,1996-09-14T00:00:00,
RGI2000-v7.0-G-13-49947,14.060701,COPDEM30,29.68381187,1996-09-14T00:00:00,
RGI2000-v7.0-G-13-49988,17.665937,COPDEM30,30.02326289,1996-09-14T00:00:00,
RGI2000-v7.0-G-13-50011,12.459353,COPDEM30,31.56881313,1996-09-14T00:00:00,
RGI2000-v7.0-G-13-50045,17.703254999999999,COPDEM30,35.89954633,1996-09-14T00:00:00,
RGI2000-v7.0-G-13-50117,13.7490015,COPDEM30,28.48232133,1996-09-14T00:00:00,
RGI2000-v7.0-G-13-50140,14.697798000000001,COPDEM30,38.40236138,1996-09-14T00:00:00,
RGI2000-v7.0-G-13-50241,12.503406,COPDEM30,35.49235495,1996-09-14T00:00:00,
RGI2000-v7.0-G-13-50246,16.111923000000001,COPDEM30,36.61288627,1996-09-14T00:00:00,
RGI2000-v7.0-G-13-50357,24.991185999999999,COPDEM30,44.67153489,2002-07-10T00:00:00,
RGI2000-v7.0-G-13-50518,21.187532000000001,COPDEM30,26.11224524,2002-07-10T00:00:00,
RGI2000-v7.0-G-13-50570,22.951969999999999,COPDEM30,28.05164277,2002-07-10T00:00:00,
RGI2000-v7.0-G-13-50585,35.401499999999999,COPDEM30,16.66732920,2002-07-10T00:00:00,
RGI2000-v7.0-G-13-50732,20.036375,COPDEM30,30.91262717,2002-07-10T00:00:00,
RGI2000-v7.0-G-13-50759,26.580552999999998,COPDEM30,27.24791063,2002-07-10T00:00:00,
RGI2000-v7.0-G-13-50778,16.097812999999999,COPDEM30,29.87075504,2002-07-10T00:00:00,
RGI2000-v7.0-G-13-50868,20.145879999999998,COPDEM30,15.85339302,2002-07-10T00:00:00,
RGI2000-v7.0-G-13-50870,19.845434000000001,COPDEM30,35.17635197,2002-07-10T00:00:00,
RGI2000-v7.0-G-13-50873,16.857396999999999,COPDEM30,38.46491650,2002-07-10T00:00:00,
RGI2000-v7.0-G-13-50879,20.020985,COPDEM30,30.72759929,2002-07-10T00:00:00,
RGI2000-v7.0-G-13-51048,23.990331999999999,COPDEM30,24.44071675,2002-07-10T00:00:00,
RGI2000-v7.0-G-13-51318,19.357695,COPDEM30,18.20502423,2002-07-10T00:00:00,
RGI2000-v7.0-G-13-51339,20.390574999999998,COPDEM30,29.72101669,2002-07-10T00:00:00,
RGI2000-v7.0-G-13-51439,26.032579999999999,COPDEM30,15.11110587,2002-07-10T00:00:00,
RGI2000-v7.0-G-13-51677,21.090122000000001,COPDEM30,27.45253361,2002-08-26T00:00:00,
RGI2000-v7.0-G-13-51730,16.359580000000001,COPDEM30,37.12795966,2002-08-26T00:00:00,
RGI2000-v7.0-G-13-51759,15.866704,COPDEM30,14.18317136,2002-08-26T00:00:00,
RGI2000-v7.0-G-13-51792,16.123058,COPDEM30,38.65558174,2002-08-26T00:00:00,
RGI2000-v7.0-G-13-51816,21.687218000000001,COPDEM30,26.27367987,2002-08-26T00:00:00,
RGI2000-v7.0-G-13-51863,16.937984,COPDEM30,27.79227682,2002-07-26T00:00:00,
RGI2000-v7.0-G-13-51895,28.308239,COPDEM30,17.16294219,2002-07-26T00:00:00,
RGI2000-v7.0-G-13-51964,17.435734,COPDEM30,33.40285931,2002-07-26T00:00:00,
RGI2000-v7.0-G-13-51965,17.608226999999999,COPDEM30,40.09595017,2002-07-26T00:00:00,
RGI2000-v7.0-G-13-52013,19.779478000000001,COPDEM30,25.39713542,2002-08-27T00:00:00,
RGI2000-v7.0-G-13-52015,20.678370999999999,COPDEM30,30.33867953,2002-08-27T00:00:00,
RGI2000-v7.0-G-13-52026,11.015183,COPDEM30,36.11465787,2002-08-27T00:00:00,
RGI2000-v7.0-G-13-52073,11.682753,COPDEM30,27.13016443,2002-08-27T00:00:00,
RGI2000-v7.0-G-13-52074,12.990052,COPDEM30,30.90595387,2002-08-27T00:00:00,
RGI2000-v7.0-G-13-52131,13.255639,COPDEM30,41.95843897,2002-08-26T00:00:00,
RGI2000-v7.0-G-13-52134,4.9701395000000002,COPDEM30,38.51321889,2002-08-26T00:00:00,
RGI2000-v7.0-G-13-52154,28.886385000000001,COPDEM30,19.29920636,2002-08-26T00:00:00,
RGI2000-v7.0-G-13-52155,21.029222000000001,COPDEM30,40.40410281,2002-08-26T00:00:00,
RGI2000-v7.0-G-13-52162,20.619183,COPDEM30,30.37220487,2002-08-26T00:00:00,
RGI2000-v7.0-G-13-52164,22.615182999999998,COPDEM30,43.87913083,2002-08-26T00:00:00,
RGI2000-v7.0-G-13-52167,21.690725,COPDEM30,49.54315591,2002-08-26T00:00:00,
RGI2000-v7.0-G-13-52179,28.598548999999998,COPDEM30,18.03693693,2002-08-26T00:00:00,
RGI2000-v7.0-G-13-52183,20.976906,COPDEM90,61.93071365,2002-08-26T00:00:00,
RGI2000-v7.0-G-13-52193,18.413754000000001,COPDEM30,35.03070947,2002-08-26T00:00:00,
RGI2000-v7.0-G-13-52210,23.688707000000001,COPDEM30,14.80654843,2002-08-26T00:00:00,
RGI2000-v7.0-G-13-52227,14.8544445,COPDEM30,20.06897387,2002-08-26T00:00:00,
RGI2000-v7.0-G-13-52233,7.5517750000000001,COPDEM30,59.87614142,2002-08-26T00:00:00,
RGI2000-v7.0-G-13-52234,6.1415243000000004,COPDEM30,43.14888183,2002-08-26T00:00:00,
RGI2000-v7.0-G-13-52244,8.2550290000000004,COPDEM30,36.52224531,2002-08-26T00:00:00,
RGI2000-v7.0-G-13-52288,15.064755999999999,COPDEM30,29.64152051,2002-08-26T00:00:00,
RGI2000-v7.0-G-13-52294,19.075199999999999,COPDEM30,20.10792255,2002-08-26T00:00:00,
RGI2000-v7.0-G-13-52319,21.196020000000001,COPDEM30,15.03151613,2002-07-10T00:00:00,
RGI2000-v7.0-G-13-52775,27.164556999999999,COPDEM30,16.87840541,2000-08-30T00:00:00,
RGI2000-v7.0-G-13-52779,24.787659999999999,COPDEM30,23.02705556,2000-08-30T00:00:00,
RGI2000-v7.0-G-13-52786,18.904606000000001,COPDEM30,30.08900275,2000-08-30T00:00:00,
RGI2000-v7.0-G-13-52828,19.946566000000001,COPDEM30,18.08249886,2000-08-30T00:00:00,
RGI2000-v7.0-G-13-52905,18.531510999999998,COPDEM30,28.78902105,2000-08-30T00:00:00,
RGI2000-v7.0-G-13-52927,13.806844999999999,COPDEM30,17.91578855,2000-08-30T00:00:00,
RGI2000-v7.0-G-13-52928,14.270578,COPDEM30,17.24119895,2000-08-30T00:00:00,
RGI2000-v7.0-G-13-52971,23.959205999999998,COPDEM30,39.14325259,1995-06-07T00:00:00,
RGI2000-v7.0-G-13-52988,24.385760000000001,COPDEM30,40.30370999,1995-06-07T00:00:00,
RGI2000-v7.0-G-13-53065,24.757784000000001,COPDEM30,31.61654975,1995-06-07T00:00:00,
RGI2000-v7.0-G-13-53092,26.411724,COPDEM30,14.52790997,1995-06-07T00:00:00,
RGI2000-v7.0-G-13-53220,24.182645999999998,COPDEM30,30.43142083,1995-06-07T00:00:00,
RGI2000-v7.0-G-13-53221,19.965510999999999,COPDEM30,43.86938062,1995-06-07T00:00:00,
RGI2000-v7.0-G-13-53270,25.80104,COPDEM30,15.02352913,1995-06-07T00:00:00,
RGI2000-v7.0-G-13-53505,14.677887999999999,COPDEM30,32.73898506,2002-07-10T00:00:00,
RGI2000-v7.0-G-13-53508,12.277373000000001,COPDEM30,49.98382987,2002-07-10T00:00:00,
RGI2000-v7.0-G-13-53514,11.119491999999999,COPDEM30,38.54235541,2002-07-10T00:00:00,
RGI2000-v7.0-G-13-53544,20.289476000000001,COPDEM30,27.46830326,2002-07-10T00:00:00,
RGI2000-v7.0-G-13-53563,19.883635000000002,COPDEM30,25.41541616,2002-07-10T00:00:00,
RGI2000-v7.0-G-13-53613,15.2091675,COPDEM30,25.51762111,2002-07-10T00:00:00,
RGI2000-v7.0-G-13-53615,6.5126594999999998,COPDEM90,72.03926841,2002-07-10T00:00:00,
RGI2000-v7.0-G-13-53617,8.7410920000000001,COPDEM30,39.73663918,2002-07-10T00:00:00,
RGI2000-v7.0-G-13-53645,12.527654999999999,COPDEM30,34.87581678,2002-07-10T00:00:00,
RGI2000-v7.0-G-13-53649,21.612089999999998,COPDEM30,16.39385718,2002-07-10T00:00:00,
RGI2000-v7.0-G-13-53774,12.49771,COPDEM30,33.68599829,2002-07-10T00:00:00,
RGI2000-v7.0-G-13-58443,17.408674000000001,COPDEM30,26.50692511,1994-09-23T00:00:00,
RGI2000-v7.0-G-13-58740,12.447787,COPDEM30,54.60282812,1994-09-30T00:00:00,
RGI2000-v7.0-G-13-58772,14.553781499999999,COPDEM30,32.94226629,1994-09-30T00:00:00,
RGI2000-v7.0-G-13-58791,13.116253,COPDEM30,35.82050396,1994-09-30T00:00:00,
RGI2000-v7.0-G-13-58810,15.852074999999999,COPDEM30,29.56535032,1998-08-24T00:00:00,
RGI2000-v7.0-G-13-59135,12.010657999999999,COPDEM30,53.08394978,1998-08-24T00:00:00,
RGI2000-v7.0-G-13-59153,11.852767,COPDEM30,41.07590096,1994-09-30T00:00:00,
RGI2000-v7.0-G-13-59658,20.385870000000001,COPDEM30,39.66624846,1994-09-16T00:00:00,
RGI2000-v7.0-G-13-59664,19.545611999999998,COPDEM30,35.93551887,1994-09-16T00:00:00,
RGI2000-v7.0-G-13-59888,8.395289,COPDEM90,65.48588114,1994-09-16T00:00:00,
RGI2000-v7.0-G-13-60117,15.161701000000001,COPDEM30,37.03184169,1996-07-30T00:00:00,
RGI2000-v7.0-G-13-60124,11.710402,COPDEM30,38.18744974,1996-07-30T00:00:00,
RGI2000-v7.0-G-13-60310,19.034113000000001,COPDEM30,26.21212976,1996-05-27T00:00:00,
RGI2000-v7.0-G-13-62289,18.075848000000001,COPDEM90,68.38963035,2006-06-19T00:00:00,
RGI2000-v7.0-G-13-62307,19.511951,COPDEM30,27.37298699,2006-06-19T00:00:00,
RGI2000-v7.0-G-13-62360,20.386040000000001,COPDEM30,31.70924851,1999-09-20T00:00:00,
RGI2000-v7.0-G-13-62671,23.893830000000001,COPDEM30,32.26316710,2004-05-17T00:00:00,
RGI2000-v7.0-G-13-63291,18.325659999999999,COPDEM30,25.39956862,2002-07-10T00:00:00,
RGI2000-v7.0-G-13-63553,17.213592999999999,COPDEM30,29.86898024,2002-07-10T00:00:00,
RGI2000-v7.0-G-13-64159,16.02121,COPDEM30,41.48588994,2001-09-29T00:00:00,
RGI2000-v7.0-G-13-64333,14.8559675,COPDEM30,23.99766353,1994-09-09T00:00:00,
RGI2000-v7.0-G-13-64353,15.923132000000001,COPDEM30,39.54798965,1994-09-09T00:00:00,
RGI2000-v7.0-G-13-64410,14.208742000000001,COPDEM30,59.69345941,1999-07-13T00:00:00,
RGI2000-v7.0-G-13-64411,26.747322,COPDEM30,23.15974252,1999-07-13T00:00:00,
RGI2000-v7.0-G-13-64657,22.167339999999999,COPDEM30,27.13642117,1999-07-13T00:00:00,
RGI2000-v7.0-G-13-64675,20.526419000000001,COPDEM30,25.75248096,1999-07-13T00:00:00,
RGI2000-v7.0-G-13-64718,17.413017,COPDEM30,29.40044792,1999-07-13T00:00:00,
RGI2000-v7.0-G-13-64786,10.987166999999999,COPDEM30,30.49653313,1999-07-13T00:00:00,
RGI2000-v7.0-G-13-64859,22.918780999999999,COPDEM30,27.18942074,2002-07-10T00:00:00,
RGI2000-v7.0-G-13-65011,18.567250999999999,COPDEM30,27.66596796,2002-07-10T00:00:00,
RGI2000-v7.0-G-13-65048,16.778172999999999,COPDEM30,24.23289094,2002-07-10T00:00:00,
RGI2000-v7.0-G-13-65173,25.973614000000001,COPDEM30,25.52885567,1999-07-13T00:00:00,
RGI2000-v7.0-G-13-65609,23.890314,COPDEM30,29.02665844,1994-07-16T00:00:00,
RGI2000-v7.0-G-13-65720,20.942335,COPDEM30,30.37209199,2002-07-10T00:00:00,
RGI2000-v7.0-G-13-65809,12.717871000000001,COPDEM30,58.44073849,2002-07-10T00:00:00,
RGI2000-v7.0-G-13-65939,13.679812,COPDEM30,26.09285927,2004-09-15T00:00:00,
RGI2000-v7.0-G-13-66450,24.061122999999998,COPDEM30,28.86382480,1994-08-05T00:00:00,
RGI2000-v7.0-G-13-66555,16.029437999999999,COPDEM30,33.14857623,2000-08-30T00:00:00,
RGI2000-v7.0-G-13-66733,14.367311000000001,COPDEM30,38.44455638,2000-08-30T00:00:00,
RGI2000-v7.0-G-13-66890,14.962806,COPDEM30,33.07630235,2000-08-30T00:00:00,
RGI2000-v7.0-G-13-67219,14.372877000000001,COPDEM30,23.98475417,2000-08-30T00:00:00,
RGI2000-v7.0-G-13-67932,17.781883000000001,COPDEM30,24.54291339,1999-07-21T00:00:00,
RGI2000-v7.0-G-17-23680,34.375767000000003,COPDEM30,16.18733045,2008-05-03T00:00:00,
RGI2000-v7.0-G-17-24686,34.348149999999997,COPDEM30,19.36739253,2011-08-04T00:00:00,
RGI2000-v7.0-G-17-24691,39.226063000000003,COPDEM30,16.97107160,2011-08-04T00:00:00,
RGI2000-v7.0-G-17-24694,24.820892000000001,COPDEM30,18.11004939,2011-08-04T00:00:00,
RGI2000-v7.0-G-17-24735,19.438908000000001,COPDEM30,21.30522594,2011-08-04T00:00:00,
RGI2000-v7.0-G-17-24851,22.240746000000001,COPDEM30,15.89837442,2003-03-17T00:00:00,
RGI2000-v7.0-G-17-24852,29.141618999999999,COPDEM30,19.69180883,2003-03-17T00:00:00,
RGI2000-v7.0-G-17-24868,32.294289999999997,COPDEM30,16.53231142,2003-03-17T00:00:00,
RGI2000-v7.0-G-17-24917,31.525908000000001,COPDEM30,21.57494980,2003-03-17T00:00:00,
RGI2000-v7.0-G-17-25037,26.429516,COPDEM30,17.61735277,2003-03-17T00:00:00,
RGI2000-v7.0-G-17-25074,22.456768,COPDEM30,22.44124579,2011-08-04T00:00:00,
RGI2000-v7.0-G-17-25190,25.551943000000001,COPDEM30,16.40080219,2011-08-04T00:00:00,
RGI2000-v7.0-G-17-25212,24.988199999999999,COPDEM30,17.84021800,2011-08-04T00:00:00,
RGI2000-v7.0-G-17-25231,22.484055000000001,COPDEM30,19.91500318,2011-08-04T00:00:00,
RGI2000-v7.0-G-17-25532,21.752120000000001,COPDEM30,26.94222575,2003-03-17T00:00:00,
RGI2000-v7.0-G-17-25549,18.583876,COPDEM30,19.27272446,2011-08-04T00:00:00,
RGI2000-v7.0-G-17-25684,22.896267000000002,COPDEM30,28.67201353,2003-03-24T00:00:00,
RGI2000-v7.0-G-17-25692,25.647572,COPDEM30,25.92165223,2003-03-24T00:00:00,
RGI2000-v7.0-G-17-25867,28.401546,COPDEM30,19.76308877,2003-03-24T00:00:00,
RGI2000-v7.0-G-17-29314,32.357135999999997,COPDEM30,16.56242296,2003-03-24T00:00:00,
RGI2000-v7.0-G-17-29328,31.501622999999999,COPDEM30,18.03163112,2003-03-24T00:00:00,
