candidate_id,window,onset_role,coordinate_uncertainty_class,quantization_gap_seconds,dependence_component,component_representative,old_pilot_overlap,onset_event_mean_t2m_k,onset_warm_state_anomaly_k,onset_warm_state_rank,onset_theil_sen_k_per_decade,onset_fitted_change_1991_to_event_k,onset_linear_trend_residual_rank,calendar_event_mean_t2m_k,calendar_warm_state_anomaly_k,calendar_warm_state_rank,calendar_theil_sen_k_per_decade,calendar_fitted_change_1991_to_event_k,calendar_linear_trend_residual_rank,delta_time_warm_state_rank,delta_time_linear_trend_residual_rank,onset_four_cell_warm_rank_min,onset_four_cell_warm_rank_max,onset_four_cell_warm_rank_range,onset_four_cell_residual_rank_min,onset_four_cell_residual_rank_max,onset_four_cell_residual_rank_range
aysen-2007-punta-cola,2d,trigger_proxy,le_1_km,3226.3099999999999,aysen-2007-punta-cola,True,False,278.42013549804688,-0.41748046875,0.37931034482758619,0.20743630149147729,0.33189808238636365,0.41379310344827586,278.01846313476562,-1.229248046875,0.20689655172413793,0.33203125,0.53125,0.20689655172413793,0.17241379310344826,0.20689655172413793,0.27586206896551724,0.37931034482758619,0.10344827586206895,0.34482758620689657,0.41379310344827586,0.068965517241379282
aysen-2007-punta-cola,30d,trigger_proxy,le_1_km,3226.3099999999999,aysen-2007-punta-cola,True,False,280.02322387695312,-0.623748779296875,0.34482758620689657,0.24117606026785715,0.38588169642857145,0.2413793103448276,280.06906127929688,-0.66015625,0.34482758620689657,0.25058144017269735,0.40093030427631576,0.2413793103448276,0,0,0.31034482758620691,0.34482758620689657,0.034482758620689669,0.2413793103448276,0.31034482758620691,0.068965517241379309
aysen-2007-punta-cola,7d,trigger_proxy,le_1_km,3226.3099999999999,aysen-2007-punta-cola,True,False,278.37384033203125,-1.05389404296875,0.2413793103448276,0.41568879158266131,0.66510206653225812,0.20689655172413793,278.17926025390625,-1.256988525390625,0.13793103448275862,0.42730712890625,0.68369140625000002,0.17241379310344829,0.10344827586206898,0.034482758620689641,0.20689655172413793,0.34482758620689657,0.13793103448275865,0.17241379310344829,0.37931034482758619,0.2068965517241379
bukadaban-2022,2d,source_failure,le_5_km,3420,bukadaban-2022,True,True,258.81854248046875,2.0505218505859375,0.69999999999999996,0.51519954905790444,1.5971186020795036,0.59999999999999998,258.47683715820312,1.7147369384765625,0.66666666666666663,0.55995941162109375,1.7358741760253906,0.56666666666666665,0.033333333333333326,0.033333333333333326,0.53333333333333333,0.76666666666666672,0.23333333333333339,0.43333333333333335,0.76666666666666672,0.33333333333333337
bukadaban-2022,30d,source_failure,le_5_km,3420,bukadaban-2022,True,True,260.1915283203125,-0.1349334716796875,0.43333333333333335,0.73366605318509603,2.2743647648737979,0.083333333333333329,260.2261962890625,-0.150054931640625,0.43333333333333335,0.73982932350852282,2.2934709028764209,0.066666666666666666,0,0.016666666666666663,0.43333333333333335,0.59999999999999998,0.16666666666666663,0.066666666666666666,0.23333333333333334,0.16666666666666669
bukadaban-2022,7d,source_failure,le_5_km,3420,bukadaban-2022,True,True,258.17575073242188,0.916961669921875,0.66666666666666663,0.45580741686698723,1.4130029922876604,0.53333333333333333,258.00912475585938,0.7501220703125,0.66666666666666663,0.43092398807920257,1.335864363045528,0.43333333333333335,0,0.099999999999999978,0.36666666666666664,0.66666666666666663,0.29999999999999999,0.33333333333333331,0.53333333333333333,0.20000000000000001
denali-black-rapids-e-2002,2d,trigger_proxy,le_1_km,761.51800000000003,denali-black-rapids-e-2002,True,False,269.08935546875,9.394439697265625,1,0.25831742720170459,0.284149169921875,1,267.74356079101562,7.853546142578125,0.96551724137931039,0.41072172277113966,0.45179389504825362,0.96551724137931039,0.034482758620689613,0.034482758620689613,0.96551724137931039,1,0.034482758620689613,0.96551724137931039,1,0.034482758620689613
denali-black-rapids-e-2002,30d,trigger_proxy,le_1_km,761.51800000000003,denali-black-rapids-e-2002,True,False,269.13031005859375,6.10406494140625,1,0.49434661865234375,0.54378128051757812,1,268.9581298828125,5.65478515625,1,0.509033203125,0.5599365234375,1,0,0,1,1,0,1,1,0
denali-black-rapids-e-2002,7d,trigger_proxy,le_1_km,761.51800000000003,denali-black-rapids-e-2002,True,False,269.42025756835938,10.350372314453125,1,0.34072383757560487,0.37479622133316531,1,269.184326171875,9.46856689453125,1,0.45671251085069448,0.50238376193576395,1,0,0,0.96551724137931039,1,0.034482758620689613,1,1,0
denali-black-rapids-m-2002,2d,trigger_proxy,le_1_km,761.51800000000003,denali-black-rapids-e-2002,False,False,269.08935546875,9.394439697265625,1,0.25831742720170459,0.284149169921875,1,267.74356079101562,7.853546142578125,0.96551724137931039,0.41072172277113966,0.45179389504825362,0.96551724137931039,0.034482758620689613,0.034482758620689613,0.96551724137931039,1,0.034482758620689613,0.96551724137931039,1,0.034482758620689613
denali-black-rapids-m-2002,30d,trigger_proxy,le_1_km,761.51800000000003,denali-black-rapids-e-2002,False,False,269.13031005859375,6.10406494140625,1,0.49434661865234375,0.54378128051757812,1,268.9581298828125,5.65478515625,1,0.509033203125,0.5599365234375,1,0,0,1,1,0,1,1,0
denali-black-rapids-m-2002,7d,trigger_proxy,le_1_km,761.51800000000003,denali-black-rapids-e-2002,False,False,269.42025756835938,10.350372314453125,1,0.34072383757560487,0.37479622133316531,1,269.184326171875,9.46856689453125,1,0.45671251085069448,0.50238376193576395,1,0,0,0.96551724137931039,1,0.034482758620689613,1,1,0
denali-black-rapids-w-2002,2d,trigger_proxy,le_1_km,761.51800000000003,denali-black-rapids-e-2002,False,False,269.09609985351562,9.1575927734375,1,0.22716869007457385,0.24988555908203125,1,267.56002807617188,8.0587158203125,0.96551724137931039,0.3642926897321429,0.40072195870535715,0.96551724137931039,0.034482758620689613,0.034482758620689613,0.96551724137931039,1,0.034482758620689613,0.96551724137931039,1,0.034482758620689613
denali-black-rapids-w-2002,30d,trigger_proxy,le_1_km,761.51800000000003,denali-black-rapids-e-2002,False,False,269.02706909179688,6.2320556640625,1,0.47397960316051141,0.5213775634765625,1,268.8426513671875,5.69049072265625,1,0.49435206821986605,0.54378727504185265,1,0,0,1,1,0,1,1,0
denali-black-rapids-w-2002,7d,trigger_proxy,le_1_km,761.51800000000003,denali-black-rapids-e-2002,False,False,269.39108276367188,10.414520263671875,1,0.42341561153017243,0.46575717268318967,1,269.13705444335938,9.447998046875,1,0.42521757238051466,0.46773932961856612,1,0,0,1,1,0,1,1,0
denali-mcginnis-n-2002,2d,trigger_proxy,le_1_km,761.51800000000003,denali-black-rapids-e-2002,False,False,267.6829833984375,6.961212158203125,0.96551724137931039,-0.10206742720170454,-0.112274169921875,0.96551724137931039,265.92178344726562,6.90289306640625,0.89655172413793105,0.26142261646412041,0.28756487811053244,0.89655172413793105,0.068965517241379337,0.068965517241379337,0.96551724137931039,0.96551724137931039,0,0.96551724137931039,0.96551724137931039,0
denali-mcginnis-n-2002,30d,trigger_proxy,le_1_km,761.51800000000003,denali-black-rapids-e-2002,False,False,268.56314086914062,6.639862060546875,1,0.15179802389705882,0.16697782628676472,1,268.40719604492188,6.088409423828125,1,0.17081425107758622,0.18789567618534483,1,0,0,0.96551724137931039,1,0.034482758620689613,1,1,0
denali-mcginnis-n-2002,7d,trigger_proxy,le_1_km,761.51800000000003,denali-black-rapids-e-2002,False,False,268.684326171875,10.216796875,1,0.078848379629629636,0.086733217592592601,1,268.58071899414062,10.220550537109375,1,0.07361019358915441,0.080971212948069859,1,0,0,1,1,0,1,1,0
denali-mcginnis-s-2002,2d,trigger_proxy,le_1_km,761.51800000000003,denali-black-rapids-e-2002,False,False,267.6829833984375,6.961212158203125,0.96551724137931039,-0.10206742720170454,-0.112274169921875,0.96551724137931039,265.92178344726562,6.90289306640625,0.89655172413793105,0.26142261646412041,0.28756487811053244,0.89655172413793105,0.068965517241379337,0.068965517241379337,0.96551724137931039,0.96551724137931039,0,0.96551724137931039,0.96551724137931039,0
denali-mcginnis-s-2002,30d,trigger_proxy,le_1_km,761.51800000000003,denali-black-rapids-e-2002,False,False,268.56314086914062,6.639862060546875,1,0.15179802389705882,0.16697782628676472,1,268.40719604492188,6.088409423828125,1,0.17081425107758622,0.18789567618534483,1,0,0,0.96551724137931039,1,0.034482758620689613,1,1,0
denali-mcginnis-s-2002,7d,trigger_proxy,le_1_km,761.51800000000003,denali-black-rapids-e-2002,False,False,268.684326171875,10.216796875,1,0.078848379629629636,0.086733217592592601,1,268.58071899414062,10.220550537109375,1,0.07361019358915441,0.080971212948069859,1,0,0,1,1,0,1,1,0
dickson-2023,2d,source_failure,le_1_km,2103,dickson-2023,True,True,257.33544921875,-1.91461181640625,0.33333333333333331,0.708160400390625,2.26611328125,0.26666666666666666,257.66177368164062,-1.764312744140625,0.33333333333333331,0.72562240972751524,2.3219917111280486,0.23333333333333334,0,0.033333333333333326,0.33333333333333331,0.40000000000000002,0.066666666666666707,0.23333333333333334,0.26666666666666666,0.033333333333333326
dickson-2023,30d,source_failure,le_1_km,2103,dickson-2023,True,True,265.88079833984375,2.667816162109375,0.93333333333333335,0.73811170789930558,2.3619574652777779,0.83333333333333337,266.0430908203125,2.690155029296875,0.93333333333333335,0.7296316964285714,2.3348214285714284,0.83333333333333337,0,0,0.90000000000000002,0.96666666666666667,0.066666666666666652,0.83333333333333337,0.84999999999999998,0.016666666666666607
dickson-2023,7d,source_failure,le_1_km,2103,dickson-2023,True,True,259.56475830078125,-0.686553955078125,0.40000000000000002,0.92493230646306823,2.9597833806818183,0.23333333333333334,260.098876953125,-0.29742431640625,0.43333333333333335,0.8782087053571429,2.8102678571428572,0.26666666666666666,-0.033333333333333326,-0.033333333333333326,0.40000000000000002,0.5,0.099999999999999978,0.23333333333333334,0.23333333333333334,0
hillary-2014,2d,source_failure,le_1_km,1920,hillary-2014,True,True,273.00253295898438,2.53717041015625,0.82758620689655171,0.44894131747159088,1.0325650301846589,0.82758620689655171,273.80203247070312,3.40618896484375,0.86206896551724133,0.44867515563964844,1.0319528579711914,0.82758620689655171,-0.034482758620689613,0,0.82758620689655171,0.86206896551724133,0.034482758620689613,0.7931034482758621,0.82758620689655171,0.034482758620689613
hillary-2014,30d,source_failure,le_1_km,1920,hillary-2014,True,True,271.78060913085938,1.525787353515625,0.82758620689655171,0.32850999098557698,0.75557297926682698,0.86206896551724133,271.82769775390625,1.473846435546875,0.82758620689655171,0.3286922679227941,0.75599221622242641,0.86206896551724133,0,0,0.7931034482758621,0.89655172413793105,0.10344827586206895,0.82758620689655171,0.89655172413793105,0.068965517241379337
hillary-2014,7d,source_failure,le_1_km,1920,hillary-2014,True,True,273.020263671875,3.030120849609375,0.89655172413793105,0.31315394810267855,0.7202540806361607,0.86206896551724133,272.88470458984375,2.78515625,0.89655172413793105,0.30553817749023438,0.70273780822753906,0.86206896551724133,0,0,0.89655172413793105,0.96551724137931039,0.068965517241379337,0.86206896551724133,0.94827586206896552,0.086206896551724199
karrat-2017,2d,source_failure,le_1_km,2340,karrat-2017,True,True,272.03970336914062,-1.90972900390625,0.2413793103448276,0.304840087890625,0.79258422851562493,0.20689655172413793,272.76290893554688,-0.6878662109375,0.34482758620689657,0.17251150948660715,0.4485299246651786,0.31034482758620691,-0.10344827586206898,-0.10344827586206898,0.20689655172413793,0.31034482758620691,0.10344827586206898,0.20689655172413793,0.27586206896551724,0.068965517241379309
karrat-2017,30d,source_failure,le_1_km,2340,karrat-2017,True,True,270.78631591796875,-0.47747802734375,0.41379310344827586,-0.063916015625000003,-0.16618164062499999,0.44827586206896552,270.76486206054688,-0.1728515625,0.48275862068965519,-0.058962065598060345,-0.15330137055495688,0.48275862068965519,-0.068965517241379337,-0.034482758620689669,0.41379310344827586,0.48275862068965519,0.068965517241379337,0.44827586206896552,0.48275862068965519,0.034482758620689669
karrat-2017,7d,source_failure,le_1_km,2340,karrat-2017,True,True,273.51596069335938,-0.733978271484375,0.37931034482758619,0.20041006582754628,0.52106617115162035,0.37931034482758619,273.34890747070312,-0.727325439453125,0.37931034482758619,0.19137295809659091,0.49756969105113641,0.37931034482758619,0,0,0.34482758620689657,0.41379310344827586,0.068965517241379282,0.31034482758620691,0.41379310344827586,0.10344827586206895
kolka-2002,2d,source_failure,le_5_km,283,kolka-2002,True,True,277.32839965820312,-4.35809326171875,0.10344827586206896,0.68713188171386719,0.75584506988525391,0.10344827586206896,278.66171264648438,-2.849517822265625,0.17241379310344829,0.53068161010742188,0.58374977111816406,0.17241379310344829,-0.068965517241379323,-0.068965517241379323,0.10344827586206896,0.10344827586206896,0,0.10344827586206896,0.10344827586206896,0
kolka-2002,30d,source_failure,le_5_km,283,kolka-2002,True,True,282.4739990234375,-0.7530517578125,0.20689655172413793,0.43142465444711536,0.47456711989182687,0.27586206896551724,282.675048828125,-0.59637451171875,0.20689655172413793,0.42124430338541663,0.46336873372395831,0.31034482758620691,0,-0.034482758620689669,0.17241379310344829,0.2413793103448276,0.068965517241379309,0.2413793103448276,0.31034482758620691,0.068965517241379309
kolka-2002,7d,source_failure,le_5_km,283,kolka-2002,True,True,281.01797485351562,-0.65283203125,0.34482758620689657,0.46506441556490385,0.51157085712139427,0.41379310344827586,281.381591796875,-0.508148193359375,0.37931034482758619,0.40797642299107145,0.4487740652901786,0.41379310344827586,-0.034482758620689613,0,0.34482758620689657,0.48275862068965519,0.13793103448275862,0.41379310344827586,0.55172413793103448,0.13793103448275862
la-perouse-2014,2d,source_failure,le_1_km,1440,la-perouse-2014,True,False,266.75726318359375,-0.261383056640625,0.44827586206896552,0.973388671875,2.2387939453125001,0.2413793103448276,264.98336791992188,-2.83282470703125,0.20689655172413793,0.83292643229166674,1.9157307942708335,0.18965517241379309,0.2413793103448276,0.051724137931034503,0.37931034482758619,0.51724137931034486,0.13793103448275867,0.2413793103448276,0.31034482758620691,0.068965517241379309
la-perouse-2014,30d,source_failure,le_1_km,1440,la-perouse-2014,True,False,266.78744506835938,0.837371826171875,0.75862068965517238,0.46608589790962834,1.0719975651921452,0.62068965517241381,266.92657470703125,1.01123046875,0.75862068965517238,0.45445033482142855,1.0452357700892856,0.62068965517241381,0,0,0.65517241379310343,0.75862068965517238,0.10344827586206895,0.58620689655172409,0.65517241379310343,0.068965517241379337
la-perouse-2014,7d,source_failure,le_1_km,1440,la-perouse-2014,True,False,259.52529907226562,-7.4912109375,0,0.77388916015625009,1.7799450683593752,0,258.827392578125,-8.335174560546875,0,0.68961765455163038,1.58612060546875,0,0,0,0,0,0,0,0,0
lamplugh-2016,2d,source_failure,le_1_km,1253,lamplugh-2016,True,False,276.82098388671875,0.158050537109375,0.51724137931034486,0.30359338831018517,0.75898347077546291,0.44827586206896552,277.66873168945312,1.410675048828125,0.7931034482758621,0.28551184612771741,0.71377961531929346,0.75862068965517238,-0.27586206896551724,-0.31034482758620685,0.44827586206896552,0.58620689655172409,0.13793103448275856,0.44827586206896552,0.51724137931034486,0.068965517241379337
lamplugh-2016,30d,source_failure,le_1_km,1253,lamplugh-2016,True,False,276.75054931640625,0.495208740234375,0.7931034482758621,0.1964992947048611,0.49124823676215279,0.72413793103448276,276.77392578125,0.555877685546875,0.82758620689655171,0.18876953124999998,0.47192382812499994,0.75862068965517238,-0.034482758620689613,-0.034482758620689613,0.7931034482758621,0.86206896551724133,0.068965517241379226,0.72413793103448276,0.82758620689655171,0.10344827586206895
lamplugh-2016,7d,source_failure,le_1_km,1253,lamplugh-2016,True,False,277.21371459960938,0.96630859375,0.72413793103448276,0.2972194126674107,0.7430485316685268,0.68965517241379315,277.157470703125,0.975372314453125,0.68965517241379315,0.320587158203125,0.8014678955078125,0.7068965517241379,0.034482758620689613,-0.017241379310344751,0.65517241379310343,0.75862068965517238,0.10344827586206895,0.58620689655172409,0.68965517241379315,0.10344827586206906
lituya-2012,2d,source_failure,le_1_km,1380,lituya-2012,True,False,273.30929565429688,-0.28265380859375,0.34482758620689657,0.20870324337121213,0.43827681107954547,0.31034482758620691,272.9508056640625,-0.351654052734375,0.37931034482758619,0.3503635951450893,0.73576354980468761,0.27586206896551724,-0.034482758620689613,0.034482758620689669,0.27586206896551724,0.51724137931034486,0.24137931034482762,0.27586206896551724,0.44827586206896552,0.17241379310344829
lituya-2012,30d,source_failure,le_1_km,1380,lituya-2012,True,False,271.81118774414062,-1.13226318359375,0.10344827586206896,0.30619621276855469,0.64301204681396484,0.068965517241379309,271.74087524414062,-1.078460693359375,0.13793103448275862,0.32368977864583337,0.67974853515625,0.068965517241379309,-0.034482758620689655,0,0.068965517241379309,0.13793103448275862,0.068965517241379309,0,0.068965517241379309,0.068965517241379309
lituya-2012,7d,source_failure,le_1_km,1380,lituya-2012,True,False,273.41900634765625,-0.08660888671875,0.44827586206896552,0.16793643727022056,0.3526665182674632,0.37931034482758619,273.26754760742188,-0.076751708984375,0.37931034482758619,0.18360137939453125,0.38556289672851562,0.34482758620689657,0.068965517241379337,0.034482758620689613,0.10344827586206896,0.65517241379310343,0.55172413793103448,0.068965517241379309,0.58620689655172409,0.51724137931034475
marmolada-2022,2d,source_failure,le_1_km,2600,marmolada-2022,True,False,289.18502807617188,1.4010162353515625,0.76666666666666672,0.8172607421875,2.53350830078125,0.56666666666666665,288.74307250976562,1.22808837890625,0.73333333333333328,0.82052377554086542,2.5436237041766825,0.46666666666666667,0.033333333333333437,0.099999999999999978,0.76666666666666672,0.83333333333333337,0.066666666666666652,0.56666666666666665,0.69999999999999996,0.1333333333333333
marmolada-2022,30d,source_failure,le_1_km,2600,marmolada-2022,True,False,288.37774658203125,2.474456787109375,0.93333333333333335,1.0127397017045454,3.1394930752840908,0.69999999999999996,288.30825805664062,2.403411865234375,0.93333333333333335,0.99880218505859375,3.0962867736816406,0.69999999999999996,0,0,0.93333333333333335,0.93333333333333335,0,0.69999999999999996,0.80000000000000004,0.10000000000000009
marmolada-2022,7d,source_failure,le_1_km,2600,marmolada-2022,True,False,289.65985107421875,2.04718017578125,0.83333333333333337,1.00067138671875,3.102081298828125,0.6333333333333333,289.443115234375,1.7690887451171875,0.80000000000000004,0.95599834735576927,2.9635948768028846,0.56666666666666665,0.033333333333333326,0.066666666666666652,0.83333333333333337,0.93333333333333335,0.099999999999999978,0.6333333333333333,0.73333333333333328,0.099999999999999978
meager-2010,2d,source_failure,le_1_km,1650,meager-2010,True,False,287.17263793945312,2.0419921875,0.75862068965517238,0.7067046294341216,1.3427387959248309,0.68965517241379315,287.69479370117188,2.38360595703125,0.82758620689655171,0.68659002130681823,1.3045210404829546,0.72413793103448276,-0.068965517241379337,-0.034482758620689613,0.68965517241379315,0.75862068965517238,0.068965517241379226,0.67241379310344829,0.68965517241379315,0.017241379310344862
meager-2010,30d,source_failure,le_1_km,1650,meager-2010,True,False,286.23147583007812,2.16241455078125,0.86206896551724133,0.54103597005208326,1.0279683430989583,0.86206896551724133,286.27017211914062,2.234222412109375,0.86206896551724133,0.53784344647381754,1.0219025483002533,0.89655172413793105,0,-0.034482758620689724,0.82758620689655171,0.86206896551724133,0.034482758620689613,0.86206896551724133,0.89655172413793105,0.034482758620689724
meager-2010,7d,source_failure,le_1_km,1650,meager-2010,True,False,286.38723754882812,1.43975830078125,0.75862068965517238,0.59750874837239587,1.1352666219075522,0.75862068965517238,286.51251220703125,1.35015869140625,0.75862068965517238,0.62285423278808594,1.1834230422973633,0.75862068965517238,0,0,0.65517241379310343,0.7931034482758621,0.13793103448275867,0.62068965517241381,0.75862068965517238,0.13793103448275856
pedersen-2024,2d,source_failure,le_1_km,3289,pedersen-2024,True,True,280.62185668945312,-0.2593536376953125,0.43333333333333335,0.3397216796875,1.12108154296875,0.33333333333333331,281.08609008789062,0.766815185546875,0.59999999999999998,0.29995649288862181,0.98985642653245198,0.59999999999999998,-0.16666666666666663,-0.26666666666666666,0.40000000000000002,0.46666666666666667,0.066666666666666652,0.33333333333333331,0.40000000000000002,0.066666666666666707
pedersen-2024,30d,source_failure,le_1_km,3289,pedersen-2024,True,True,279.95281982421875,-0.63580322265625,0.40000000000000002,0.19781673655790444,0.65279523064108458,0.33333333333333331,279.92742919921875,-0.6168975830078125,0.40000000000000002,0.18280029296875,0.603240966796875,0.29999999999999999,0,0.033333333333333326,0.36666666666666664,0.40000000000000002,0.033333333333333381,0.13333333333333333,0.33333333333333331,0.19999999999999998
pedersen-2024,7d,source_failure,le_1_km,3289,pedersen-2024,True,True,281.10220336914062,0.3187408447265625,0.6333333333333333,0.38913726806640625,1.2841529846191406,0.46666666666666667,280.948974609375,0.2297515869140625,0.56666666666666665,0.39013090587797616,1.2874319893973214,0.40000000000000002,0.066666666666666652,0.066666666666666652,0.36666666666666664,0.6333333333333333,0.26666666666666666,0.33333333333333331,0.46666666666666667,0.13333333333333336
steele-2007,2d,source_failure,le_1_km,3420,steele-2007,True,False,271.64486694335938,0.901611328125,0.72413793103448276,0.363800048828125,0.58208007812499996,0.77586206896551724,271.64486694335938,0.901611328125,0.72413793103448276,0.363800048828125,0.58208007812499996,0.77586206896551724,0,0,0.72413793103448276,0.7931034482758621,0.068965517241379337,0.75862068965517238,0.77586206896551724,0.017241379310344862
steele-2007,30d,source_failure,le_1_km,3420,steele-2007,True,False,270.92529296875,0.524932861328125,0.75862068965517238,0.27851001636402029,0.44561602618243246,0.62068965517241381,270.92529296875,0.524932861328125,0.75862068965517238,0.27851001636402029,0.44561602618243246,0.62068965517241381,0,0,0.72413793103448276,0.7931034482758621,0.068965517241379337,0.62068965517241381,0.72413793103448276,0.10344827586206895
steele-2007,7d,source_failure,le_1_km,3420,steele-2007,True,False,272.63247680664062,2.158172607421875,0.93103448275862066,0.3217315673828125,0.5147705078125,1,272.63247680664062,2.158172607421875,0.93103448275862066,0.3217315673828125,0.5147705078125,1,0,0,0.93103448275862066,0.96551724137931039,0.034482758620689724,0.96551724137931039,1,0.034482758620689613
steller-2005,2d,source_failure,le_5_km,3540,steller-2005,True,True,275.1241455078125,-0.040283203125,0.48275862068965519,0.4407610212053571,0.6170654296875,0.44827586206896552,276.88821411132812,1.64971923828125,0.82758620689655171,0.73465983072916674,1.0285237630208335,0.82758620689655171,-0.34482758620689652,-0.37931034482758619,0.48275862068965519,0.62068965517241381,0.13793103448275862,0.44827586206896552,0.65517241379310343,0.2068965517241379
steller-2005,30d,source_failure,le_5_km,3540,steller-2005,True,True,277.15023803710938,0.58380126953125,0.75862068965517238,0.39468270760995372,0.55255579065393523,0.75862068965517238,277.41201782226562,0.76953125,0.7931034482758621,0.38899739583333337,0.54459635416666674,0.86206896551724133,-0.034482758620689724,-0.10344827586206895,0.62068965517241381,0.75862068965517238,0.13793103448275856,0.62068965517241381,0.75862068965517238,0.13793103448275856
steller-2005,7d,source_failure,le_5_km,3540,steller-2005,True,True,276.37905883789062,0.717010498046875,0.75862068965517238,0.52679653825431039,0.73751515355603448,0.75862068965517238,276.69976806640625,0.977447509765625,0.7931034482758621,0.55425790640024042,0.77596106896033645,0.75862068965517238,-0.034482758620689724,0,0.68965517241379315,0.7931034482758621,0.10344827586206895,0.75862068965517238,0.75862068965517238,0
taan-2015,2d,source_failure,le_1_km,1080,taan-2015,True,True,274.84475708007812,8.21905517578125,1,0.28533935546875,0.684814453125,1,271.63919067382812,4.02496337890625,0.89655172413793105,0.43856302897135413,1.05255126953125,0.86206896551724133,0.10344827586206895,0.13793103448275867,1,1,0,1,1,0
taan-2015,30d,source_failure,le_1_km,1080,taan-2015,True,True,270.4307861328125,0.0850830078125,0.58620689655172409,0.18980712890625001,0.45553710937500003,0.44827586206896552,270.3428955078125,-0.205047607421875,0.44827586206896552,0.18873214721679688,0.4529571533203125,0.34482758620689657,0.13793103448275856,0.10344827586206895,0.48275862068965519,0.58620689655172409,0.10344827586206889,0.44827586206896552,0.44827586206896552,0
taan-2015,7d,source_failure,le_1_km,1080,taan-2015,True,True,271.46041870117188,3.684417724609375,0.86206896551724133,0.44040527343749997,1.0569726562499999,0.82758620689655171,271.20330810546875,3.267669677734375,0.89655172413793105,0.3466796875,0.83203125,0.86206896551724133,-0.034482758620689724,-0.034482758620689613,0.86206896551724133,0.96551724137931039,0.10344827586206906,0.82758620689655171,0.89655172413793105,0.068965517241379337
thurwieser-2004,2d,source_failure,le_1_km,2520,thurwieser-2004,True,False,277.39279174804688,-2.20623779296875,0.27586206896551724,0.2141910129123264,0.27844831678602427,0.27586206896551724,277.0775146484375,-2.599090576171875,0.27586206896551724,0.19557072566105768,0.254241943359375,0.27586206896551724,0,0,0.27586206896551724,0.31034482758620691,0.034482758620689669,0.2413793103448276,0.31034482758620691,0.068965517241379309
thurwieser-2004,30d,source_failure,le_1_km,2520,thurwieser-2004,True,False,280.99661254882812,0.477935791015625,0.65517241379310343,0.49267108623798078,0.640472412109375,0.65517241379310343,281.09310913085938,0.5201416015625,0.65517241379310343,0.49769201944040697,0.64699962527252908,0.65517241379310343,0,0,0.51724137931034486,0.65517241379310343,0.13793103448275856,0.48275862068965519,0.65517241379310343,0.17241379310344823
thurwieser-2004,7d,source_failure,le_1_km,2520,thurwieser-2004,True,False,278.47610473632812,-1.1275634765625,0.44827586206896552,0.35403547615840519,0.46024611900592671,0.44827586206896552,278.79058837890625,-0.52880859375,0.48275862068965519,0.3424072265625,0.44512939453125,0.48275862068965519,-0.034482758620689669,-0.034482758620689669,0.37931034482758619,0.44827586206896552,0.068965517241379337,0.37931034482758619,0.44827586206896552,0.068965517241379337
tracy-arm-2025,2d,source_failure,le_1_km,1560,tracy-arm-2025,True,True,281.24624633789062,2.0377044677734375,1,0.36792755126953125,1.2509536743164062,0.90000000000000002,281.12295532226562,1.4901885986328125,0.96666666666666667,0.36430722191220238,1.2386445545014881,0.80000000000000004,0.033333333333333326,0.099999999999999978,0.56666666666666665,1,0.43333333333333335,0.53333333333333333,0.90000000000000002,0.3666666666666667
tracy-arm-2025,30d,source_failure,le_1_km,1560,tracy-arm-2025,True,True,279.77774047851562,0.609405517578125,0.80000000000000004,0.20525480571546051,0.69786633943256582,0.66666666666666663,279.71759033203125,0.5272216796875,0.80000000000000004,0.19154866536458331,0.65126546223958326,0.66666666666666663,0,0,0.80000000000000004,0.83333333333333337,0.033333333333333326,0.66666666666666663,0.73333333333333328,0.066666666666666652
tracy-arm-2025,7d,source_failure,le_1_km,1560,tracy-arm-2025,True,True,279.73236083984375,0.39691162109375,0.6333333333333333,0.2993600027901786,1.0178240094866071,0.40000000000000002,279.48678588867188,0.1367034912109375,0.56666666666666665,0.2877044677734375,0.9781951904296875,0.23333333333333334,0.066666666666666652,0.16666666666666669,0.46666666666666667,0.6333333333333333,0.16666666666666663,0.23333333333333334,0.40000000000000002,0.16666666666666669
