region,window_key,latitude,longitude,object_id,key,url,retrieved_utc,http_status,path,bytes,sha256,etag,last_modified,content_type,content_length
03,rgi7.0|03|south=+81|west=-085,80,-86,Copernicus_DSM_COG_30_N80_00_W086_00_DEM,Copernicus_DSM_COG_30_N80_00_W086_00_DEM/Copernicus_DSM_COG_30_N80_00_W086_00_DEM.tif,https://copernicus-dem-90m.s3.amazonaws.com/Copernicus_DSM_COG_30_N80_00_W086_00_DEM/Copernicus_DSM_COG_30_N80_00_W086_00_DEM.tif,2026-09-02T02:25:32.185346+00:00,200,source_raw/Copernicus_DSM_COG_30_N80_00_W086_00_DEM.tif,921661,9cf03f5692ac3ab3fa00f5955beb75e38777167bceb4f141377c2fd3ff70526a,0a4253990aee773463989e1040f0823f,"Mon, 09 May 2022 13:24:50 GMT",image/tiff,921661
03,rgi7.0|03|south=+81|west=-085,80,-85,Copernicus_DSM_COG_30_N80_00_W085_00_DEM,Copernicus_DSM_COG_30_N80_00_W085_00_DEM/Copernicus_DSM_COG_30_N80_00_W085_00_DEM.tif,https://copernicus-dem-90m.s3.amazonaws.com/Copernicus_DSM_COG_30_N80_00_W085_00_DEM/Copernicus_DSM_COG_30_N80_00_W085_00_DEM.tif,2026-09-02T02:25:33.466709+00:00,200,source_raw/Copernicus_DSM_COG_30_N80_00_W085_00_DEM.tif,921423,9ede1afa404e7d3a0fe423b9202f20b325e205359ecc96bd585aaa27fec2f6b8,10f6c2c0a163035d1bd7a617a5ef1d08,"Mon, 09 May 2022 13:24:49 GMT",image/tiff,921423
03,rgi7.0|03|south=+81|west=-085,80,-84,Copernicus_DSM_COG_30_N80_00_W084_00_DEM,Copernicus_DSM_COG_30_N80_00_W084_00_DEM/Copernicus_DSM_COG_30_N80_00_W084_00_DEM.tif,https://copernicus-dem-90m.s3.amazonaws.com/Copernicus_DSM_COG_30_N80_00_W084_00_DEM/Copernicus_DSM_COG_30_N80_00_W084_00_DEM.tif,2026-09-02T02:25:34.731054+00:00,200,source_raw/Copernicus_DSM_COG_30_N80_00_W084_00_DEM.tif,695132,eb2ae54f56707f98d86901727a13c3259273e64b479fe65c8d4c871913cf1209,14aabc854a5c0a9cf9ec42cea5196a53,"Mon, 09 May 2022 13:24:49 GMT",image/tiff,695132
03,rgi7.0|03|south=+81|west=-085,81,-86,Copernicus_DSM_COG_30_N81_00_W086_00_DEM,Copernicus_DSM_COG_30_N81_00_W086_00_DEM/Copernicus_DSM_COG_30_N81_00_W086_00_DEM.tif,https://copernicus-dem-90m.s3.amazonaws.com/Copernicus_DSM_COG_30_N81_00_W086_00_DEM/Copernicus_DSM_COG_30_N81_00_W086_00_DEM.tif,2026-09-02T02:25:36.016284+00:00,200,source_raw/Copernicus_DSM_COG_30_N81_00_W086_00_DEM.tif,1066577,71c94cbea433930989ed6d25e9b50cebc34579effc7ce96c73fd6c782bce8dd4,1ce8d4fc871f78bb2f5766b3c32c72ed,"Mon, 09 May 2022 13:25:09 GMT",image/tiff,1066577
03,rgi7.0|03|south=+81|west=-085,81,-85,Copernicus_DSM_COG_30_N81_00_W085_00_DEM,Copernicus_DSM_COG_30_N81_00_W085_00_DEM/Copernicus_DSM_COG_30_N81_00_W085_00_DEM.tif,https://copernicus-dem-90m.s3.amazonaws.com/Copernicus_DSM_COG_30_N81_00_W085_00_DEM/Copernicus_DSM_COG_30_N81_00_W085_00_DEM.tif,2026-09-02T02:25:37.464041+00:00,200,source_raw/Copernicus_DSM_COG_30_N81_00_W085_00_DEM.tif,1128372,27e910a8475b78eef9f6850f7a34ce30e6717ae02a543107a75cc2bee9ee765d,7e35f54ba576860d0cf5544df1b5dcbf,"Mon, 09 May 2022 13:25:09 GMT",image/tiff,1128372
03,rgi7.0|03|south=+81|west=-085,81,-84,Copernicus_DSM_COG_30_N81_00_W084_00_DEM,Copernicus_DSM_COG_30_N81_00_W084_00_DEM/Copernicus_DSM_COG_30_N81_00_W084_00_DEM.tif,https://copernicus-dem-90m.s3.amazonaws.com/Copernicus_DSM_COG_30_N81_00_W084_00_DEM/Copernicus_DSM_COG_30_N81_00_W084_00_DEM.tif,2026-09-02T02:25:38.733252+00:00,200,source_raw/Copernicus_DSM_COG_30_N81_00_W084_00_DEM.tif,1105326,9e2400616fe5eb36b5c0d925033b3917aa4aeb3b7df6e2832a04c619dc115349,234534d928a4c56fae1de1d4ae54aefb,"Mon, 09 May 2022 13:25:09 GMT",image/tiff,1105326
03,rgi7.0|03|south=+81|west=-085,82,-86,Copernicus_DSM_COG_30_N82_00_W086_00_DEM,Copernicus_DSM_COG_30_N82_00_W086_00_DEM/Copernicus_DSM_COG_30_N82_00_W086_00_DEM.tif,https://copernicus-dem-90m.s3.amazonaws.com/Copernicus_DSM_COG_30_N82_00_W086_00_DEM/Copernicus_DSM_COG_30_N82_00_W086_00_DEM.tif,2026-09-02T02:25:39.823154+00:00,200,source_raw/Copernicus_DSM_COG_30_N82_00_W086_00_DEM.tif,436287,0d12d1587e11f25c79ae06183d82e4f4a1013ed48b630d749bd7dc58136ff81a,41baf847b6d0a71ec07c37d23223f730,"Mon, 09 May 2022 13:25:21 GMT",image/tiff,436287
03,rgi7.0|03|south=+81|west=-085,82,-85,Copernicus_DSM_COG_30_N82_00_W085_00_DEM,Copernicus_DSM_COG_30_N82_00_W085_00_DEM/Copernicus_DSM_COG_30_N82_00_W085_00_DEM.tif,https://copernicus-dem-90m.s3.amazonaws.com/Copernicus_DSM_COG_30_N82_00_W085_00_DEM/Copernicus_DSM_COG_30_N82_00_W085_00_DEM.tif,2026-09-02T02:25:41.073461+00:00,200,source_raw/Copernicus_DSM_COG_30_N82_00_W085_00_DEM.tif,505375,2e2a7aa058288e4b6cef2fb04163b1436380fb2b034ba28808d90b7d193f94a3,0da7a891d4866fe0a1f730c17234577d,"Mon, 09 May 2022 13:25:20 GMT",image/tiff,505375
03,rgi7.0|03|south=+81|west=-085,82,-84,Copernicus_DSM_COG_30_N82_00_W084_00_DEM,Copernicus_DSM_COG_30_N82_00_W084_00_DEM/Copernicus_DSM_COG_30_N82_00_W084_00_DEM.tif,https://copernicus-dem-90m.s3.amazonaws.com/Copernicus_DSM_COG_30_N82_00_W084_00_DEM/Copernicus_DSM_COG_30_N82_00_W084_00_DEM.tif,2026-09-02T02:25:42.181749+00:00,200,source_raw/Copernicus_DSM_COG_30_N82_00_W084_00_DEM.tif,395459,ec0e2bd86e552605ed107398c53b4c27981dd53a8ac3a36ec2ea00bd678e540c,6043f066c1cbabef5d0810ef7bb0409d,"Mon, 09 May 2022 13:25:20 GMT",image/tiff,395459
07,rgi7.0|07|south=+77|west=+018,76,17,Copernicus_DSM_COG_30_N76_00_E017_00_DEM,Copernicus_DSM_COG_30_N76_00_E017_00_DEM/Copernicus_DSM_COG_30_N76_00_E017_00_DEM.tif,https://copernicus-dem-90m.s3.amazonaws.com/Copernicus_DSM_COG_30_N76_00_E017_00_DEM/Copernicus_DSM_COG_30_N76_00_E017_00_DEM.tif,2026-09-02T02:25:42.955940+00:00,200,source_raw/Copernicus_DSM_COG_30_N76_00_E017_00_DEM.tif,142760,c21d8cbb30dfef2e56e0917db349ecdd3ad3b353368881286fa84846288de708,8d7ee5c31ef1d5d39d535aadfd151012,"Mon, 09 May 2022 13:22:54 GMT",image/tiff,142760
07,rgi7.0|07|south=+77|west=+018,76,18,Copernicus_DSM_COG_30_N76_00_E018_00_DEM,Copernicus_DSM_COG_30_N76_00_E018_00_DEM/Copernicus_DSM_COG_30_N76_00_E018_00_DEM.tif,https://copernicus-dem-90m.s3.amazonaws.com/Copernicus_DSM_COG_30_N76_00_E018_00_DEM/Copernicus_DSM_COG_30_N76_00_E018_00_DEM.tif,2026-09-02T02:25:43.426730+00:00,404,source_raw/Copernicus_DSM_COG_30_N76_00_E018_00_DEM.http404,356,5109263ae5ae1c49e48efe0f0b33d52e964fd1f0c69ab87b9840247ba22e85c7,,,application/xml,
07,rgi7.0|07|south=+77|west=+018,76,19,Copernicus_DSM_COG_30_N76_00_E019_00_DEM,Copernicus_DSM_COG_30_N76_00_E019_00_DEM/Copernicus_DSM_COG_30_N76_00_E019_00_DEM.tif,https://copernicus-dem-90m.s3.amazonaws.com/Copernicus_DSM_COG_30_N76_00_E019_00_DEM/Copernicus_DSM_COG_30_N76_00_E019_00_DEM.tif,2026-09-02T02:25:43.897378+00:00,404,source_raw/Copernicus_DSM_COG_30_N76_00_E019_00_DEM.http404,376,da2b83d7d9ac5db223055f9575ffa41b910f405f087e15c74b4181cff5107ec9,,,application/xml,
07,rgi7.0|07|south=+77|west=+018,77,17,Copernicus_DSM_COG_30_N77_00_E017_00_DEM,Copernicus_DSM_COG_30_N77_00_E017_00_DEM/Copernicus_DSM_COG_30_N77_00_E017_00_DEM.tif,https://copernicus-dem-90m.s3.amazonaws.com/Copernicus_DSM_COG_30_N77_00_E017_00_DEM/Copernicus_DSM_COG_30_N77_00_E017_00_DEM.tif,2026-09-02T02:25:45.122488+00:00,200,source_raw/Copernicus_DSM_COG_30_N77_00_E017_00_DEM.tif,1354616,b9e4205727f223f4c7555872d511dc2ba07edb889f95dd44bbaa6711e9be27e8,f2150dd635aec206fe971baa2f5c85aa,"Mon, 09 May 2022 13:23:19 GMT",image/tiff,1354616
07,rgi7.0|07|south=+77|west=+018,77,18,Copernicus_DSM_COG_30_N77_00_E018_00_DEM,Copernicus_DSM_COG_30_N77_00_E018_00_DEM/Copernicus_DSM_COG_30_N77_00_E018_00_DEM.tif,https://copernicus-dem-90m.s3.amazonaws.com/Copernicus_DSM_COG_30_N77_00_E018_00_DEM/Copernicus_DSM_COG_30_N77_00_E018_00_DEM.tif,2026-09-02T02:25:46.195737+00:00,200,source_raw/Copernicus_DSM_COG_30_N77_00_E018_00_DEM.tif,399480,6a76fbf950a3f75e6c3617d4f885e71a397ed81985db03c78ca4369b3819fd2e,9a66cf5da109f14f7b82ad4962f9f26f,"Mon, 09 May 2022 13:23:19 GMT",image/tiff,399480
07,rgi7.0|07|south=+77|west=+018,77,19,Copernicus_DSM_COG_30_N77_00_E019_00_DEM,Copernicus_DSM_COG_30_N77_00_E019_00_DEM/Copernicus_DSM_COG_30_N77_00_E019_00_DEM.tif,https://copernicus-dem-90m.s3.amazonaws.com/Copernicus_DSM_COG_30_N77_00_E019_00_DEM/Copernicus_DSM_COG_30_N77_00_E019_00_DEM.tif,2026-09-02T02:25:46.819369+00:00,200,source_raw/Copernicus_DSM_COG_30_N77_00_E019_00_DEM.tif,49894,5de1f78277bd2b6d391e5deae51112064ed2b55b7f3d34814d837c7c853b5cf4,c69bedd3c25651263f227e01c0040e2b,"Mon, 09 May 2022 13:23:20 GMT",image/tiff,49894
07,rgi7.0|07|south=+77|west=+018,78,17,Copernicus_DSM_COG_30_N78_00_E017_00_DEM,Copernicus_DSM_COG_30_N78_00_E017_00_DEM/Copernicus_DSM_COG_30_N78_00_E017_00_DEM.tif,https://copernicus-dem-90m.s3.amazonaws.com/Copernicus_DSM_COG_30_N78_00_E017_00_DEM/Copernicus_DSM_COG_30_N78_00_E017_00_DEM.tif,2026-09-02T02:25:48.230946+00:00,200,source_raw/Copernicus_DSM_COG_30_N78_00_E017_00_DEM.tif,1807238,e3fbf5bc7354db995a74b9e666657db6f6265fa03b271ae3938d298e73815ac1,52c2f1dc31491da171560ffe945f26e6,"Mon, 09 May 2022 13:23:41 GMT",image/tiff,1807238
07,rgi7.0|07|south=+77|west=+018,78,18,Copernicus_DSM_COG_30_N78_00_E018_00_DEM,Copernicus_DSM_COG_30_N78_00_E018_00_DEM/Copernicus_DSM_COG_30_N78_00_E018_00_DEM.tif,https://copernicus-dem-90m.s3.amazonaws.com/Copernicus_DSM_COG_30_N78_00_E018_00_DEM/Copernicus_DSM_COG_30_N78_00_E018_00_DEM.tif,2026-09-02T02:25:49.636553+00:00,200,source_raw/Copernicus_DSM_COG_30_N78_00_E018_00_DEM.tif,1727667,85be859aab0be119e0321d79645654892e45728c1d24a14ff8d6bfc47e69f164,65dee2872c1fb1242e2085b1c15bcc43,"Mon, 09 May 2022 13:23:41 GMT",image/tiff,1727667
07,rgi7.0|07|south=+77|west=+018,78,19,Copernicus_DSM_COG_30_N78_00_E019_00_DEM,Copernicus_DSM_COG_30_N78_00_E019_00_DEM/Copernicus_DSM_COG_30_N78_00_E019_00_DEM.tif,https://copernicus-dem-90m.s3.amazonaws.com/Copernicus_DSM_COG_30_N78_00_E019_00_DEM/Copernicus_DSM_COG_30_N78_00_E019_00_DEM.tif,2026-09-02T02:25:50.760939+00:00,200,source_raw/Copernicus_DSM_COG_30_N78_00_E019_00_DEM.tif,786248,058f5a21e8be6694858f41fb8e9d16deead0a37ed07b7b15b5ad0cd685a0f592,0e4b3f11b6b1bdb41dc1258a1fbf59dd,"Mon, 09 May 2022 13:23:41 GMT",image/tiff,786248
08,rgi7.0|08|south=+69|west=+021,68,20,Copernicus_DSM_COG_30_N68_00_E020_00_DEM,Copernicus_DSM_COG_30_N68_00_E020_00_DEM/Copernicus_DSM_COG_30_N68_00_E020_00_DEM.tif,https://copernicus-dem-90m.s3.amazonaws.com/Copernicus_DSM_COG_30_N68_00_E020_00_DEM/Copernicus_DSM_COG_30_N68_00_E020_00_DEM.tif,2026-09-02T02:25:53.400735+00:00,200,source_raw/Copernicus_DSM_COG_30_N68_00_E020_00_DEM.tif,2536217,c3127930b59baff8ce29f1762cd19a97375cd19d4e4bcf160eebf5d9238b057e,10355642ea64812b62141e40d6d6265c,"Mon, 09 May 2022 13:18:22 GMT",image/tiff,2536217
08,rgi7.0|08|south=+69|west=+021,68,21,Copernicus_DSM_COG_30_N68_00_E021_00_DEM,Copernicus_DSM_COG_30_N68_00_E021_00_DEM/Copernicus_DSM_COG_30_N68_00_E021_00_DEM.tif,https://copernicus-dem-90m.s3.amazonaws.com/Copernicus_DSM_COG_30_N68_00_E021_00_DEM/Copernicus_DSM_COG_30_N68_00_E021_00_DEM.tif,2026-09-02T02:25:55.951302+00:00,200,source_raw/Copernicus_DSM_COG_30_N68_00_E021_00_DEM.tif,2544710,350eea7b1ddff1333296707c2091ca6a33b42301992ae2c53a31d0167f4a00da,766e0f5c205a9faab387c68b0437a6ea,"Mon, 09 May 2022 13:18:22 GMT",image/tiff,2544710
08,rgi7.0|08|south=+69|west=+021,68,22,Copernicus_DSM_COG_30_N68_00_E022_00_DEM,Copernicus_DSM_COG_30_N68_00_E022_00_DEM/Copernicus_DSM_COG_30_N68_00_E022_00_DEM.tif,https://copernicus-dem-90m.s3.amazonaws.com/Copernicus_DSM_COG_30_N68_00_E022_00_DEM/Copernicus_DSM_COG_30_N68_00_E022_00_DEM.tif,2026-09-02T02:25:57.401439+00:00,200,source_raw/Copernicus_DSM_COG_30_N68_00_E022_00_DEM.tif,2585275,68f3c43aa79e3203b2bdca9979c1590211fb336b460b756539fc69e98dec73a2,967609a2696e7932c997ae79fb9c5e5e,"Mon, 09 May 2022 13:18:22 GMT",image/tiff,2585275
08,rgi7.0|08|south=+69|west=+021,69,20,Copernicus_DSM_COG_30_N69_00_E020_00_DEM,Copernicus_DSM_COG_30_N69_00_E020_00_DEM/Copernicus_DSM_COG_30_N69_00_E020_00_DEM.tif,https://copernicus-dem-90m.s3.amazonaws.com/Copernicus_DSM_COG_30_N69_00_E020_00_DEM/Copernicus_DSM_COG_30_N69_00_E020_00_DEM.tif,2026-09-02T02:25:59.000599+00:00,200,source_raw/Copernicus_DSM_COG_30_N69_00_E020_00_DEM.tif,2360264,a5ff545b0516d197dbc0e7f96278c79697665e22f7fbc5310bb07b379f312e92,e9368d581bb3962a00e2ea2e1640f4e8,"Mon, 09 May 2022 13:19:14 GMT",image/tiff,2360264
08,rgi7.0|08|south=+69|west=+021,69,21,Copernicus_DSM_COG_30_N69_00_E021_00_DEM,Copernicus_DSM_COG_30_N69_00_E021_00_DEM/Copernicus_DSM_COG_30_N69_00_E021_00_DEM.tif,https://copernicus-dem-90m.s3.amazonaws.com/Copernicus_DSM_COG_30_N69_00_E021_00_DEM/Copernicus_DSM_COG_30_N69_00_E021_00_DEM.tif,2026-09-02T02:26:01.643028+00:00,200,source_raw/Copernicus_DSM_COG_30_N69_00_E021_00_DEM.tif,2524802,02692655871d35704064f12c4eda8556bcb5114a7ac6bb3124567016ed998922,d10963dc0ffdc289503dd10428d98906,"Mon, 09 May 2022 13:19:14 GMT",image/tiff,2524802
08,rgi7.0|08|south=+69|west=+021,69,22,Copernicus_DSM_COG_30_N69_00_E022_00_DEM,Copernicus_DSM_COG_30_N69_00_E022_00_DEM/Copernicus_DSM_COG_30_N69_00_E022_00_DEM.tif,https://copernicus-dem-90m.s3.amazonaws.com/Copernicus_DSM_COG_30_N69_00_E022_00_DEM/Copernicus_DSM_COG_30_N69_00_E022_00_DEM.tif,2026-09-02T02:26:05.052122+00:00,200,source_raw/Copernicus_DSM_COG_30_N69_00_E022_00_DEM.tif,2634251,d0f32ff0060d3d86ca29a847fb7e0af8d68587aa57cc27373ac5ddc80747155d,739461cd8d42f63200464f32c4968ac4,"Mon, 09 May 2022 13:19:14 GMT",image/tiff,2634251
08,rgi7.0|08|south=+69|west=+021,70,20,Copernicus_DSM_COG_30_N70_00_E020_00_DEM,Copernicus_DSM_COG_30_N70_00_E020_00_DEM/Copernicus_DSM_COG_30_N70_00_E020_00_DEM.tif,https://copernicus-dem-90m.s3.amazonaws.com/Copernicus_DSM_COG_30_N70_00_E020_00_DEM/Copernicus_DSM_COG_30_N70_00_E020_00_DEM.tif,2026-09-02T02:26:05.986290+00:00,200,source_raw/Copernicus_DSM_COG_30_N70_00_E020_00_DEM.tif,271069,0b260cfb71c1abbbe5a023ceea095d5d8184e8721220c89a2b0b6fe14b586b44,3dcfc41c8c420d7f1f1cf25858919fff,"Mon, 09 May 2022 13:19:58 GMT",image/tiff,271069
08,rgi7.0|08|south=+69|west=+021,70,21,Copernicus_DSM_COG_30_N70_00_E021_00_DEM,Copernicus_DSM_COG_30_N70_00_E021_00_DEM/Copernicus_DSM_COG_30_N70_00_E021_00_DEM.tif,https://copernicus-dem-90m.s3.amazonaws.com/Copernicus_DSM_COG_30_N70_00_E021_00_DEM/Copernicus_DSM_COG_30_N70_00_E021_00_DEM.tif,2026-09-02T02:26:07.051677+00:00,200,source_raw/Copernicus_DSM_COG_30_N70_00_E021_00_DEM.tif,429122,2579679c54953a0a1d3de7a7fe92a9fbd56bf34c5dfc57e04bbe5a1e05ad2cf6,318f0e47690da5f21de944bc4313261d,"Mon, 09 May 2022 13:19:59 GMT",image/tiff,429122
08,rgi7.0|08|south=+69|west=+021,70,22,Copernicus_DSM_COG_30_N70_00_E022_00_DEM,Copernicus_DSM_COG_30_N70_00_E022_00_DEM/Copernicus_DSM_COG_30_N70_00_E022_00_DEM.tif,https://copernicus-dem-90m.s3.amazonaws.com/Copernicus_DSM_COG_30_N70_00_E022_00_DEM/Copernicus_DSM_COG_30_N70_00_E022_00_DEM.tif,2026-09-02T02:26:08.322156+00:00,200,source_raw/Copernicus_DSM_COG_30_N70_00_E022_00_DEM.tif,1021255,0055b80b69ed4351e2992574d141c63f6f25a048567353049582c3784aa537eb,3223bbde1c3e4ff1e477b234efbdf784,"Mon, 09 May 2022 13:19:59 GMT",image/tiff,1021255
04,rgi7.0|04|south=+72|west=-079,71,-80,Copernicus_DSM_COG_30_N71_00_W080_00_DEM,Copernicus_DSM_COG_30_N71_00_W080_00_DEM/Copernicus_DSM_COG_30_N71_00_W080_00_DEM.tif,https://copernicus-dem-90m.s3.amazonaws.com/Copernicus_DSM_COG_30_N71_00_W080_00_DEM/Copernicus_DSM_COG_30_N71_00_W080_00_DEM.tif,2026-09-02T02:26:09.886392+00:00,200,source_raw/Copernicus_DSM_COG_30_N71_00_W080_00_DEM.tif,1870440,b247c94103ca2a9a30fdce9fbff3fab756c4d9e23ce4a571db4aae443bd5a27a,8e24dc821c9b4059cef68db6e2b76369,"Mon, 09 May 2022 13:21:05 GMT",image/tiff,1870440
04,rgi7.0|04|south=+72|west=-079,71,-79,Copernicus_DSM_COG_30_N71_00_W079_00_DEM,Copernicus_DSM_COG_30_N71_00_W079_00_DEM/Copernicus_DSM_COG_30_N71_00_W079_00_DEM.tif,https://copernicus-dem-90m.s3.amazonaws.com/Copernicus_DSM_COG_30_N71_00_W079_00_DEM/Copernicus_DSM_COG_30_N71_00_W079_00_DEM.tif,2026-09-02T02:26:11.335573+00:00,200,source_raw/Copernicus_DSM_COG_30_N71_00_W079_00_DEM.tif,1785176,2926f43bb36a16ab605b3d251e0a308b8688cbe67ca4fa413ea97b4879416f20,279cf7c8ae962b0d2bb2d7c7b8ecaefb,"Mon, 09 May 2022 13:21:05 GMT",image/tiff,1785176
04,rgi7.0|04|south=+72|west=-079,71,-78,Copernicus_DSM_COG_30_N71_00_W078_00_DEM,Copernicus_DSM_COG_30_N71_00_W078_00_DEM/Copernicus_DSM_COG_30_N71_00_W078_00_DEM.tif,https://copernicus-dem-90m.s3.amazonaws.com/Copernicus_DSM_COG_30_N71_00_W078_00_DEM/Copernicus_DSM_COG_30_N71_00_W078_00_DEM.tif,2026-09-02T02:26:12.767634+00:00,200,source_raw/Copernicus_DSM_COG_30_N71_00_W078_00_DEM.tif,1848575,9b4ce1c1847fa43fa6eed3f32a8b9343f5d289a75f0066d046d711ec2fcedcb0,3508d3c8e8c0d4c941fd9540b42882b5,"Mon, 09 May 2022 13:21:05 GMT",image/tiff,1848575
04,rgi7.0|04|south=+72|west=-079,72,-80,Copernicus_DSM_COG_30_N72_00_W080_00_DEM,Copernicus_DSM_COG_30_N72_00_W080_00_DEM/Copernicus_DSM_COG_30_N72_00_W080_00_DEM.tif,https://copernicus-dem-90m.s3.amazonaws.com/Copernicus_DSM_COG_30_N72_00_W080_00_DEM/Copernicus_DSM_COG_30_N72_00_W080_00_DEM.tif,2026-09-02T02:26:14.030407+00:00,200,source_raw/Copernicus_DSM_COG_30_N72_00_W080_00_DEM.tif,1244084,7102fbaf98d84365bedeb0f3435188ee87d795469efd06c336b4483b498f33d3,54ebe7c62c725fb47b8657e5ed09a948,"Mon, 09 May 2022 13:21:36 GMT",image/tiff,1244084
04,rgi7.0|04|south=+72|west=-079,72,-79,Copernicus_DSM_COG_30_N72_00_W079_00_DEM,Copernicus_DSM_COG_30_N72_00_W079_00_DEM/Copernicus_DSM_COG_30_N72_00_W079_00_DEM.tif,https://copernicus-dem-90m.s3.amazonaws.com/Copernicus_DSM_COG_30_N72_00_W079_00_DEM/Copernicus_DSM_COG_30_N72_00_W079_00_DEM.tif,2026-09-02T02:26:15.292839+00:00,200,source_raw/Copernicus_DSM_COG_30_N72_00_W079_00_DEM.tif,1160655,d5c106914cf35c389b555b431349798c4c306b450c72f00719afcc0275f26d69,44e76c8f1cd1a2376235663277e54c99,"Mon, 09 May 2022 13:21:36 GMT",image/tiff,1160655
04,rgi7.0|04|south=+72|west=-079,72,-78,Copernicus_DSM_COG_30_N72_00_W078_00_DEM,Copernicus_DSM_COG_30_N72_00_W078_00_DEM/Copernicus_DSM_COG_30_N72_00_W078_00_DEM.tif,https://copernicus-dem-90m.s3.amazonaws.com/Copernicus_DSM_COG_30_N72_00_W078_00_DEM/Copernicus_DSM_COG_30_N72_00_W078_00_DEM.tif,2026-09-02T02:26:16.743189+00:00,200,source_raw/Copernicus_DSM_COG_30_N72_00_W078_00_DEM.tif,1618857,3967198c7a47ac2650153d015d2510f9db6c9cdc8b524d4ac7066e8eba2a772d,0cd3468a87d80a68371bf77e4dee11f0,"Mon, 09 May 2022 13:21:36 GMT",image/tiff,1618857
04,rgi7.0|04|south=+72|west=-079,73,-80,Copernicus_DSM_COG_30_N73_00_W080_00_DEM,Copernicus_DSM_COG_30_N73_00_W080_00_DEM/Copernicus_DSM_COG_30_N73_00_W080_00_DEM.tif,https://copernicus-dem-90m.s3.amazonaws.com/Copernicus_DSM_COG_30_N73_00_W080_00_DEM/Copernicus_DSM_COG_30_N73_00_W080_00_DEM.tif,2026-09-02T02:26:18.024107+00:00,200,source_raw/Copernicus_DSM_COG_30_N73_00_W080_00_DEM.tif,1263643,40aa1662a918767565f977d3fbf8a462fd14db4ce0ec9558e0b00f4425e662e2,1c140254dcc7052431b0c4b1d331f535,"Mon, 09 May 2022 13:22:00 GMT",image/tiff,1263643
04,rgi7.0|04|south=+72|west=-079,73,-79,Copernicus_DSM_COG_30_N73_00_W079_00_DEM,Copernicus_DSM_COG_30_N73_00_W079_00_DEM/Copernicus_DSM_COG_30_N73_00_W079_00_DEM.tif,https://copernicus-dem-90m.s3.amazonaws.com/Copernicus_DSM_COG_30_N73_00_W079_00_DEM/Copernicus_DSM_COG_30_N73_00_W079_00_DEM.tif,2026-09-02T02:26:19.458381+00:00,200,source_raw/Copernicus_DSM_COG_30_N73_00_W079_00_DEM.tif,1247734,f047874c71bbf966b6813b9415d56e3e5233d58458ba140fd502a5deb8863393,c23f028a845dff2b4e6450a966545186,"Mon, 09 May 2022 13:22:00 GMT",image/tiff,1247734
04,rgi7.0|04|south=+72|west=-079,73,-78,Copernicus_DSM_COG_30_N73_00_W078_00_DEM,Copernicus_DSM_COG_30_N73_00_W078_00_DEM/Copernicus_DSM_COG_30_N73_00_W078_00_DEM.tif,https://copernicus-dem-90m.s3.amazonaws.com/Copernicus_DSM_COG_30_N73_00_W078_00_DEM/Copernicus_DSM_COG_30_N73_00_W078_00_DEM.tif,2026-09-02T02:26:20.727766+00:00,200,source_raw/Copernicus_DSM_COG_30_N73_00_W078_00_DEM.tif,1077229,6d7476e027fecaaaffd32e7513d496974c87c30b22048abb635190959d25754a,515acd9f1163769e36cd8a3ec6a869fd,"Mon, 09 May 2022 13:22:00 GMT",image/tiff,1077229
10,rgi7.0|10|south=+65|west=+145,64,144,Copernicus_DSM_COG_30_N64_00_E144_00_DEM,Copernicus_DSM_COG_30_N64_00_E144_00_DEM/Copernicus_DSM_COG_30_N64_00_E144_00_DEM.tif,https://copernicus-dem-90m.s3.amazonaws.com/Copernicus_DSM_COG_30_N64_00_E144_00_DEM/Copernicus_DSM_COG_30_N64_00_E144_00_DEM.tif,2026-09-02T02:26:22.365055+00:00,200,source_raw/Copernicus_DSM_COG_30_N64_00_E144_00_DEM.tif,2677875,3c0f8a7377ad25b055cb4d0da545787e4868506f21fb8d1bc1298d48f1ea6e1f,ee466bccc40a282878af152b5b4810a5,"Mon, 09 May 2022 13:15:12 GMT",image/tiff,2677875
10,rgi7.0|10|south=+65|west=+145,64,145,Copernicus_DSM_COG_30_N64_00_E145_00_DEM,Copernicus_DSM_COG_30_N64_00_E145_00_DEM/Copernicus_DSM_COG_30_N64_00_E145_00_DEM.tif,https://copernicus-dem-90m.s3.amazonaws.com/Copernicus_DSM_COG_30_N64_00_E145_00_DEM/Copernicus_DSM_COG_30_N64_00_E145_00_DEM.tif,2026-09-02T02:26:25.187140+00:00,200,source_raw/Copernicus_DSM_COG_30_N64_00_E145_00_DEM.tif,2648346,3f5e1e8a897590c8d9481cc0403d182f03c6d02e904d4c3fa7d1140a1494c6d3,d8cfe2c5afa893818a659c0df8a24a5a,"Mon, 09 May 2022 13:15:12 GMT",image/tiff,2648346
10,rgi7.0|10|south=+65|west=+145,64,146,Copernicus_DSM_COG_30_N64_00_E146_00_DEM,Copernicus_DSM_COG_30_N64_00_E146_00_DEM/Copernicus_DSM_COG_30_N64_00_E146_00_DEM.tif,https://copernicus-dem-90m.s3.amazonaws.com/Copernicus_DSM_COG_30_N64_00_E146_00_DEM/Copernicus_DSM_COG_30_N64_00_E146_00_DEM.tif,2026-09-02T02:26:27.697311+00:00,200,source_raw/Copernicus_DSM_COG_30_N64_00_E146_00_DEM.tif,2605574,228c3c17c8d4c5918b5b70b6e5464472057934bcf2f0e1ecf3de57297a201eea,74f50d7f1cfb4d85b3a20a40fb981985,"Mon, 09 May 2022 13:15:12 GMT",image/tiff,2605574
10,rgi7.0|10|south=+65|west=+145,65,144,Copernicus_DSM_COG_30_N65_00_E144_00_DEM,Copernicus_DSM_COG_30_N65_00_E144_00_DEM/Copernicus_DSM_COG_30_N65_00_E144_00_DEM.tif,https://copernicus-dem-90m.s3.amazonaws.com/Copernicus_DSM_COG_30_N65_00_E144_00_DEM/Copernicus_DSM_COG_30_N65_00_E144_00_DEM.tif,2026-09-02T02:26:31.448945+00:00,200,source_raw/Copernicus_DSM_COG_30_N65_00_E144_00_DEM.tif,2686364,65aebfbbceda50670a0103d89f74898c43d9c131a2ca97455cb349ffeef57839,00f53c4b64e7e2f6690b035f1acaf9a7,"Mon, 09 May 2022 13:16:06 GMT",image/tiff,2686364
10,rgi7.0|10|south=+65|west=+145,65,145,Copernicus_DSM_COG_30_N65_00_E145_00_DEM,Copernicus_DSM_COG_30_N65_00_E145_00_DEM/Copernicus_DSM_COG_30_N65_00_E145_00_DEM.tif,https://copernicus-dem-90m.s3.amazonaws.com/Copernicus_DSM_COG_30_N65_00_E145_00_DEM/Copernicus_DSM_COG_30_N65_00_E145_00_DEM.tif,2026-09-02T02:26:33.099219+00:00,200,source_raw/Copernicus_DSM_COG_30_N65_00_E145_00_DEM.tif,2646453,2750cd80c2caf27e4a21a23e721c9d1462433e32ba20fcce2c0e011410141aa3,99beface9e56cdf49e2bf0714387ec51,"Mon, 09 May 2022 13:16:06 GMT",image/tiff,2646453
10,rgi7.0|10|south=+65|west=+145,65,146,Copernicus_DSM_COG_30_N65_00_E146_00_DEM,Copernicus_DSM_COG_30_N65_00_E146_00_DEM/Copernicus_DSM_COG_30_N65_00_E146_00_DEM.tif,https://copernicus-dem-90m.s3.amazonaws.com/Copernicus_DSM_COG_30_N65_00_E146_00_DEM/Copernicus_DSM_COG_30_N65_00_E146_00_DEM.tif,2026-09-02T02:26:35.326524+00:00,200,source_raw/Copernicus_DSM_COG_30_N65_00_E146_00_DEM.tif,2530151,347e2f134d74e052f2e5689d5c9484dcbeadfa70c3e216d444af3bc53e025078,1e872fb03d6b3352b0c3de2bc05761da,"Mon, 09 May 2022 13:16:06 GMT",image/tiff,2530151
10,rgi7.0|10|south=+65|west=+145,66,144,Copernicus_DSM_COG_30_N66_00_E144_00_DEM,Copernicus_DSM_COG_30_N66_00_E144_00_DEM/Copernicus_DSM_COG_30_N66_00_E144_00_DEM.tif,https://copernicus-dem-90m.s3.amazonaws.com/Copernicus_DSM_COG_30_N66_00_E144_00_DEM/Copernicus_DSM_COG_30_N66_00_E144_00_DEM.tif,2026-09-02T02:26:36.939288+00:00,200,source_raw/Copernicus_DSM_COG_30_N66_00_E144_00_DEM.tif,2723918,8b6f61bec5d6d2d7ac94892f994479682e073ec3f19cda14b9a55e3cce7a9344,e6af299a22aa920e37a9a0d54aa7d5b8,"Mon, 09 May 2022 13:17:00 GMT",image/tiff,2723918
10,rgi7.0|10|south=+65|west=+145,66,145,Copernicus_DSM_COG_30_N66_00_E145_00_DEM,Copernicus_DSM_COG_30_N66_00_E145_00_DEM/Copernicus_DSM_COG_30_N66_00_E145_00_DEM.tif,https://copernicus-dem-90m.s3.amazonaws.com/Copernicus_DSM_COG_30_N66_00_E145_00_DEM/Copernicus_DSM_COG_30_N66_00_E145_00_DEM.tif,2026-09-02T02:26:38.596632+00:00,200,source_raw/Copernicus_DSM_COG_30_N66_00_E145_00_DEM.tif,2741622,2d5d4684414aecc99880b198a6b319869488ba78ac712bfe361b174511974439,c0e953187f49f268306977bd8a05fa73,"Mon, 09 May 2022 13:17:01 GMT",image/tiff,2741622
10,rgi7.0|10|south=+65|west=+145,66,146,Copernicus_DSM_COG_30_N66_00_E146_00_DEM,Copernicus_DSM_COG_30_N66_00_E146_00_DEM/Copernicus_DSM_COG_30_N66_00_E146_00_DEM.tif,https://copernicus-dem-90m.s3.amazonaws.com/Copernicus_DSM_COG_30_N66_00_E146_00_DEM/Copernicus_DSM_COG_30_N66_00_E146_00_DEM.tif,2026-09-02T02:26:41.417679+00:00,200,source_raw/Copernicus_DSM_COG_30_N66_00_E146_00_DEM.tif,2672396,7db1897008ef8a9c200ed67acaaf13608b79727d1fd838ff95d39aca98932eb8,7cc784715efb75807c3455ec07175615,"Mon, 09 May 2022 13:17:01 GMT",image/tiff,2672396
15,rgi7.0|15|south=+28|west=+096,27,95,Copernicus_DSM_COG_30_N27_00_E095_00_DEM,Copernicus_DSM_COG_30_N27_00_E095_00_DEM/Copernicus_DSM_COG_30_N27_00_E095_00_DEM.tif,https://copernicus-dem-90m.s3.amazonaws.com/Copernicus_DSM_COG_30_N27_00_E095_00_DEM/Copernicus_DSM_COG_30_N27_00_E095_00_DEM.tif,2026-09-02T02:26:43.365613+00:00,200,source_raw/Copernicus_DSM_COG_30_N27_00_E095_00_DEM.tif,5146623,aa766886e1e3228c9bbed1af11707341eebc7e994becde6f36f8f81116c941bf,1fb6ca79d993a4916fb82924b33773d7,"Mon, 09 May 2022 12:53:10 GMT",image/tiff,5146623
15,rgi7.0|15|south=+28|west=+096,27,96,Copernicus_DSM_COG_30_N27_00_E096_00_DEM,Copernicus_DSM_COG_30_N27_00_E096_00_DEM/Copernicus_DSM_COG_30_N27_00_E096_00_DEM.tif,https://copernicus-dem-90m.s3.amazonaws.com/Copernicus_DSM_COG_30_N27_00_E096_00_DEM/Copernicus_DSM_COG_30_N27_00_E096_00_DEM.tif,2026-09-02T02:26:45.522098+00:00,200,source_raw/Copernicus_DSM_COG_30_N27_00_E096_00_DEM.tif,5437179,2814696a853d560e7a2df708d78ea60adf226061e28085baf8bec90a02ade4d6,56b070427b6f1265795de956a4170ea3,"Mon, 09 May 2022 12:53:10 GMT",image/tiff,5437179
15,rgi7.0|15|south=+28|west=+096,27,97,Copernicus_DSM_COG_30_N27_00_E097_00_DEM,Copernicus_DSM_COG_30_N27_00_E097_00_DEM/Copernicus_DSM_COG_30_N27_00_E097_00_DEM.tif,https://copernicus-dem-90m.s3.amazonaws.com/Copernicus_DSM_COG_30_N27_00_E097_00_DEM/Copernicus_DSM_COG_30_N27_00_E097_00_DEM.tif,2026-09-02T02:26:47.425910+00:00,200,source_raw/Copernicus_DSM_COG_30_N27_00_E097_00_DEM.tif,5462280,2f6be6d9289fd26af878bd0c66ed3825a6c082fb6efa7a50af8054769ee2b20b,d8aba518de5212df98dbbcab2e6c2eed,"Mon, 09 May 2022 12:53:10 GMT",image/tiff,5462280
15,rgi7.0|15|south=+28|west=+096,28,95,Copernicus_DSM_COG_30_N28_00_E095_00_DEM,Copernicus_DSM_COG_30_N28_00_E095_00_DEM/Copernicus_DSM_COG_30_N28_00_E095_00_DEM.tif,https://copernicus-dem-90m.s3.amazonaws.com/Copernicus_DSM_COG_30_N28_00_E095_00_DEM/Copernicus_DSM_COG_30_N28_00_E095_00_DEM.tif,2026-09-02T02:26:49.242620+00:00,200,source_raw/Copernicus_DSM_COG_30_N28_00_E095_00_DEM.tif,5410557,7d281b19de78c6fdf196d77fd679b86b251aa219e9ce73e82798b2389461c053,94105bb1204e6468889fa18515b24e36,"Mon, 09 May 2022 12:53:40 GMT",image/tiff,5410557
15,rgi7.0|15|south=+28|west=+096,28,96,Copernicus_DSM_COG_30_N28_00_E096_00_DEM,Copernicus_DSM_COG_30_N28_00_E096_00_DEM/Copernicus_DSM_COG_30_N28_00_E096_00_DEM.tif,https://copernicus-dem-90m.s3.amazonaws.com/Copernicus_DSM_COG_30_N28_00_E096_00_DEM/Copernicus_DSM_COG_30_N28_00_E096_00_DEM.tif,2026-09-02T02:26:51.671093+00:00,200,source_raw/Copernicus_DSM_COG_30_N28_00_E096_00_DEM.tif,5229090,f68d87b174292325863acc18c718ee7e248e53c3da5e884650560f789473251a,877030febac93bce69158e67b84849bc,"Mon, 09 May 2022 12:53:40 GMT",image/tiff,5229090
15,rgi7.0|15|south=+28|west=+096,28,97,Copernicus_DSM_COG_30_N28_00_E097_00_DEM,Copernicus_DSM_COG_30_N28_00_E097_00_DEM/Copernicus_DSM_COG_30_N28_00_E097_00_DEM.tif,https://copernicus-dem-90m.s3.amazonaws.com/Copernicus_DSM_COG_30_N28_00_E097_00_DEM/Copernicus_DSM_COG_30_N28_00_E097_00_DEM.tif,2026-09-02T02:26:53.644548+00:00,200,source_raw/Copernicus_DSM_COG_30_N28_00_E097_00_DEM.tif,5064578,bb9ff5697cfe5b78cb000f90ce73dc7ec201093a5225c354f58372c92a4ea434,b2a2c58b24b85e826535a03a7e2f4bcb,"Mon, 09 May 2022 12:53:40 GMT",image/tiff,5064578
15,rgi7.0|15|south=+28|west=+096,29,95,Copernicus_DSM_COG_30_N29_00_E095_00_DEM,Copernicus_DSM_COG_30_N29_00_E095_00_DEM/Copernicus_DSM_COG_30_N29_00_E095_00_DEM.tif,https://copernicus-dem-90m.s3.amazonaws.com/Copernicus_DSM_COG_30_N29_00_E095_00_DEM/Copernicus_DSM_COG_30_N29_00_E095_00_DEM.tif,2026-09-02T02:26:55.539297+00:00,200,source_raw/Copernicus_DSM_COG_30_N29_00_E095_00_DEM.tif,5191971,11122486b316a9f6f6b8ff3dde64a7364a38a651fd2622018deb0501b2781bb6,ddd3e008fc3cd4e400cd9b652766ca34,"Mon, 09 May 2022 12:54:09 GMT",image/tiff,5191971
15,rgi7.0|15|south=+28|west=+096,29,96,Copernicus_DSM_COG_30_N29_00_E096_00_DEM,Copernicus_DSM_COG_30_N29_00_E096_00_DEM/Copernicus_DSM_COG_30_N29_00_E096_00_DEM.tif,https://copernicus-dem-90m.s3.amazonaws.com/Copernicus_DSM_COG_30_N29_00_E096_00_DEM/Copernicus_DSM_COG_30_N29_00_E096_00_DEM.tif,2026-09-02T02:26:57.485354+00:00,200,source_raw/Copernicus_DSM_COG_30_N29_00_E096_00_DEM.tif,4918512,591ae3015ce7edcf8217920fcfd9bd0677f4c8564fa611729b3e26c15feca8c9,9b55709a2f119ad18479b83f69ca1b52,"Mon, 09 May 2022 12:54:10 GMT",image/tiff,4918512
15,rgi7.0|15|south=+28|west=+096,29,97,Copernicus_DSM_COG_30_N29_00_E097_00_DEM,Copernicus_DSM_COG_30_N29_00_E097_00_DEM/Copernicus_DSM_COG_30_N29_00_E097_00_DEM.tif,https://copernicus-dem-90m.s3.amazonaws.com/Copernicus_DSM_COG_30_N29_00_E097_00_DEM/Copernicus_DSM_COG_30_N29_00_E097_00_DEM.tif,2026-09-02T02:26:59.391346+00:00,200,source_raw/Copernicus_DSM_COG_30_N29_00_E097_00_DEM.tif,4930848,4757f3facc6aabdcf82c89c76496b341664d121cd808c3f1e74fd7047ab326ea,821780d0c24635f2f888939e4d194adc,"Mon, 09 May 2022 12:54:10 GMT",image/tiff,4930848
18,rgi7.0|18|south=-44|west=+171,-45,170,Copernicus_DSM_COG_30_S45_00_E170_00_DEM,Copernicus_DSM_COG_30_S45_00_E170_00_DEM/Copernicus_DSM_COG_30_S45_00_E170_00_DEM.tif,https://copernicus-dem-90m.s3.amazonaws.com/Copernicus_DSM_COG_30_S45_00_E170_00_DEM/Copernicus_DSM_COG_30_S45_00_E170_00_DEM.tif,2026-09-02T02:27:01.326733+00:00,200,source_raw/Copernicus_DSM_COG_30_S45_00_E170_00_DEM.tif,5228578,c4bba2f49d85fd3b33b0cd832529fdd0118261f5f4c2792365bb98f9408b349d,3328bf6a56db5c64cf92a395e24b352e,"Mon, 09 May 2022 13:37:03 GMT",image/tiff,5228578
18,rgi7.0|18|south=-44|west=+171,-45,171,Copernicus_DSM_COG_30_S45_00_E171_00_DEM,Copernicus_DSM_COG_30_S45_00_E171_00_DEM/Copernicus_DSM_COG_30_S45_00_E171_00_DEM.tif,https://copernicus-dem-90m.s3.amazonaws.com/Copernicus_DSM_COG_30_S45_00_E171_00_DEM/Copernicus_DSM_COG_30_S45_00_E171_00_DEM.tif,2026-09-02T02:27:02.763946+00:00,200,source_raw/Copernicus_DSM_COG_30_S45_00_E171_00_DEM.tif,1823933,98341b549bc6112b7a59f9054e0ab2090c811e411d03c0b0d413678b6a6cd58f,8d6bd59e34630ac3f7fac60825053983,"Mon, 09 May 2022 13:37:04 GMT",image/tiff,1823933
18,rgi7.0|18|south=-44|west=+171,-45,172,Copernicus_DSM_COG_30_S45_00_E172_00_DEM,Copernicus_DSM_COG_30_S45_00_E172_00_DEM/Copernicus_DSM_COG_30_S45_00_E172_00_DEM.tif,https://copernicus-dem-90m.s3.amazonaws.com/Copernicus_DSM_COG_30_S45_00_E172_00_DEM/Copernicus_DSM_COG_30_S45_00_E172_00_DEM.tif,2026-09-02T02:27:03.245018+00:00,404,source_raw/Copernicus_DSM_COG_30_S45_00_E172_00_DEM.http404,376,a37393ac323554fcefe9b1184bd8c043841f75b55b7e00e3eb7866d791d1d12a,,,application/xml,
18,rgi7.0|18|south=-44|west=+171,-44,170,Copernicus_DSM_COG_30_S44_00_E170_00_DEM,Copernicus_DSM_COG_30_S44_00_E170_00_DEM/Copernicus_DSM_COG_30_S44_00_E170_00_DEM.tif,https://copernicus-dem-90m.s3.amazonaws.com/Copernicus_DSM_COG_30_S44_00_E170_00_DEM/Copernicus_DSM_COG_30_S44_00_E170_00_DEM.tif,2026-09-02T02:27:05.192093+00:00,200,source_raw/Copernicus_DSM_COG_30_S44_00_E170_00_DEM.tif,4898463,fec3a488366b312aa03b5e530f6072bb46b8cf65f506cf1663529201bffe486c,8e32d597d954e31251e4406f830d7249,"Mon, 09 May 2022 13:37:00 GMT",image/tiff,4898463
18,rgi7.0|18|south=-44|west=+171,-44,171,Copernicus_DSM_COG_30_S44_00_E171_00_DEM,Copernicus_DSM_COG_30_S44_00_E171_00_DEM/Copernicus_DSM_COG_30_S44_00_E171_00_DEM.tif,https://copernicus-dem-90m.s3.amazonaws.com/Copernicus_DSM_COG_30_S44_00_E171_00_DEM/Copernicus_DSM_COG_30_S44_00_E171_00_DEM.tif,2026-09-02T02:27:07.017311+00:00,200,source_raw/Copernicus_DSM_COG_30_S44_00_E171_00_DEM.tif,5143500,2f9772e03dbc4a4547f27ed38b81c5f778353f4d5af7461890819ba8d316dd5d,07ba00c7832064167a13f0fa9cfb7664,"Mon, 09 May 2022 13:37:01 GMT",image/tiff,5143500
18,rgi7.0|18|south=-44|west=+171,-44,172,Copernicus_DSM_COG_30_S44_00_E172_00_DEM,Copernicus_DSM_COG_30_S44_00_E172_00_DEM/Copernicus_DSM_COG_30_S44_00_E172_00_DEM.tif,https://copernicus-dem-90m.s3.amazonaws.com/Copernicus_DSM_COG_30_S44_00_E172_00_DEM/Copernicus_DSM_COG_30_S44_00_E172_00_DEM.tif,2026-09-02T02:27:08.773473+00:00,200,source_raw/Copernicus_DSM_COG_30_S44_00_E172_00_DEM.tif,3975577,734c41cd4b256414e53af1ef72cb43212d3c3e91c9b83b4f90b563aa353addb6,9ca498f91e73ce004ff506ca9e780495,"Mon, 09 May 2022 13:37:01 GMT",image/tiff,3975577
18,rgi7.0|18|south=-44|west=+171,-43,170,Copernicus_DSM_COG_30_S43_00_E170_00_DEM,Copernicus_DSM_COG_30_S43_00_E170_00_DEM/Copernicus_DSM_COG_30_S43_00_E170_00_DEM.tif,https://copernicus-dem-90m.s3.amazonaws.com/Copernicus_DSM_COG_30_S43_00_E170_00_DEM/Copernicus_DSM_COG_30_S43_00_E170_00_DEM.tif,2026-09-02T02:27:09.889506+00:00,200,source_raw/Copernicus_DSM_COG_30_S43_00_E170_00_DEM.tif,399281,fa825552d41bc6dec2ba9443be04f8636892ab7bd529ad21750fe7f4e9a58bd6,c0fbcf855962086c322c411835598489,"Mon, 09 May 2022 13:36:57 GMT",image/tiff,399281
18,rgi7.0|18|south=-44|west=+171,-43,171,Copernicus_DSM_COG_30_S43_00_E171_00_DEM,Copernicus_DSM_COG_30_S43_00_E171_00_DEM/Copernicus_DSM_COG_30_S43_00_E171_00_DEM.tif,https://copernicus-dem-90m.s3.amazonaws.com/Copernicus_DSM_COG_30_S43_00_E171_00_DEM/Copernicus_DSM_COG_30_S43_00_E171_00_DEM.tif,2026-09-02T02:27:11.640733+00:00,200,source_raw/Copernicus_DSM_COG_30_S43_00_E171_00_DEM.tif,4721507,ada1d65e3f74090698149f3d6bf2b27388ac2625a7726b9c14b2658763a88288,47640a6e616c439cc91bef49295c96b4,"Mon, 09 May 2022 13:36:57 GMT",image/tiff,4721507
18,rgi7.0|18|south=-44|west=+171,-43,172,Copernicus_DSM_COG_30_S43_00_E172_00_DEM,Copernicus_DSM_COG_30_S43_00_E172_00_DEM/Copernicus_DSM_COG_30_S43_00_E172_00_DEM.tif,https://copernicus-dem-90m.s3.amazonaws.com/Copernicus_DSM_COG_30_S43_00_E172_00_DEM/Copernicus_DSM_COG_30_S43_00_E172_00_DEM.tif,2026-09-02T02:27:13.603388+00:00,200,source_raw/Copernicus_DSM_COG_30_S43_00_E172_00_DEM.tif,5425633,bb10e585186acea20202b21bd62c119f335844ae5f3a797f54d92b1794d6cd86,9bce158b5e3e24665c143000daf81fad,"Mon, 09 May 2022 13:36:57 GMT",image/tiff,5425633
