object_id,south,row0,rows,byte_start,byte_end,url,retrieval_mode,request_start_utc,request_complete_utc,curl_exit,http_status,requested_content_range,payload_path,payload_bytes,payload_sha256,response_header_path,response_status_line,response_date,etag,last_modified,content_length,content_range,header_bytes,header_sha256
pzi_rows_s-060,-60,17868,132,3087590400,3110399999,https://microsite.geo.uzh.ch/cryodata/pf_global/PZI.flt,http_range,2026-08-31T19:38:18Z,2026-08-31T19:38:41Z,0,206,bytes 3087590400-3110399999/3110400000,data/geographic_total/source_raw/pzi/pzi_rows_s-060.rows,22809600,93e7d5cd011f79c38904d62ae1f8191b931106124a5facdd13dbac6800ddfebf,data/geographic_total/source/pzi/pzi_rows_s-060.headers,HTTP/1.1 206 Partial Content,"Mon, 31 Aug 2026 19:38:20 GMT","""4f3b7a3a-b964f000""","Wed, 15 Feb 2012 09:26:18 GMT",22809600,bytes 3087590400-3110399999/3110400000,406,c73cff543c2f20024082777073cb38019fb299e1399360bdf0d959a1b61c8db7
pzi_rows_s-055,-55,17268,144,2983910400,3008793599,https://microsite.geo.uzh.ch/cryodata/pf_global/PZI.flt,http_range,2026-08-31T19:38:18Z,2026-08-31T19:38:37Z,0,206,bytes 2983910400-3008793599/3110400000,data/geographic_total/source_raw/pzi/pzi_rows_s-055.rows,24883200,04d0d8458a13310081a8aee87af5bea848e5dca194c4c3f8ec4e4f9097793276,data/geographic_total/source/pzi/pzi_rows_s-055.headers,HTTP/1.1 206 Partial Content,"Mon, 31 Aug 2026 19:38:20 GMT","""4f3b7a3a-b964f000""","Wed, 15 Feb 2012 09:26:18 GMT",24883200,bytes 2983910400-3008793599/3110400000,406,79f1eaa038d1ab981e28a4942d9e274d1905e0a3dcd65fe0589f7f33eb8f3565
pzi_rows_s-054,-54,17148,144,2963174400,2988057599,https://microsite.geo.uzh.ch/cryodata/pf_global/PZI.flt,http_range,2026-08-31T19:38:18Z,2026-08-31T19:38:53Z,0,206,bytes 2963174400-2988057599/3110400000,data/geographic_total/source_raw/pzi/pzi_rows_s-054.rows,24883200,b97d5d6ee57e22a739e8fffc0b0a899d6d6e77ddd68b9a3c81467231e71df162,data/geographic_total/source/pzi/pzi_rows_s-054.headers,HTTP/1.1 206 Partial Content,"Mon, 31 Aug 2026 19:38:20 GMT","""4f3b7a3a-b964f000""","Wed, 15 Feb 2012 09:26:18 GMT",24883200,bytes 2963174400-2988057599/3110400000,406,c5efe61a7da076bb2215ae746e224122bedcdf668ca66260a31a0471f5e4bfb6
pzi_rows_s-047,-47,16308,144,2818022400,2842905599,https://microsite.geo.uzh.ch/cryodata/pf_global/PZI.flt,http_range,2026-08-31T19:38:18Z,2026-08-31T19:38:24Z,0,206,bytes 2818022400-2842905599/3110400000,data/geographic_total/source_raw/pzi/pzi_rows_s-047.rows,24883200,a31c636e185aa0b3888b1fc49103000315ce57d737d438881f3b672b1c7dca7f,data/geographic_total/source/pzi/pzi_rows_s-047.headers,HTTP/1.1 206 Partial Content,"Mon, 31 Aug 2026 19:38:20 GMT","""4f3b7a3a-b964f000""","Wed, 15 Feb 2012 09:26:18 GMT",24883200,bytes 2818022400-2842905599/3110400000,406,1713ff4e78b6d59a6bf922b7e95bacb2a444f0285d0e6f7df4f122b755466d5f
pzi_rows_s-045,-45,16068,144,2776550400,2801433599,https://microsite.geo.uzh.ch/cryodata/pf_global/PZI.flt,http_range,2026-08-31T19:38:18Z,2026-08-31T19:38:24Z,0,206,bytes 2776550400-2801433599/3110400000,data/geographic_total/source_raw/pzi/pzi_rows_s-045.rows,24883200,f3c3ba17c2c43f2c1c7d25d81eaebf82df1286bc6ff293aae4a0f76c09975a4f,data/geographic_total/source/pzi/pzi_rows_s-045.headers,HTTP/1.1 206 Partial Content,"Mon, 31 Aug 2026 19:38:20 GMT","""4f3b7a3a-b964f000""","Wed, 15 Feb 2012 09:26:18 GMT",24883200,bytes 2776550400-2801433599/3110400000,406,56cef3b0b061331db48a6ca086d47fbde42066a64b5d77bea38d79e5f56d2d29
pzi_rows_s-044,-44,15948,144,2755814400,2780697599,https://microsite.geo.uzh.ch/cryodata/pf_global/PZI.flt,retained_issue15_exact_reuse,,,not_applicable_reuse,206,bytes 2755814400-2780697599/3110400000,data/geographic_total/source_raw/pzi/pzi_rows_s-044.rows,24883200,046c895724ef15cb759c04d2509352c992992c6fadb121197870d2fb1715143f,data/geographic_total/source/pzi/pzi_rows_s-044.headers,HTTP/1.1 206 Partial Content,"Mon, 31 Aug 2026 14:47:14 GMT","""4f3b7a3a-b964f000""","Wed, 15 Feb 2012 09:26:18 GMT",24883200,bytes 2755814400-2780697599/3110400000,406,520f5a29657ba00174f902df90774c862aa53423a5decf8cba4d6032ad9d1fb5
pzi_rows_s-043,-43,15828,144,2735078400,2759961599,https://microsite.geo.uzh.ch/cryodata/pf_global/PZI.flt,http_range,2026-08-31T19:38:18Z,2026-08-31T19:38:24Z,0,206,bytes 2735078400-2759961599/3110400000,data/geographic_total/source_raw/pzi/pzi_rows_s-043.rows,24883200,52acb2826fb89af26671a1ab103c450655cbd323db1da0d0e4c1f77f2dd633bb,data/geographic_total/source/pzi/pzi_rows_s-043.headers,HTTP/1.1 206 Partial Content,"Mon, 31 Aug 2026 19:38:20 GMT","""4f3b7a3a-b964f000""","Wed, 15 Feb 2012 09:26:18 GMT",24883200,bytes 2735078400-2759961599/3110400000,406,793798673619e36f0ab780bc03aadd21fc7d004719da88c3a024436de012a790
pzi_rows_s-042,-42,15708,144,2714342400,2739225599,https://microsite.geo.uzh.ch/cryodata/pf_global/PZI.flt,http_range,2026-08-31T19:38:18Z,2026-08-31T19:39:03Z,0,206,bytes 2714342400-2739225599/3110400000,data/geographic_total/source_raw/pzi/pzi_rows_s-042.rows,24883200,0bd9d5cad76d2e0d25c97fcf963bad3a701efe3b6f3749ae504b1e2179b78651,data/geographic_total/source/pzi/pzi_rows_s-042.headers,HTTP/1.1 206 Partial Content,"Mon, 31 Aug 2026 19:38:20 GMT","""4f3b7a3a-b964f000""","Wed, 15 Feb 2012 09:26:18 GMT",24883200,bytes 2714342400-2739225599/3110400000,406,e28cb58bcb1974f699526677449213d7618973a654b2b712bcb3f7e1d0aa1db9
pzi_rows_s-040,-40,15468,144,2672870400,2697753599,https://microsite.geo.uzh.ch/cryodata/pf_global/PZI.flt,http_range,2026-08-31T19:38:18Z,2026-08-31T19:38:26Z,0,206,bytes 2672870400-2697753599/3110400000,data/geographic_total/source_raw/pzi/pzi_rows_s-040.rows,24883200,b550562bc4861b4016b5013079c77ac6dc653e798b2dca2e42772c47ecd33f49,data/geographic_total/source/pzi/pzi_rows_s-040.headers,HTTP/1.1 206 Partial Content,"Mon, 31 Aug 2026 19:38:21 GMT","""4f3b7a3a-b964f000""","Wed, 15 Feb 2012 09:26:18 GMT",24883200,bytes 2672870400-2697753599/3110400000,406,beb115727c1d7a2a9b38babb42e571ba7b745664ba434bce3f29d7011962c444
pzi_rows_s-039,-39,15348,144,2652134400,2677017599,https://microsite.geo.uzh.ch/cryodata/pf_global/PZI.flt,http_range,2026-08-31T19:38:24Z,2026-08-31T19:39:04Z,0,206,bytes 2652134400-2677017599/3110400000,data/geographic_total/source_raw/pzi/pzi_rows_s-039.rows,24883200,510531b6d92009ca2d0ec0efaac51bdfac0620777d7fccaf5af9e2809d72e409,data/geographic_total/source/pzi/pzi_rows_s-039.headers,HTTP/1.1 206 Partial Content,"Mon, 31 Aug 2026 19:38:25 GMT","""4f3b7a3a-b964f000""","Wed, 15 Feb 2012 09:26:18 GMT",24883200,bytes 2652134400-2677017599/3110400000,406,e8503e45d3fd4792344a9064e8a40816625e6cf206e1b21c9a3bc0ec4384298f
pzi_rows_s-037,-37,15108,144,2610662400,2635545599,https://microsite.geo.uzh.ch/cryodata/pf_global/PZI.flt,http_range,2026-08-31T19:38:24Z,2026-08-31T19:38:28Z,0,206,bytes 2610662400-2635545599/3110400000,data/geographic_total/source_raw/pzi/pzi_rows_s-037.rows,24883200,171a9bbcbe9575a646f30d58737ecf5d14767cb4a1ad86de9f0442a9aba95fe0,data/geographic_total/source/pzi/pzi_rows_s-037.headers,HTTP/1.1 206 Partial Content,"Mon, 31 Aug 2026 19:38:25 GMT","""4f3b7a3a-b964f000""","Wed, 15 Feb 2012 09:26:18 GMT",24883200,bytes 2610662400-2635545599/3110400000,406,859f85d2886587dcfce6b124f3b3fb21b008e53c2a5700dd1f85d7991a03273a
pzi_rows_s-036,-36,14988,144,2589926400,2614809599,https://microsite.geo.uzh.ch/cryodata/pf_global/PZI.flt,http_range,2026-08-31T19:38:24Z,2026-08-31T19:39:01Z,0,206,bytes 2589926400-2614809599/3110400000,data/geographic_total/source_raw/pzi/pzi_rows_s-036.rows,24883200,cc2b9f3b09a48f59fba0062797bf06d8618583844fd06bad131412cf9855dd7a,data/geographic_total/source/pzi/pzi_rows_s-036.headers,HTTP/1.1 206 Partial Content,"Mon, 31 Aug 2026 19:38:25 GMT","""4f3b7a3a-b964f000""","Wed, 15 Feb 2012 09:26:18 GMT",24883200,bytes 2589926400-2614809599/3110400000,406,5d9ae79a51eb7a064b2ff75a297124c761b1a85361aff2e28f38d329a5bb4b88
pzi_rows_s-016,-16,12588,144,2175206400,2200089599,https://microsite.geo.uzh.ch/cryodata/pf_global/PZI.flt,http_range,2026-08-31T19:38:27Z,2026-08-31T19:38:34Z,0,206,bytes 2175206400-2200089599/3110400000,data/geographic_total/source_raw/pzi/pzi_rows_s-016.rows,24883200,0999b597fc054d27db0ad5dcee486c2d0888692e0ebfb011fbc4433c5f13fa28,data/geographic_total/source/pzi/pzi_rows_s-016.headers,HTTP/1.1 206 Partial Content,"Mon, 31 Aug 2026 19:38:27 GMT","""4f3b7a3a-b964f000""","Wed, 15 Feb 2012 09:26:18 GMT",24883200,bytes 2175206400-2200089599/3110400000,406,984c80e168b2522fe71a66125a1db09762027f3907fd329fc052ef3b38970c68
pzi_rows_s-014,-14,12348,144,2133734400,2158617599,https://microsite.geo.uzh.ch/cryodata/pf_global/PZI.flt,http_range,2026-08-31T19:38:28Z,2026-08-31T19:38:38Z,0,206,bytes 2133734400-2158617599/3110400000,data/geographic_total/source_raw/pzi/pzi_rows_s-014.rows,24883200,045973b5e0ba210081c0c30dbde70168ae75788f01767457bdd7214d83a7a11c,data/geographic_total/source/pzi/pzi_rows_s-014.headers,HTTP/1.1 206 Partial Content,"Mon, 31 Aug 2026 19:38:29 GMT","""4f3b7a3a-b964f000""","Wed, 15 Feb 2012 09:26:18 GMT",24883200,bytes 2133734400-2158617599/3110400000,406,e069128301c970c0ca228cbeaa352c26e9ac43e59eb71dfe64d8b66874eb9c64
pzi_rows_s+006,6,9948,144,1719014400,1743897599,https://microsite.geo.uzh.ch/cryodata/pf_global/PZI.flt,http_range,2026-08-31T19:38:34Z,2026-08-31T19:38:45Z,0,206,bytes 1719014400-1743897599/3110400000,data/geographic_total/source_raw/pzi/pzi_rows_s+006.rows,24883200,387b1dbfaf198780e3dd7e3c1583ff1b1e6da202d5a7b7dd713eb86afcf4ebcd,data/geographic_total/source/pzi/pzi_rows_s+006.headers,HTTP/1.1 206 Partial Content,"Mon, 31 Aug 2026 19:38:35 GMT","""4f3b7a3a-b964f000""","Wed, 15 Feb 2012 09:26:18 GMT",24883200,bytes 1719014400-1743897599/3110400000,406,6d00cb77d9d65a4fa64f2f39c356a8fdd8ca64dd933fb0c7bbbca8f3c50cf92d
pzi_rows_s+027,27,7428,144,1283558400,1308441599,https://microsite.geo.uzh.ch/cryodata/pf_global/PZI.flt,http_range,2026-08-31T19:38:37Z,2026-08-31T19:38:41Z,0,206,bytes 1283558400-1308441599/3110400000,data/geographic_total/source_raw/pzi/pzi_rows_s+027.rows,24883200,e82a3372ab44da178ae30050ad808d49556f79c8d99714ed007c43db31c70e5d,data/geographic_total/source/pzi/pzi_rows_s+027.headers,HTTP/1.1 206 Partial Content,"Mon, 31 Aug 2026 19:38:38 GMT","""4f3b7a3a-b964f000""","Wed, 15 Feb 2012 09:26:18 GMT",24883200,bytes 1283558400-1308441599/3110400000,406,4992d74320eea810b977e0e2576c48324a52294590ef022040542603301459bd
pzi_rows_s+029,29,7188,144,1242086400,1266969599,https://microsite.geo.uzh.ch/cryodata/pf_global/PZI.flt,http_range,2026-08-31T19:38:38Z,2026-08-31T19:38:42Z,0,206,bytes 1242086400-1266969599/3110400000,data/geographic_total/source_raw/pzi/pzi_rows_s+029.rows,24883200,bb478c27b707cf0658b835ce57006a34aa87847d3b40a2af6ebcbe2810f17e52,data/geographic_total/source/pzi/pzi_rows_s+029.headers,HTTP/1.1 206 Partial Content,"Mon, 31 Aug 2026 19:38:39 GMT","""4f3b7a3a-b964f000""","Wed, 15 Feb 2012 09:26:18 GMT",24883200,bytes 1242086400-1266969599/3110400000,406,6aac005ec5a4877587134e10b4976de8e25b159efa7f486816132fd0d53c0fce
pzi_rows_s+034,34,6588,144,1138406400,1163289599,https://microsite.geo.uzh.ch/cryodata/pf_global/PZI.flt,http_range,2026-08-31T19:38:41Z,2026-08-31T19:38:50Z,0,206,bytes 1138406400-1163289599/3110400000,data/geographic_total/source_raw/pzi/pzi_rows_s+034.rows,24883200,5edb5cd1eb1312ed40d3ae9435320265b69c1550e46d2a5de5ef137331dc55e7,data/geographic_total/source/pzi/pzi_rows_s+034.headers,HTTP/1.1 206 Partial Content,"Mon, 31 Aug 2026 19:38:41 GMT","""4f3b7a3a-b964f000""","Wed, 15 Feb 2012 09:26:18 GMT",24883200,bytes 1138406400-1163289599/3110400000,406,b725eec0b618089227c4092d08af64a4dee2763c1404b40418383bfd0d94a475
pzi_rows_s+035,35,6468,144,1117670400,1142553599,https://microsite.geo.uzh.ch/cryodata/pf_global/PZI.flt,http_range,2026-08-31T19:38:41Z,2026-08-31T19:39:11Z,0,206,bytes 1117670400-1142553599/3110400000,data/geographic_total/source_raw/pzi/pzi_rows_s+035.rows,24883200,a2314e65c764aa196e888a6b9cac35bebd2a989210eb545a3f2679880bba3c4f,data/geographic_total/source/pzi/pzi_rows_s+035.headers,HTTP/1.1 206 Partial Content,"Mon, 31 Aug 2026 19:38:41 GMT","""4f3b7a3a-b964f000""","Wed, 15 Feb 2012 09:26:18 GMT",24883200,bytes 1117670400-1142553599/3110400000,406,ebea99f74987ef5faff9671c79efd9e578eb3f8d2cc557a580970a301d7593a2
pzi_rows_s+036,36,6348,144,1096934400,1121817599,https://microsite.geo.uzh.ch/cryodata/pf_global/PZI.flt,http_range,2026-08-31T19:38:42Z,2026-08-31T19:38:48Z,0,206,bytes 1096934400-1121817599/3110400000,data/geographic_total/source_raw/pzi/pzi_rows_s+036.rows,24883200,1f12515113db3d940dedd00dfbc7aaa2db8a1b32a62f25abaef7a05d8a5a0eae,data/geographic_total/source/pzi/pzi_rows_s+036.headers,HTTP/1.1 206 Partial Content,"Mon, 31 Aug 2026 19:38:43 GMT","""4f3b7a3a-b964f000""","Wed, 15 Feb 2012 09:26:18 GMT",24883200,bytes 1096934400-1121817599/3110400000,406,6a337e94a0a455f374260db3c3d088a9c29dbda11610aff0616312b826a00dc5
pzi_rows_s+037,37,6228,144,1076198400,1101081599,https://microsite.geo.uzh.ch/cryodata/pf_global/PZI.flt,http_range,2026-08-31T19:38:45Z,2026-08-31T19:38:50Z,0,206,bytes 1076198400-1101081599/3110400000,data/geographic_total/source_raw/pzi/pzi_rows_s+037.rows,24883200,e371320113ec0f2a6db6349e229c4ac91a8375c7fc2fefdebac1191ae8e980a7,data/geographic_total/source/pzi/pzi_rows_s+037.headers,HTTP/1.1 206 Partial Content,"Mon, 31 Aug 2026 19:38:46 GMT","""4f3b7a3a-b964f000""","Wed, 15 Feb 2012 09:26:18 GMT",24883200,bytes 1076198400-1101081599/3110400000,406,15dcf5a4c9b86244290d5b9349e9ca0d411b44e6ea1bc8b78e3de84d78257c1d
pzi_rows_s+038,38,6108,144,1055462400,1080345599,https://microsite.geo.uzh.ch/cryodata/pf_global/PZI.flt,http_range,2026-08-31T19:38:48Z,2026-08-31T19:39:04Z,0,206,bytes 1055462400-1080345599/3110400000,data/geographic_total/source_raw/pzi/pzi_rows_s+038.rows,24883200,8032d7eae233138f7e639d87521ca6f2be7d299db46f2fb7147511a8f6ecf3a0,data/geographic_total/source/pzi/pzi_rows_s+038.headers,HTTP/1.1 206 Partial Content,"Mon, 31 Aug 2026 19:38:48 GMT","""4f3b7a3a-b964f000""","Wed, 15 Feb 2012 09:26:18 GMT",24883200,bytes 1055462400-1080345599/3110400000,406,1f5155960d155efd368e5c06ffff1d6f68d2dc01ac18ba582eb1aa01f2535f09
pzi_rows_s+040,40,5868,144,1013990400,1038873599,https://microsite.geo.uzh.ch/cryodata/pf_global/PZI.flt,http_range,2026-08-31T19:38:50Z,2026-08-31T19:38:59Z,0,206,bytes 1013990400-1038873599/3110400000,data/geographic_total/source_raw/pzi/pzi_rows_s+040.rows,24883200,978cae8c0c1cca59a833341811eeddd9c2f0880c2f4546b1803304ae74c1e803,data/geographic_total/source/pzi/pzi_rows_s+040.headers,HTTP/1.1 206 Partial Content,"Mon, 31 Aug 2026 19:38:50 GMT","""4f3b7a3a-b964f000""","Wed, 15 Feb 2012 09:26:18 GMT",24883200,bytes 1013990400-1038873599/3110400000,406,a566aa7e31ed77a701c10e70b00814bf1f3f8e1f84367b266f8240f9fe0caee6
pzi_rows_s+041,41,5748,144,993254400,1018137599,https://microsite.geo.uzh.ch/cryodata/pf_global/PZI.flt,http_range,2026-08-31T19:38:50Z,2026-08-31T19:38:54Z,0,206,bytes 993254400-1018137599/3110400000,data/geographic_total/source_raw/pzi/pzi_rows_s+041.rows,24883200,86bf9e80de1006b8a76d0d480a46959b6de38555f5e1e201a404b21e5a110602,data/geographic_total/source/pzi/pzi_rows_s+041.headers,HTTP/1.1 206 Partial Content,"Mon, 31 Aug 2026 19:38:50 GMT","""4f3b7a3a-b964f000""","Wed, 15 Feb 2012 09:26:18 GMT",24883200,bytes 993254400-1018137599/3110400000,405,acfb6665e4ae126d253096b92239a7fafdfc1b49c828c035b34aa7dc8ce73281
pzi_rows_s+042,42,5628,144,972518400,997401599,https://microsite.geo.uzh.ch/cryodata/pf_global/PZI.flt,http_range,2026-08-31T19:38:53Z,2026-08-31T19:38:57Z,0,206,bytes 972518400-997401599/3110400000,data/geographic_total/source_raw/pzi/pzi_rows_s+042.rows,24883200,186e9bf5092ce9ae786569bf0f63225c6a77b7b17dd8698f888e1a6159a4402b,data/geographic_total/source/pzi/pzi_rows_s+042.headers,HTTP/1.1 206 Partial Content,"Mon, 31 Aug 2026 19:38:54 GMT","""4f3b7a3a-b964f000""","Wed, 15 Feb 2012 09:26:18 GMT",24883200,bytes 972518400-997401599/3110400000,404,d4a25929d4e49ac7eeea13a91930711021ce45974dc781524346e6114cb8007d
pzi_rows_s+043,43,5508,144,951782400,976665599,https://microsite.geo.uzh.ch/cryodata/pf_global/PZI.flt,http_range,2026-08-31T19:38:55Z,2026-08-31T19:38:58Z,0,206,bytes 951782400-976665599/3110400000,data/geographic_total/source_raw/pzi/pzi_rows_s+043.rows,24883200,f9845af8a14245372ff28171253a59eefc2509ee93825b20c226760feef7c843,data/geographic_total/source/pzi/pzi_rows_s+043.headers,HTTP/1.1 206 Partial Content,"Mon, 31 Aug 2026 19:38:55 GMT","""4f3b7a3a-b964f000""","Wed, 15 Feb 2012 09:26:18 GMT",24883200,bytes 951782400-976665599/3110400000,404,01ade4051dc82272cbe8e3063a56c22187d7c4ceb3a2ff1be8bef2a098a209bf
pzi_rows_s+046,46,5148,144,889574400,914457599,https://microsite.geo.uzh.ch/cryodata/pf_global/PZI.flt,http_range,2026-08-31T19:38:57Z,2026-08-31T19:39:02Z,0,206,bytes 889574400-914457599/3110400000,data/geographic_total/source_raw/pzi/pzi_rows_s+046.rows,24883200,fcd8f5760014b0c97691bc070ad8a60cf3346ff68bc4362f8d90ce3f4572c6ac,data/geographic_total/source/pzi/pzi_rows_s+046.headers,HTTP/1.1 206 Partial Content,"Mon, 31 Aug 2026 19:38:58 GMT","""4f3b7a3a-b964f000""","Wed, 15 Feb 2012 09:26:18 GMT",24883200,bytes 889574400-914457599/3110400000,404,d2d0ccafbdd1f323fb107d67c01152da9a1cea33ec45f7b3a21af282fa0b3268
pzi_rows_s+047,47,5028,144,868838400,893721599,https://microsite.geo.uzh.ch/cryodata/pf_global/PZI.flt,http_range,2026-08-31T19:38:58Z,2026-08-31T19:39:25Z,0,206,bytes 868838400-893721599/3110400000,data/geographic_total/source_raw/pzi/pzi_rows_s+047.rows,24883200,6598cc0c282dfb9992c2ee8b1354823f21879e864c272a6af32bcb4969e06485,data/geographic_total/source/pzi/pzi_rows_s+047.headers,HTTP/1.1 206 Partial Content,"Mon, 31 Aug 2026 19:38:59 GMT","""4f3b7a3a-b964f000""","Wed, 15 Feb 2012 09:26:18 GMT",24883200,bytes 868838400-893721599/3110400000,404,9ca97aa77732fb830bddaa6eab2273329a62416903edaf335218bc6d92add267
pzi_rows_s+051,51,4548,144,785894400,810777599,https://microsite.geo.uzh.ch/cryodata/pf_global/PZI.flt,http_range,2026-08-31T19:38:59Z,2026-08-31T19:39:03Z,0,206,bytes 785894400-810777599/3110400000,data/geographic_total/source_raw/pzi/pzi_rows_s+051.rows,24883200,22da4d73c7c29c44ecb7ebc80e8e48944215fc08a0166a4659020ad2be3a2910,data/geographic_total/source/pzi/pzi_rows_s+051.headers,HTTP/1.1 206 Partial Content,"Mon, 31 Aug 2026 19:39:00 GMT","""4f3b7a3a-b964f000""","Wed, 15 Feb 2012 09:26:18 GMT",24883200,bytes 785894400-810777599/3110400000,404,c62bc5e52e7533e2c1b32346bb8dba638b24c53657ebce3737ee56d67289b0f6
pzi_rows_s+052,52,4428,144,765158400,790041599,https://microsite.geo.uzh.ch/cryodata/pf_global/PZI.flt,http_range,2026-08-31T19:39:01Z,2026-08-31T19:39:05Z,0,206,bytes 765158400-790041599/3110400000,data/geographic_total/source_raw/pzi/pzi_rows_s+052.rows,24883200,2c35a79c540846cca2ea9d581d7825d85487c0e24a9b4059e51df50f3b03c774,data/geographic_total/source/pzi/pzi_rows_s+052.headers,HTTP/1.1 206 Partial Content,"Mon, 31 Aug 2026 19:39:02 GMT","""4f3b7a3a-b964f000""","Wed, 15 Feb 2012 09:26:18 GMT",24883200,bytes 765158400-790041599/3110400000,404,2ff7faaebd3bf44f1e19c181b09dcb1107cb9aa60fabe162c252afae2e6923dd
pzi_rows_s+054,54,4188,144,723686400,748569599,https://microsite.geo.uzh.ch/cryodata/pf_global/PZI.flt,http_range,2026-08-31T19:39:02Z,2026-08-31T19:39:26Z,0,206,bytes 723686400-748569599/3110400000,data/geographic_total/source_raw/pzi/pzi_rows_s+054.rows,24883200,5cd03cfe1560829fe8dfa379c05d78571bddf948ba2d48000874bc4317a08290,data/geographic_total/source/pzi/pzi_rows_s+054.headers,HTTP/1.1 206 Partial Content,"Mon, 31 Aug 2026 19:39:02 GMT","""4f3b7a3a-b964f000""","Wed, 15 Feb 2012 09:26:18 GMT",24883200,bytes 723686400-748569599/3110400000,404,2def9dc4cd99fb115c8a24bf3ba63854cb6ac973095ee5185e005c0d02050161
pzi_rows_s+056,56,3948,144,682214400,707097599,https://microsite.geo.uzh.ch/cryodata/pf_global/PZI.flt,http_range,2026-08-31T19:39:03Z,2026-08-31T19:39:07Z,0,206,bytes 682214400-707097599/3110400000,data/geographic_total/source_raw/pzi/pzi_rows_s+056.rows,24883200,e3376c7e549e281debfcad144fd33a1662933a0a2e40a1b5591dcb98777217ce,data/geographic_total/source/pzi/pzi_rows_s+056.headers,HTTP/1.1 206 Partial Content,"Mon, 31 Aug 2026 19:39:04 GMT","""4f3b7a3a-b964f000""","Wed, 15 Feb 2012 09:26:18 GMT",24883200,bytes 682214400-707097599/3110400000,404,b2ece2f0016c70672bae331d56682a2025e0641d9e90b31f3bdaaaf56ccd76c4
pzi_rows_s+057,57,3828,144,661478400,686361599,https://microsite.geo.uzh.ch/cryodata/pf_global/PZI.flt,http_range,2026-08-31T19:39:03Z,2026-08-31T19:39:11Z,0,206,bytes 661478400-686361599/3110400000,data/geographic_total/source_raw/pzi/pzi_rows_s+057.rows,24883200,a9d9db1f2beebbd6f59a126a15ed926e807e419842723682923b5dfce4202360,data/geographic_total/source/pzi/pzi_rows_s+057.headers,HTTP/1.1 206 Partial Content,"Mon, 31 Aug 2026 19:39:04 GMT","""4f3b7a3a-b964f000""","Wed, 15 Feb 2012 09:26:18 GMT",24883200,bytes 661478400-686361599/3110400000,404,28e608b4e6e4cdb4b21f844e574eadba03a013c18252e2cc0d3c91486c8165dc
pzi_rows_s+058,58,3708,144,640742400,665625599,https://microsite.geo.uzh.ch/cryodata/pf_global/PZI.flt,http_range,2026-08-31T19:39:04Z,2026-08-31T19:39:12Z,0,206,bytes 640742400-665625599/3110400000,data/geographic_total/source_raw/pzi/pzi_rows_s+058.rows,24883200,7c6f90cd553cd8bb84f92e1571e0a092885948b9b73533f8654e3f44fbb7e4b9,data/geographic_total/source/pzi/pzi_rows_s+058.headers,HTTP/1.1 206 Partial Content,"Mon, 31 Aug 2026 19:39:04 GMT","""4f3b7a3a-b964f000""","Wed, 15 Feb 2012 09:26:18 GMT",24883200,bytes 640742400-665625599/3110400000,404,49625f913ae08c3f6abcd5b7564985870557d00e56440db067e44c419c874468
pzi_rows_s+059,59,3588,144,620006400,644889599,https://microsite.geo.uzh.ch/cryodata/pf_global/PZI.flt,http_range,2026-08-31T19:39:04Z,2026-08-31T19:39:48Z,0,206,bytes 620006400-644889599/3110400000,data/geographic_total/source_raw/pzi/pzi_rows_s+059.rows,24883200,38c4c77f7913d691374e527cf86aa08d6634e6a6c12619843ea3327b4d149d3f,data/geographic_total/source/pzi/pzi_rows_s+059.headers,HTTP/1.1 206 Partial Content,"Mon, 31 Aug 2026 19:39:04 GMT","""4f3b7a3a-b964f000""","Wed, 15 Feb 2012 09:26:18 GMT",24883200,bytes 620006400-644889599/3110400000,404,4fa3803e649b67514d152dbad353342da5ce460f352c15626e9854aedcb9c63a
pzi_rows_s+060,60,3468,144,599270400,624153599,https://microsite.geo.uzh.ch/cryodata/pf_global/PZI.flt,http_range,2026-08-31T19:39:05Z,2026-08-31T19:39:08Z,0,206,bytes 599270400-624153599/3110400000,data/geographic_total/source_raw/pzi/pzi_rows_s+060.rows,24883200,9933494a2e186ec31483558bd945a5be62137cb176411489aac890a2ff36085b,data/geographic_total/source/pzi/pzi_rows_s+060.headers,HTTP/1.1 206 Partial Content,"Mon, 31 Aug 2026 19:39:05 GMT","""4f3b7a3a-b964f000""","Wed, 15 Feb 2012 09:26:18 GMT",24883200,bytes 599270400-624153599/3110400000,404,26bbdd6aade4ba4fe9df97aece1694dc403dc39279ff60eb7d3ac31bbcac587a
pzi_rows_s+061,61,3348,144,578534400,603417599,https://microsite.geo.uzh.ch/cryodata/pf_global/PZI.flt,http_range,2026-08-31T19:39:07Z,2026-08-31T19:39:11Z,0,206,bytes 578534400-603417599/3110400000,data/geographic_total/source_raw/pzi/pzi_rows_s+061.rows,24883200,4751ccde63c908a5b67d35f81df284193295e81eee8445d0ea28f20afd8b6c4c,data/geographic_total/source/pzi/pzi_rows_s+061.headers,HTTP/1.1 206 Partial Content,"Mon, 31 Aug 2026 19:39:07 GMT","""4f3b7a3a-b964f000""","Wed, 15 Feb 2012 09:26:18 GMT",24883200,bytes 578534400-603417599/3110400000,404,421e16dd0e3fb43392dd91e09944bdff410b10795a8091bc43904377a853a59f
pzi_rows_s+063,63,3108,144,537062400,561945599,https://microsite.geo.uzh.ch/cryodata/pf_global/PZI.flt,http_range,2026-08-31T19:39:08Z,2026-08-31T19:39:48Z,0,206,bytes 537062400-561945599/3110400000,data/geographic_total/source_raw/pzi/pzi_rows_s+063.rows,24883200,dadf10b0674a5e51eebe9b591a05b2dbc5b04a11f1fc0678393b9f564f0b1c9a,data/geographic_total/source/pzi/pzi_rows_s+063.headers,HTTP/1.1 206 Partial Content,"Mon, 31 Aug 2026 19:39:09 GMT","""4f3b7a3a-b964f000""","Wed, 15 Feb 2012 09:26:18 GMT",24883200,bytes 537062400-561945599/3110400000,404,9c6936d834ba78c7adbe77d039bc4608f3a744d5871ac9fc0f27c3493e23deb4
pzi_rows_s+066,66,2748,144,474854400,499737599,https://microsite.geo.uzh.ch/cryodata/pf_global/PZI.flt,http_range,2026-08-31T19:39:11Z,2026-08-31T19:39:15Z,0,206,bytes 474854400-499737599/3110400000,data/geographic_total/source_raw/pzi/pzi_rows_s+066.rows,24883200,a103444f932352cac6b22cc4b200dd7b68e90816ae807aa3560bbf024b5d862a,data/geographic_total/source/pzi/pzi_rows_s+066.headers,HTTP/1.1 206 Partial Content,"Mon, 31 Aug 2026 19:39:11 GMT","""4f3b7a3a-b964f000""","Wed, 15 Feb 2012 09:26:18 GMT",24883200,bytes 474854400-499737599/3110400000,404,75e9aeb432b1702c45bd2c77a93298d8d9a06f28c61e52cd0dee89fe44fde920
pzi_rows_s+067,67,2628,144,454118400,479001599,https://microsite.geo.uzh.ch/cryodata/pf_global/PZI.flt,http_range,2026-08-31T19:39:11Z,2026-08-31T19:39:15Z,0,206,bytes 454118400-479001599/3110400000,data/geographic_total/source_raw/pzi/pzi_rows_s+067.rows,24883200,56c827313826248d5bda8f13b9884363539467943543b388984c54d72a067470,data/geographic_total/source/pzi/pzi_rows_s+067.headers,HTTP/1.1 206 Partial Content,"Mon, 31 Aug 2026 19:39:12 GMT","""4f3b7a3a-b964f000""","Wed, 15 Feb 2012 09:26:18 GMT",24883200,bytes 454118400-479001599/3110400000,404,67dd5d4f10b2989425ce473f88fbcb0b86d78ebe8997dba89eb7b3cbf5dc49fa
pzi_rows_s+068,68,2508,144,433382400,458265599,https://microsite.geo.uzh.ch/cryodata/pf_global/PZI.flt,http_range,2026-08-31T19:39:11Z,2026-08-31T19:39:33Z,0,206,bytes 433382400-458265599/3110400000,data/geographic_total/source_raw/pzi/pzi_rows_s+068.rows,24883200,c14f4a55de3b532d46b4010adbfe5f27400c82c1596f9697ecac7446eed83b39,data/geographic_total/source/pzi/pzi_rows_s+068.headers,HTTP/1.1 206 Partial Content,"Mon, 31 Aug 2026 19:39:12 GMT","""4f3b7a3a-b964f000""","Wed, 15 Feb 2012 09:26:18 GMT",24883200,bytes 433382400-458265599/3110400000,404,28d105c7c6356fa66e6647b8c9f03354227f4b067abcd31214c4d1ee616dbfce
pzi_rows_s+069,69,2388,144,412646400,437529599,https://microsite.geo.uzh.ch/cryodata/pf_global/PZI.flt,http_range,2026-08-31T19:39:12Z,2026-08-31T19:39:19Z,0,206,bytes 412646400-437529599/3110400000,data/geographic_total/source_raw/pzi/pzi_rows_s+069.rows,24883200,c7efcb44cf160ab714ddc342efc5bc9b06b5c7e26fef60aa1a3f832f812a7213,data/geographic_total/source/pzi/pzi_rows_s+069.headers,HTTP/1.1 206 Partial Content,"Mon, 31 Aug 2026 19:39:12 GMT","""4f3b7a3a-b964f000""","Wed, 15 Feb 2012 09:26:18 GMT",24883200,bytes 412646400-437529599/3110400000,404,58b206ac652efcdda1aeae944f1166e685b7613ba64a278ca731e4e7077c28f1
pzi_rows_s+070,70,2268,144,391910400,416793599,https://microsite.geo.uzh.ch/cryodata/pf_global/PZI.flt,http_range,2026-08-31T19:39:15Z,2026-08-31T19:39:19Z,0,206,bytes 391910400-416793599/3110400000,data/geographic_total/source_raw/pzi/pzi_rows_s+070.rows,24883200,edf84f8d94096a320105feb163dc20aec634a9b80d019ac830587a2672d234c5,data/geographic_total/source/pzi/pzi_rows_s+070.headers,HTTP/1.1 206 Partial Content,"Mon, 31 Aug 2026 19:39:16 GMT","""4f3b7a3a-b964f000""","Wed, 15 Feb 2012 09:26:18 GMT",24883200,bytes 391910400-416793599/3110400000,404,f5299b5250f938b14e50e0762c0e34d9aa6e60562b481aaf58cc036d7c5bbd7e
pzi_rows_s+071,71,2148,144,371174400,396057599,https://microsite.geo.uzh.ch/cryodata/pf_global/PZI.flt,http_range,2026-08-31T19:39:15Z,2026-08-31T19:39:19Z,0,206,bytes 371174400-396057599/3110400000,data/geographic_total/source_raw/pzi/pzi_rows_s+071.rows,24883200,55612036c15066ab7fac7dd53b9ef3b2ac7c1702223cab2a0b07186dbbefb898,data/geographic_total/source/pzi/pzi_rows_s+071.headers,HTTP/1.1 206 Partial Content,"Mon, 31 Aug 2026 19:39:16 GMT","""4f3b7a3a-b964f000""","Wed, 15 Feb 2012 09:26:18 GMT",24883200,bytes 371174400-396057599/3110400000,404,763ad02359048a250df3d33482a1f2a08aaec1888744af180efb10e08d1602b3
pzi_rows_s+073,73,1908,144,329702400,354585599,https://microsite.geo.uzh.ch/cryodata/pf_global/PZI.flt,http_range,2026-08-31T19:39:19Z,2026-08-31T19:39:22Z,0,206,bytes 329702400-354585599/3110400000,data/geographic_total/source_raw/pzi/pzi_rows_s+073.rows,24883200,31d3d0d01c6c5df997f72c76613ce6f7d272bb229d19f4891895c67e79af26a8,data/geographic_total/source/pzi/pzi_rows_s+073.headers,HTTP/1.1 206 Partial Content,"Mon, 31 Aug 2026 19:39:19 GMT","""4f3b7a3a-b964f000""","Wed, 15 Feb 2012 09:26:18 GMT",24883200,bytes 329702400-354585599/3110400000,404,321e94a988c11a6baf00e5fdcf73dc3a005bb3ed8b2d868d225c87462bc24220
pzi_rows_s+075,75,1668,144,288230400,313113599,https://microsite.geo.uzh.ch/cryodata/pf_global/PZI.flt,http_range,2026-08-31T19:39:19Z,2026-08-31T19:39:35Z,0,206,bytes 288230400-313113599/3110400000,data/geographic_total/source_raw/pzi/pzi_rows_s+075.rows,24883200,1ebe12e57a9f7b8920f334894b6a68eaaf54d90c1e58c9088445fd0f902081e4,data/geographic_total/source/pzi/pzi_rows_s+075.headers,HTTP/1.1 206 Partial Content,"Mon, 31 Aug 2026 19:39:20 GMT","""4f3b7a3a-b964f000""","Wed, 15 Feb 2012 09:26:18 GMT",24883200,bytes 288230400-313113599/3110400000,404,4a51ef5ad7106475de6554374d4968cee57cd8108351a7b0cdb0110f1a7693d8
pzi_rows_s+076,76,1548,144,267494400,292377599,https://microsite.geo.uzh.ch/cryodata/pf_global/PZI.flt,http_range,2026-08-31T19:39:19Z,2026-08-31T19:39:39Z,0,206,bytes 267494400-292377599/3110400000,data/geographic_total/source_raw/pzi/pzi_rows_s+076.rows,24883200,ea62cd35b298081bf72e2f356b9525e78b0154f84c8c12f2a767be77443274ce,data/geographic_total/source/pzi/pzi_rows_s+076.headers,HTTP/1.1 206 Partial Content,"Mon, 31 Aug 2026 19:39:20 GMT","""4f3b7a3a-b964f000""","Wed, 15 Feb 2012 09:26:18 GMT",24883200,bytes 267494400-292377599/3110400000,404,59a7cffcb453bd8844be31868216b4997310cb16b3f2327a960a71199f766aff
pzi_rows_s+077,77,1428,144,246758400,271641599,https://microsite.geo.uzh.ch/cryodata/pf_global/PZI.flt,http_range,2026-08-31T19:39:22Z,2026-08-31T19:39:50Z,0,206,bytes 246758400-271641599/3110400000,data/geographic_total/source_raw/pzi/pzi_rows_s+077.rows,24883200,38dec1a933e0fd8da5ac4df36834715145a3a161abfbd0fb4ed86e0f9dae89c3,data/geographic_total/source/pzi/pzi_rows_s+077.headers,HTTP/1.1 206 Partial Content,"Mon, 31 Aug 2026 19:39:23 GMT","""4f3b7a3a-b964f000""","Wed, 15 Feb 2012 09:26:18 GMT",24883200,bytes 246758400-271641599/3110400000,404,3f321fc524a450040b6fa9693fffc7d61fe6df39291461a04c27b5946c478e89
pzi_rows_s+078,78,1308,144,226022400,250905599,https://microsite.geo.uzh.ch/cryodata/pf_global/PZI.flt,http_range,2026-08-31T19:39:25Z,2026-08-31T19:39:29Z,0,206,bytes 226022400-250905599/3110400000,data/geographic_total/source_raw/pzi/pzi_rows_s+078.rows,24883200,a9e7a53fc7bc56ddda42f6a9ab924c99c8e9105e6b7a60479841a3233af430f2,data/geographic_total/source/pzi/pzi_rows_s+078.headers,HTTP/1.1 206 Partial Content,"Mon, 31 Aug 2026 19:39:26 GMT","""4f3b7a3a-b964f000""","Wed, 15 Feb 2012 09:26:18 GMT",24883200,bytes 226022400-250905599/3110400000,404,bda6da0a65f26b3ee628e103af1cc1a68f159975986956dcf9f37f3840f72cf0
pzi_rows_s+079,79,1188,144,205286400,230169599,https://microsite.geo.uzh.ch/cryodata/pf_global/PZI.flt,http_range,2026-08-31T19:39:26Z,2026-08-31T19:39:49Z,0,206,bytes 205286400-230169599/3110400000,data/geographic_total/source_raw/pzi/pzi_rows_s+079.rows,24883200,35713ae615a336400ac5ed147f54ccbd120723f8b5de1928e7531afd527384a3,data/geographic_total/source/pzi/pzi_rows_s+079.headers,HTTP/1.1 206 Partial Content,"Mon, 31 Aug 2026 19:39:26 GMT","""4f3b7a3a-b964f000""","Wed, 15 Feb 2012 09:26:18 GMT",24883200,bytes 205286400-230169599/3110400000,404,9cd4d77f13d3705f477246d420134009815a3d159df2f4c2858483be7115090d
pzi_rows_s+080,80,1068,144,184550400,209433599,https://microsite.geo.uzh.ch/cryodata/pf_global/PZI.flt,http_range,2026-08-31T19:39:29Z,2026-08-31T19:39:32Z,0,206,bytes 184550400-209433599/3110400000,data/geographic_total/source_raw/pzi/pzi_rows_s+080.rows,24883200,48e8484581cef03cc8adb9c16d41ea4dda8a54be4ca0a8601220984cac0ad66a,data/geographic_total/source/pzi/pzi_rows_s+080.headers,HTTP/1.1 206 Partial Content,"Mon, 31 Aug 2026 19:39:29 GMT","""4f3b7a3a-b964f000""","Wed, 15 Feb 2012 09:26:18 GMT",24883200,bytes 184550400-209433599/3110400000,404,d1905a484b6db176c1c0b3af36be82b539016fd08519e18b4f964da3b24045a1
pzi_rows_s+081,81,948,144,163814400,188697599,https://microsite.geo.uzh.ch/cryodata/pf_global/PZI.flt,http_range,2026-08-31T19:39:32Z,2026-08-31T19:39:36Z,0,206,bytes 163814400-188697599/3110400000,data/geographic_total/source_raw/pzi/pzi_rows_s+081.rows,24883200,e722fa6e0a77d3b4926f8f6339e5b545d9ae66c553bd25847a7dc63747ac9e17,data/geographic_total/source/pzi/pzi_rows_s+081.headers,HTTP/1.1 206 Partial Content,"Mon, 31 Aug 2026 19:39:33 GMT","""4f3b7a3a-b964f000""","Wed, 15 Feb 2012 09:26:18 GMT",24883200,bytes 163814400-188697599/3110400000,404,2ba8a034fffd3daca55115d7e153e1f1d5e48b67533abc7144bcb4d5647c97f3
pzi_rows_s+082,82,828,144,143078400,167961599,https://microsite.geo.uzh.ch/cryodata/pf_global/PZI.flt,http_range,2026-08-31T19:39:33Z,2026-08-31T19:40:26Z,0,206,bytes 143078400-167961599/3110400000,data/geographic_total/source_raw/pzi/pzi_rows_s+082.rows,24883200,5c9c6bb536c87e81f34de4863706df81ecadb25a05861bb70a2a5bd485b181a1,data/geographic_total/source/pzi/pzi_rows_s+082.headers,HTTP/1.1 206 Partial Content,"Mon, 31 Aug 2026 19:39:34 GMT","""4f3b7a3a-b964f000""","Wed, 15 Feb 2012 09:26:18 GMT",24883200,bytes 143078400-167961599/3110400000,404,445fb730c32b6746cd584b1bdce3352b87071911789356448e74f44a2311a887
pzi_rows_s+083,83,708,144,122342400,147225599,https://microsite.geo.uzh.ch/cryodata/pf_global/PZI.flt,http_range,2026-08-31T19:39:35Z,2026-08-31T19:39:39Z,0,206,bytes 122342400-147225599/3110400000,data/geographic_total/source_raw/pzi/pzi_rows_s+083.rows,24883200,b1aedc6bdc890d20d8412d7cc27b8159a84489472bf4cd7e868458a6a6c0c2ae,data/geographic_total/source/pzi/pzi_rows_s+083.headers,HTTP/1.1 206 Partial Content,"Mon, 31 Aug 2026 19:39:36 GMT","""4f3b7a3a-b964f000""","Wed, 15 Feb 2012 09:26:18 GMT",24883200,bytes 122342400-147225599/3110400000,404,e95fa029c7f1b7addcad3149a6ae2baa23ce879fdd32c54b488e9b5128ec31b9
