cell_key,south,west,cell_area_km2,rgi_union_intersection_area_km2,contributing_region_count,dominant_region,stratum_population_cells,stratum_sample_cells,inclusion_probability,random_digest,stratum_rank,selected,same_stratum_pair_probability,cross_stratum_pair_rule
rgi7.0|global|south=+054|west=-0164,54,-164,7211.492417458862,117.099541871864,1,01,145,5,0.034482758621,0a218bd706e1e1ea73e63cf13c17d1c4050f7dd0bebda4b4e6aba0acc00c3513,1,yes,0.000957854406,product_of_first_order_probabilities
rgi7.0|global|south=+058|west=-0138,58,-138,6494.252394051514,1458.119691158637,1,01,145,5,0.034482758621,0d07bc3fad2604a89a183db531d9695acd41203924b0419b6dbcfd0827e194b1,2,yes,0.000957854406,product_of_first_order_probabilities
rgi7.0|global|south=+060|west=-0154,60,-154,6122.943163071289,1321.584658986143,1,01,145,5,0.034482758621,0f25b951822ede0b7ace3d05d55a2ceeddc972ee786922af92cc328f40a814c6,3,yes,0.000957854406,product_of_first_order_probabilities
rgi7.0|global|south=+057|west=-0153,57,-153,6676.816849631226,2.071729442959,1,01,145,5,0.034482758621,0f65e1a35234811670576106d89ca6b33be8a590c73a039897d74ef44cabc78f,4,yes,0.000957854406,product_of_first_order_probabilities
rgi7.0|global|south=+056|west=-0160,56,-160,6857.247564419434,313.754954984661,1,01,145,5,0.034482758621,1140a7a77d43bbffae5a71b8cd4806f18d0caa29563d5ca328a4371e2a705fb1,5,yes,0.000957854406,product_of_first_order_probabilities
rgi7.0|global|south=+052|west=-0129,52,-129,7556.565706233398,1.819013050344,1,02,134,5,0.037313432836,03c5b997c0708d7cccbf24ab7a84fa0d5ca88c3a53c253d2ebaf1b5ca7cffeb5,1,yes,0.001122208506,product_of_first_order_probabilities
rgi7.0|global|south=+058|west=-0125,58,-125,6494.252394051514,79.986319771310,1,02,134,5,0.037313432836,03e825a3b6a9d621badf874b2cd00b43a95fcc11de0ef134c7c4d2b88a3abb9e,2,yes,0.001122208506,product_of_first_order_probabilities
rgi7.0|global|south=+047|west=-0114,47,-114,8376.498721203187,3.437118035090,1,02,134,5,0.037313432836,054f58ae2dc161bc538fe77d618152b82c7078279dc82eb8796af596fb516148,3,yes,0.001122208506,product_of_first_order_probabilities
rgi7.0|global|south=+051|west=-0128,51,-128,7725.535575815125,19.413380534299,1,02,134,5,0.037313432836,05b5bf1bfa3a555e62e5e64d8dee6d10d1395a601fa0fdaeb21726bcd4b8ad50,4,yes,0.001122208506,product_of_first_order_probabilities
rgi7.0|global|south=+058|west=-0126,58,-126,6494.252394051514,129.257953192691,1,02,134,5,0.037313432836,0cd7feb5e900cbd156cf6c16e9a70d38f96939f8d68326a10a82757ba03fd302,5,yes,0.001122208506,product_of_first_order_probabilities
rgi7.0|global|south=+081|west=-0084,81,-84,1843.344315224121,1201.749070611185,1,03,182,7,0.038461538462,002de297a7925429b6fc444afa937b53a17dac7788777aa462fca0a53759e790,1,yes,0.001274968126,product_of_first_order_probabilities
rgi7.0|global|south=+081|west=-0075,81,-75,1843.344315224121,692.610131259125,1,03,182,7,0.038461538462,0053158565e80725241da20ef786970e48f23d36ee4b9bc19cee1c2e4b6659f2,2,yes,0.001274968126,product_of_first_order_probabilities
rgi7.0|global|south=+078|west=-0088,78,-88,2485.739006454101,2.807590721921,1,03,182,7,0.038461538462,0103b452d5840acb5ed26db0baadaa8a08bb854cb59173f4679db76b9a6af344,3,yes,0.001274968126,product_of_first_order_probabilities
rgi7.0|global|south=+075|west=-0080,75,-80,3120.803157949463,342.491818157782,1,03,182,7,0.038461538462,023ef08b6657418e848a1d7240083f03c745731ff2966478e833b640c991cf91,4,yes,0.001274968126,product_of_first_order_probabilities
rgi7.0|global|south=+079|west=-0078,79,-78,2272.329481717407,1013.025225066677,1,03,182,7,0.038461538462,044e9f7322d8eb9a4b089f8a80f5d91ab731ab7c80ffb0c093cada80d0fbe561,5,yes,0.001274968126,product_of_first_order_probabilities
rgi7.0|global|south=+079|west=-0081,79,-81,2272.329481717407,730.076896796886,1,03,182,7,0.038461538462,04c44bb4fc507b1660ec4cc5e82f280c8a9c1e4e218c656de5ce8de614121580,6,yes,0.001274968126,product_of_first_order_probabilities
rgi7.0|global|south=+078|west=-0075,78,-75,2485.739006454101,61.480228112805,1,03,182,7,0.038461538462,0511fbc98d9e7d25afa3965d8503022ddce09a108823d5aa28638cffcfa25ff3,7,yes,0.001274968126,product_of_first_order_probabilities
rgi7.0|global|south=+067|west=-0067,67,-67,4764.521202815307,2367.814125911065,1,04,85,4,0.047058823529,017e6ccf8f89c2c31a21e2e1eb46ea3ff6d5a1424de267d3fa32b35d9d3ce8e1,1,yes,0.001680672269,product_of_first_order_probabilities
rgi7.0|global|south=+068|west=-0068,68,-68,4563.788707437989,381.874626996442,1,04,85,4,0.047058823529,036df7d36ac12e9242f1a9f71adae77d3964a5fcee1ae54c4820089ba6990ef9,2,yes,0.001680672269,product_of_first_order_probabilities
rgi7.0|global|south=+066|west=-0064,66,-64,4963.708778146484,1516.304557660359,1,04,85,4,0.047058823529,040ac846312de1741bdfee2a8d3e20395d35815cbfdacabdbb99b527782493cb,3,yes,0.001680672269,product_of_first_order_probabilities
rgi7.0|global|south=+073|west=-0078,73,-78,3539.190789014893,1035.220504343335,1,04,85,4,0.047058823529,0512978b7be1cf2c352d5706540eaeeafa0d42986016ec2ba0af5d900c8e5820,4,yes,0.001680672269,product_of_first_order_probabilities
rgi7.0|global|south=+076|west=-0022,76,-22,2910.044673963013,354.027149557599,1,05,336,12,0.035714285714,0124af4c594fde07e753316818c02c49921e1330e31e9f5f2e7d93e0ca467619,1,yes,0.001172707889,product_of_first_order_probabilities
rgi7.0|global|south=+083|west=-0041,83,-41,1411.938235082275,47.788192434793,1,05,336,12,0.035714285714,0190f8d59bb84959aea43cd16c397d29b18bfb31835e3c735c670a8f793e6596,2,yes,0.001172707889,product_of_first_order_probabilities
rgi7.0|global|south=+069|west=-0032,69,-32,4361.574555234742,0.171060741855,1,05,336,12,0.035714285714,01b6c34aee2e889d81f174c036ea6189dcc25cfb16e62d17c699e9962b385207,3,yes,0.001172707889,product_of_first_order_probabilities
rgi7.0|global|south=+083|west=-0043,83,-43,1411.938235082275,1.352329006598,1,05,336,12,0.035714285714,01ccb4621ddb5515c96c5b9b78efc75ecb9bd71b5b2749475d01da06da29e11b,4,yes,0.001172707889,product_of_first_order_probabilities
rgi7.0|global|south=+080|west=-0018,80,-18,2058.174639519043,1034.583373003404,1,05,336,12,0.035714285714,02a77251a3e98dd78021de8c09ba06df1d596aa8fbd5aa524786af59d59eca32,5,yes,0.001172707889,product_of_first_order_probabilities
rgi7.0|global|south=+081|west=-0020,81,-20,1843.344315224121,159.303775875319,1,05,336,12,0.035714285714,02e6ccc269b172d08ed4e288a8bdb3a9169c3fb0804e93464a48d6eb6aeb3da0,6,yes,0.001172707889,product_of_first_order_probabilities
rgi7.0|global|south=+079|west=-0065,79,-65,2272.329481717407,2.019240662363,1,05,336,12,0.035714285714,038a2f927d280fd19e96300caa8d4dfd57af6e5a9442e427be2b30af2c286dff,7,yes,0.001172707889,product_of_first_order_probabilities
rgi7.0|global|south=+061|west=-0048,61,-48,5934.311098485474,3.194401085778,1,05,336,12,0.035714285714,03c6ef9205cf8639cee4b7de675b77b8cc824a951c213bf06757b1ff4ba3f15e,8,yes,0.001172707889,product_of_first_order_probabilities
rgi7.0|global|south=+080|west=-0066,80,-66,2058.174639519043,198.282128139129,1,05,336,12,0.035714285714,063ff88f48e92fc4f9fb6b8ec2434bc6e04dd12b2431f63d77dba88270611eeb,9,yes,0.001172707889,product_of_first_order_probabilities
rgi7.0|global|south=+071|west=-0052,71,-52,3952.957835437256,463.911021017878,1,05,336,12,0.035714285714,06f6405bd7b4558d43ebce73e18e1f580072f948eeca85dd263a015d90ba08fe,10,yes,0.001172707889,product_of_first_order_probabilities
rgi7.0|global|south=+080|west=-0026,80,-26,2058.174639519043,14.542837700987,1,05,336,12,0.035714285714,0b6c97c15fa7582a7d7c273e0a604313c4cd6109212fea0a45231e46742ba164,11,yes,0.001172707889,product_of_first_order_probabilities
rgi7.0|global|south=+082|west=-0023,82,-23,1627.908685772095,6.004898700491,1,05,336,12,0.035714285714,0c6d6f577061a62f0b48b2542b305dca1731a858e285bd6f4edffd7286669b5b,12,yes,0.001172707889,product_of_first_order_probabilities
rgi7.0|global|south=+066|west=-0019,66,-19,4963.708778146484,3.576297270993,1,06,21,4,0.190476190476,0a53633cb16002d8f92204b9edff1c1520b065c26cc0f01b071eec7d9c6be629,1,yes,0.028571428571,product_of_first_order_probabilities
rgi7.0|global|south=+063|west=-0019,63,-19,5551.380453395630,184.902375502980,1,06,21,4,0.190476190476,1cb57a26265942e270c345a0ae0253c69a52d708a3937cd980c7b356c0698dfb,2,yes,0.028571428571,product_of_first_order_probabilities
rgi7.0|global|south=+063|west=-0017,63,-17,5551.380453395630,71.980275481937,1,06,21,4,0.190476190476,30b798fa29b0af6411acf41be043d0fc38f82f24d1d36b20ef44f153947ad8a3,3,yes,0.028571428571,product_of_first_order_probabilities
rgi7.0|global|south=+066|west=-0023,66,-23,4963.708778146484,146.311180971085,1,06,21,4,0.190476190476,315750b32cb8a127d7166947e01ee8b814bfb191fe54a4e556efb850d046e043,4,yes,0.028571428571,product_of_first_order_probabilities
rgi7.0|global|south=+078|west=+0012,78,12,2485.739006454101,729.799299932307,1,07,60,4,0.066666666667,03665df0765e1a55b368a585b5b92ffa18661f8b7305c086c58b37d127688836,1,yes,0.003389830508,product_of_first_order_probabilities
rgi7.0|global|south=+077|west=+0016,77,16,2698.333754030273,1414.357925321537,1,07,60,4,0.066666666667,0615ec3792ec3b450c3326358eb8e13db9387c3ab889f02ef00c971441c0674a,2,yes,0.003389830508,product_of_first_order_probabilities
rgi7.0|global|south=+076|west=+0015,76,15,2910.044673963013,12.287947324170,1,07,60,4,0.066666666667,0787d006cb0039249cab55e51e43519acd0889d9b83eec35c65fc096f0c54531,3,yes,0.003389830508,product_of_first_order_probabilities
rgi7.0|global|south=+079|west=+0021,79,21,2272.329481717407,984.795906253225,1,07,60,4,0.066666666667,0c2d7832514acb299969dd32c562a6555b2352df208a5228255e51bc4be05c54,4,yes,0.003389830508,product_of_first_order_probabilities
rgi7.0|global|south=+068|west=+0016,68,16,4563.788707437989,26.609486868162,1,08,45,4,0.088888888889,042c40f9c521280d0609cc14cd8b2d31ff47d1e8ffa05b131a1560ff258a0aa7,1,yes,0.006060606061,product_of_first_order_probabilities
rgi7.0|global|south=+061|west=+0006,61,6,5934.311098485474,360.015183763831,1,08,45,4,0.088888888889,047bfb7527f5b7247a1820a68cc67473f6cface256cf273bb789020a64cf5eae,2,yes,0.006060606061,product_of_first_order_probabilities
rgi7.0|global|south=+070|west=+0019,70,19,4157.942715047608,0.177207671189,1,08,45,4,0.088888888889,0a884febe03bef7718f5903469b0aa40b4e44647001446b27c4d918972339d51,3,yes,0.006060606061,product_of_first_order_probabilities
rgi7.0|global|south=+059|west=+0006,59,6,6309.609195783570,75.710309741679,1,08,45,4,0.088888888889,1571b4b551d75bb5d6ffdb5fdd30603834437d2253d0eeb30b7a9ca0848b8bbc,4,yes,0.006060606061,product_of_first_order_probabilities
rgi7.0|global|south=+081|west=+0059,81,59,1843.344315224121,138.066259316377,1,09,105,4,0.038095238095,02ab2b65131c3b08e5ac71fb0264d4f4aba663e1c02be1eedb072e08219a577c,1,yes,0.001098901099,product_of_first_order_probabilities
rgi7.0|global|south=+080|west=+0063,80,63,2058.174639519043,455.176873450412,1,09,105,4,0.038095238095,0369f3c5873a2a5b43911c795e9079d8d0ce2d213f17e6cf569aa478d7651664,2,yes,0.001098901099,product_of_first_order_probabilities
rgi7.0|global|south=+075|west=+0058,75,58,3120.803157949463,1580.181781490900,1,09,105,4,0.038095238095,070201a95e3b3d37c7fdb2bfb37bc96fe2a35ba2c63fba39eee3ede08ce666ad,3,yes,0.001098901099,product_of_first_order_probabilities
rgi7.0|global|south=+081|west=+0058,81,58,1843.344315224121,476.424705720848,1,09,105,4,0.038095238095,07ab4a96fab991753a2794866e097df04d54fb84efcc3068729008d4082fc4d8,4,yes,0.001098901099,product_of_first_order_probabilities
rgi7.0|global|south=+075|west=+0105,75,105,3120.803157949463,0.036006887964,1,10,161,6,0.037267080745,02339235184e9750c490622250bbd82dee3fd211112b9c3cd39ed99b2c7b8303,1,yes,0.001164596273,product_of_first_order_probabilities
rgi7.0|global|south=+054|west=+0095,54,95,7211.492417458862,0.318554732568,1,10,161,6,0.037267080745,02cb420fa20a3974a20a087ef7cef466f74aea513354cca0a079934b75ab2e60,2,yes,0.001164596273,product_of_first_order_probabilities
rgi7.0|global|south=+069|west=+0092,69,92,4361.574555234742,3.840508818372,1,10,161,6,0.037267080745,03c55807afd6a38b4cf060f5d101ecaf1f366a4e379855ef616d19689f761e3f,3,yes,0.001164596273,product_of_first_order_probabilities
rgi7.0|global|south=+066|west=+0063,66,63,4963.708778146484,0.605681033774,1,10,161,6,0.037267080745,055039acc1b59976df9d815b738e7d1acd666832a0fd8309ad9307c85a73ebf6,4,yes,0.001164596273,product_of_first_order_probabilities
rgi7.0|global|south=+061|west=+0161,61,161,5934.311098485474,1.560372742306,1,10,161,6,0.037267080745,068a6bcb7a3955ca78003df6cd70f2ea6425781b5cf36a5061c85e3c0efe4d39,5,yes,0.001164596273,product_of_first_order_probabilities
rgi7.0|global|south=+036|west=+0137,36,137,9941.629403294068,0.475495284616,1,10,161,6,0.037267080745,08b25f2ebd61bba6ed7560c69f96091767a4c05657855672b41cc754a1b8c66c,6,yes,0.001164596273,product_of_first_order_probabilities
rgi7.0|global|south=+046|west=+0012,46,12,8532.776592456237,11.105336982570,1,11,23,4,0.173913043478,030d6c2afa07e42c3629f894daf584a3637f1aebd9ef3fa3dd5e333e485d5465,1,yes,0.023715415020,product_of_first_order_probabilities
rgi7.0|global|south=+046|west=+0007,46,7,8532.776592456237,348.768065267650,1,11,23,4,0.173913043478,04a433e7dab9a515c67c6186029e2f4e856fb1f71a8808a07518aad54cf12eab,2,yes,0.023715415020,product_of_first_order_probabilities
rgi7.0|global|south=+042|west=+0001,42,1,9130.709421221009,0.024679233089,1,11,23,4,0.173913043478,15fa37506399cf4a06c880dfc2231f549f49267f4c2c5224f7b3f1b78c463278,3,yes,0.023715415020,product_of_first_order_probabilities
rgi7.0|global|south=+042|west=-0001,42,-1,9130.709421221009,1.266423983048,1,11,23,4,0.173913043478,1b4ffaad14947223ee4e366b7ebe9d7a7851529d01f6bb4caae7ba0698357e83,4,yes,0.023715415020,product_of_first_order_probabilities
rgi7.0|global|south=+040|west=+0041,40,41,9412.788745688966,0.600539836925,1,12,29,4,0.137931034483,00f7950c4c90f65c6bca65265d9dd88181a2343662b13d727b449d0d7ba72e31,1,yes,0.014778325123,product_of_first_order_probabilities
rgi7.0|global|south=+041|west=+0048,41,48,9273.189574569886,0.964306033777,1,12,29,4,0.137931034483,13b04776f89550b78ed93f3fdfca6c82a6558cd16eac29ad4c49e3d610b77883,2,yes,0.014778325123,product_of_first_order_probabilities
rgi7.0|global|south=+042|west=+0041,42,41,9130.709421221009,1.855684176764,1,12,29,4,0.137931034483,220a0ee70f186d6e8fa03f320ab0252befe896f79c8ec1615b86b6d22a7d49c4,3,yes,0.014778325123,product_of_first_order_probabilities
rgi7.0|global|south=+041|west=+0046,41,46,9273.189574569886,8.650662898277,1,12,29,4,0.137931034483,26aa8a94f7308eb14336845aa008c7f2b49b6bad778b275fb7d1d0ddb717c1e1,4,yes,0.014778325123,product_of_first_order_probabilities
rgi7.0|global|south=+029|west=+0092,29,92,10748.075841854004,109.310060094651,1,13,235,9,0.038297872340,004b4886299ab0a08f9b7a297920d7bb5bfcd7d0562c6dd97a9480f3e91e58a0,1,yes,0.001309328969,product_of_first_order_probabilities
rgi7.0|global|south=+038|west=+0069,38,69,9683.192846440003,26.407408335888,1,13,235,9,0.038297872340,01c034129fe9b370b709935faca8d79a787daee8b14d42f09e57460c3a047e58,2,yes,0.001309328969,product_of_first_order_probabilities
rgi7.0|global|south=+034|west=+0083,34,83,10187.822482474487,0.347473170666,1,13,235,9,0.038297872340,026db8a753935ab7b381c544a5867076867099092711168cde53c19c76225acd,3,yes,0.001309328969,product_of_first_order_probabilities
rgi7.0|global|south=+035|west=+0097,35,97,10066.272985625001,3.268781851566,1,13,235,9,0.038297872340,03aa9d88e128f441574cfb89a6e913ba1a35d8f8dccbc4447c7e2dfddd48bb1e,4,yes,0.001309328969,product_of_first_order_probabilities
rgi7.0|global|south=+034|west=+0080,34,80,10187.822482474487,455.057836548380,1,13,235,9,0.038297872340,0424167071095c95361beb524a84541cd49b749d675ca67d63fb213c64a782c4,5,yes,0.001309328969,product_of_first_order_probabilities
rgi7.0|global|south=+035|west=+0079,35,79,10066.272985625001,538.638952188493,1,13,235,9,0.038297872340,042a00b726253d1ccedd7d230c49a5f41f3da38c1d7919f50d6dce60d94033d1,6,yes,0.001309328969,product_of_first_order_probabilities
rgi7.0|global|south=+034|west=+0086,34,86,10187.822482474487,21.272110842845,1,13,235,9,0.038297872340,058c36a82ee4d2ec4a6aa26f0a60f3d25889fb5c428b590229d03bb0258e25ae,7,yes,0.001309328969,product_of_first_order_probabilities
rgi7.0|global|south=+043|west=+0088,43,88,8985.387394837158,124.937068119061,1,13,235,9,0.038297872340,060da7c5f93f10836066022744e45bf03103c54ebe11da2f999c081907b85895,8,yes,0.001309328969,product_of_first_order_probabilities
rgi7.0|global|south=+037|west=+0088,37,88,9813.924696872986,114.598136912956,1,13,235,9,0.038297872340,063c3a38ba1b97dea4cbc04a484a9ad41ab5c7da13531a7754112be380a45408,9,yes,0.001309328969,product_of_first_order_probabilities
rgi7.0|global|south=+035|west=+0068,35,68,10066.272985625001,1.001557987988,1,14,41,4,0.097560975610,07607e53bbcabc77687eed1dd20516d10493bfe9d58596189bc701f801917b59,1,yes,0.007317073171,product_of_first_order_probabilities
rgi7.0|global|south=+034|west=+0073,34,73,10187.822482474487,97.836473729093,1,14,41,4,0.097560975610,0c72935ab7c786fff0da31e9ce1178bc5254691543d77ba3f15626ae693c1f6d,2,yes,0.007317073171,product_of_first_order_probabilities
rgi7.0|global|south=+034|west=+0068,34,68,10187.822482474487,0.132410706402,1,14,41,4,0.097560975610,0cfdc0cc0e5d828f3a40a0a78c4d0c50133ab9af8013275511974ed498a5aed6,3,yes,0.007317073171,product_of_first_order_probabilities
rgi7.0|global|south=+035|west=+0070,35,70,10066.272985625001,187.389470690194,1,14,41,4,0.097560975610,1504e437248a913f0c251372b50a41cc3772fabb18ddd5547857d64269c36b27,4,yes,0.007317073171,product_of_first_order_probabilities
rgi7.0|global|south=+027|west=+0086,27,86,10949.477827238525,513.627048383638,1,15,52,4,0.076923076923,053aec1b3942191879c93adecfb49a36aad0657cee4e2bf7b060101b19ffb531,1,yes,0.004524886878,product_of_first_order_probabilities
rgi7.0|global|south=+029|west=+0097,29,97,10748.075841854004,504.296322090149,1,15,52,4,0.076923076923,05aa9b7ab9524490acca0ff33212ab41fb59e5b2da7dbeb8ca53db39974fbfd1,2,yes,0.004524886878,product_of_first_order_probabilities
rgi7.0|global|south=+029|west=+0081,29,81,10748.075841854004,219.200266715870,1,15,52,4,0.076923076923,0a4b759897d73823919c5ac887c0997507be4eb2206ea690bdca5b0d6378c8e8,3,yes,0.004524886878,product_of_first_order_probabilities
rgi7.0|global|south=+027|west=+0087,27,87,10949.477827238525,489.935819481466,1,15,52,4,0.076923076923,137d10a9856333bb69a7359a7daeab45a15026ced977734cad4d3296897be938,4,yes,0.004524886878,product_of_first_order_probabilities
rgi7.0|global|south=+006|west=-0073,6,-73,12232.195514828156,21.939080940299,1,16,54,4,0.074074074074,00b2957ffdc2de7054d1ce741ca4059236dcb24d71bcfbe623f241feb2bd1389,1,yes,0.004192872117,product_of_first_order_probabilities
rgi7.0|global|south=-014|west=-0073,-14,-73,11977.816630488220,139.710793286353,1,16,54,4,0.074074074074,042ba0a111cf69e0623418503a251fd7f918c39e7ac17b6848e48debe4aecbc2,2,yes,0.004192872117,product_of_first_order_probabilities
rgi7.0|global|south=-014|west=-0076,-14,-76,11977.816630488220,0.146819270479,1,16,54,4,0.074074074074,0489f1f48ce6600ee318a2d16fa5be09ecdd929e8a9a9217f4f62e7b6fa720fe,3,yes,0.004192872117,product_of_first_order_probabilities
rgi7.0|global|south=-016|west=-0073,-16,-73,11872.837185481139,52.485574828666,1,16,54,4,0.074074074074,06664697e246e103dd3d4449b644097f834e7858453c086296d8f9b4049f9ceb,4,yes,0.004192872117,product_of_first_order_probabilities
rgi7.0|global|south=-045|west=-0074,-45,-74,8837.263633158142,3.546263024632,1,17,91,4,0.043956043956,00239a697963659744a33b56ed7bdeeef00ec7cb395046aceb92721556251068,1,yes,0.001465201465,product_of_first_order_probabilities
rgi7.0|global|south=-036|west=-0072,-36,-72,10066.272985625001,3.987411392173,1,17,91,4,0.043956043956,03d231c614ba3213bc801af7fb98b0ba1b7bdf15d53b976e862044050b5d2af8,2,yes,0.001465201465,product_of_first_order_probabilities
rgi7.0|global|south=-037|west=-0071,-37,-71,9941.629403294068,30.738510073355,1,17,91,4,0.043956043956,079b3a2de725297840681284b3859024e26492c2f088e938dfda0215313b2e5b,3,yes,0.001465201465,product_of_first_order_probabilities
rgi7.0|global|south=-039|west=-0071,-39,-71,9683.192846440003,0.277176650451,1,17,91,4,0.043956043956,0aa53316c887a5377d008ce9bc1c77a12602713287a3c0101ed5e55a06c5c8a6,4,yes,0.001465201465,product_of_first_order_probabilities
rgi7.0|global|south=-043|west=+0172,-43,172,9130.709421221009,0.035970093016,1,18,12,4,0.333333333333,17b1926b23c8367543c5f44f2151e739654e9be978c04e7c0bb5fe3464fe055b,1,yes,0.090909090909,product_of_first_order_probabilities
rgi7.0|global|south=-042|west=+0172,-42,172,9273.189574569886,0.013431953838,1,18,12,4,0.333333333333,1ad1cf674561c05b8928107f6750d1b27ead9602084ed4e79ee59a7b28d103e8,2,yes,0.090909090909,product_of_first_order_probabilities
rgi7.0|global|south=-040|west=+0175,-40,175,9549.468853921388,3.722336111020,1,18,12,4,0.333333333333,2e4380eb88413e1111f1d8ec34b95bb1628e477ab67843ddee9482dc44d72d6f,3,yes,0.090909090909,product_of_first_order_probabilities
rgi7.0|global|south=-044|west=+0169,-44,169,8985.387394837158,83.212055377909,1,18,12,4,0.333333333333,43f8c29eb0c2e76a33ca9dbf1dff414fa85ee7d53277229dfcee2313fd459504,4,yes,0.090909090909,product_of_first_order_probabilities
rgi7.0|global|south=-060|west=-0027,-60,-27,6309.609195783570,47.023443634585,1,19,15,4,0.266666666667,04d2277db3b0e41ed1f1f1fe1b6a92a0a8f5cd5230be3f2542fd0059a1a6a901,1,yes,0.057142857143,product_of_first_order_probabilities
rgi7.0|global|south=-055|west=-0037,-55,-37,7211.492417458862,1556.800624038076,1,19,15,4,0.266666666667,093c03963e1810f24f193b671fdfaeaf67ae92e94f8ac7b995bda5184bf23e51,2,yes,0.057142857143,product_of_first_order_probabilities
rgi7.0|global|south=-054|west=-0038,-54,-38,7385.201237890991,1.595276176347,1,19,15,4,0.266666666667,28898b3d3bede05fcd5fcd3ba25c454982630662019c2b1acb6bb7f379cb4535,3,yes,0.057142857143,product_of_first_order_probabilities
rgi7.0|global|south=-047|west=+0037,-47,37,8532.776592456237,0.527697979482,1,19,15,4,0.266666666667,35e124cf2941faeb8a332d67720196574420a5cf910cfe17a1030eb7b84935dc,4,yes,0.057142857143,product_of_first_order_probabilities
