region,region_name,region_digest,window_rank,window_digest,window_key,south,west,glacier_count,inventory_area_km2
10,North Asia,5b16eb47c0f2b54bea77eabd0dea16b33b9bdd8a9783f0c5049511d56a08cf9e,1,02c3f6745618b8cd244f3e3490d27e2f31774bf45d13ea1cc74bfc0bd53b5a81,rgi7.0|10|south=+65|west=+145,65,145,37,12.85427659165791
10,North Asia,5b16eb47c0f2b54bea77eabd0dea16b33b9bdd8a9783f0c5049511d56a08cf9e,2,02e0a3c767bbb28722b606c0060125a565bce6d10c683108bdddd06bc28bf27e,rgi7.0|10|south=+60|west=+170,60,170,25,1.908551323415628
10,North Asia,5b16eb47c0f2b54bea77eabd0dea16b33b9bdd8a9783f0c5049511d56a08cf9e,3,0512a19c6e01d2cff51f82daa5296236f0e168b89cb254915cfd5955290129ca,rgi7.0|10|south=+60|west=+171,60,171,24,1.739290306586171
10,North Asia,5b16eb47c0f2b54bea77eabd0dea16b33b9bdd8a9783f0c5049511d56a08cf9e,4,080b50755b0ba426bdd2c16dd52ba6459cc1f0d98052f4942bbc7204201e0543,rgi7.0|10|south=+48|west=+090,48,90,159,94.88589496699686
10,North Asia,5b16eb47c0f2b54bea77eabd0dea16b33b9bdd8a9783f0c5049511d56a08cf9e,5,105dfc15473c035e2d7c6f8e2ff5a54a896534601fc70fb2bacae9c347e9474b,rgi7.0|10|south=+61|west=+171,61,171,131,30.372153451090362
10,North Asia,5b16eb47c0f2b54bea77eabd0dea16b33b9bdd8a9783f0c5049511d56a08cf9e,6,123b23de905fa8a11bcca9c7f524b529de019daf910d4005499ded2c84e5e945,rgi7.0|10|south=+57|west=+160,57,160,652,192.59008833108985
10,North Asia,5b16eb47c0f2b54bea77eabd0dea16b33b9bdd8a9783f0c5049511d56a08cf9e,7,12caa9fa767dd4a4459d36f466e302ffe0cf8999e580604ff9d2bee58982634a,rgi7.0|10|south=+56|west=+159,56,159,178,63.16023630044008
10,North Asia,5b16eb47c0f2b54bea77eabd0dea16b33b9bdd8a9783f0c5049511d56a08cf9e,8,14e5a31919286658e721a412589c29a9b1dcb52211ea1771579b02b9f8c772dc,rgi7.0|10|south=+62|west=+176,62,176,94,11.267245760739849
10,North Asia,5b16eb47c0f2b54bea77eabd0dea16b33b9bdd8a9783f0c5049511d56a08cf9e,9,1715855cf2750d079326b3bd2092b335f67ce936b9996cdc2e3c461789fc1ffc,rgi7.0|10|south=+61|west=+170,61,170,21,5.237672169609693
10,North Asia,5b16eb47c0f2b54bea77eabd0dea16b33b9bdd8a9783f0c5049511d56a08cf9e,10,1dfe8fd0ec163ada0c495e2366ef7faca84d23e27adc94c86db9aa72a0dba1d0,rgi7.0|10|south=+61|west=+161,61,161,13,1.5273705069024819
10,North Asia,5b16eb47c0f2b54bea77eabd0dea16b33b9bdd8a9783f0c5049511d56a08cf9e,11,1fa32721d1be99952687e974e15fd4f27309a0f1d541fee2f397191677d76c97,rgi7.0|10|south=+54|west=+160,54,160,36,9.07966296320645
10,North Asia,5b16eb47c0f2b54bea77eabd0dea16b33b9bdd8a9783f0c5049511d56a08cf9e,12,21845f23bf5f9a2d68514ac51406a77a680cd6924974ea98e4b16e95df33cc0e,rgi7.0|10|south=+50|west=+084,50,84,39,1.557842607243829
10,North Asia,5b16eb47c0f2b54bea77eabd0dea16b33b9bdd8a9783f0c5049511d56a08cf9e,13,298f064ee4f5b55de5d15a360240ad51ed2ff654fa006455e406f5ccc587f3e8,rgi7.0|10|south=+69|west=+089,69,89,16,2.245391999126289
10,North Asia,5b16eb47c0f2b54bea77eabd0dea16b33b9bdd8a9783f0c5049511d56a08cf9e,14,312e4eca5f773f8d8461a9ba8679abb56589efdb140c1a16d2129a33686fbb35,rgi7.0|10|south=+48|west=+087,48,87,193,57.34943886924208
10,North Asia,5b16eb47c0f2b54bea77eabd0dea16b33b9bdd8a9783f0c5049511d56a08cf9e,15,350d3d9ef37394955a4f779b6e172b737d2036c946553a1781763563f1b5d0c6,rgi7.0|10|south=+51|west=+156,51,156,26,3.287221605392548
10,North Asia,5b16eb47c0f2b54bea77eabd0dea16b33b9bdd8a9783f0c5049511d56a08cf9e,16,3646b24c5753e2c8bb30b8a230ce67f48cfb1c75c98b57d053131f9f488e4801,rgi7.0|10|south=+64|west=+059,64,59,51,5.028147077927038
10,North Asia,5b16eb47c0f2b54bea77eabd0dea16b33b9bdd8a9783f0c5049511d56a08cf9e,17,3b17feac236c0033d6e876c75a5c73f7b86312f39c7de3309fa300ca0c9f51a8,rgi7.0|10|south=+48|west=+089,48,89,101,20.259215950894493
10,North Asia,5b16eb47c0f2b54bea77eabd0dea16b33b9bdd8a9783f0c5049511d56a08cf9e,18,3e9fdf576d683bac449758dadbd6214854d67633caa2b0f82752eb3c4c265e12,rgi7.0|10|south=+61|west=+172,61,172,56,16.83902444562534
10,North Asia,5b16eb47c0f2b54bea77eabd0dea16b33b9bdd8a9783f0c5049511d56a08cf9e,19,465d25a302202e8f981cc3db6b329988362e35356200872da9f172a770b46b92,rgi7.0|10|south=+49|west=+091,49,91,108,66.7166223156574
10,North Asia,5b16eb47c0f2b54bea77eabd0dea16b33b9bdd8a9783f0c5049511d56a08cf9e,20,48664294efbc58e737cafd101961944da10f50870fb13c05869b295778d22d55,rgi7.0|10|south=+54|west=+161,54,161,260,80.54472258884894
10,North Asia,5b16eb47c0f2b54bea77eabd0dea16b33b9bdd8a9783f0c5049511d56a08cf9e,21,51ec2b64cb149dda5e8cafa0da4b573644fb7c17d43fa3867663220cc517f60d,rgi7.0|10|south=+59|west=+162,59,162,37,4.855449702246308
10,North Asia,5b16eb47c0f2b54bea77eabd0dea16b33b9bdd8a9783f0c5049511d56a08cf9e,22,52edb7d762b412dcfc59d02d2928bd44e899850f07e320a39530591559b47184,rgi7.0|10|south=+48|west=+085,48,85,13,1.061832725852003
10,North Asia,5b16eb47c0f2b54bea77eabd0dea16b33b9bdd8a9783f0c5049511d56a08cf9e,23,54ff4897c56fb0cbe4601ee9b4639179dc2dda7c36a9f02fbdce5ec70fd45746,rgi7.0|10|south=+69|west=+091,69,91,11,1.314088358345561
10,North Asia,5b16eb47c0f2b54bea77eabd0dea16b33b9bdd8a9783f0c5049511d56a08cf9e,24,55a8fbef29c88837f78ae0b776f33dce759a65ba6330db752d1ea5e7bd95b60e,rgi7.0|10|south=+56|west=+160,56,160,21,178.76609067241242
10,North Asia,5b16eb47c0f2b54bea77eabd0dea16b33b9bdd8a9783f0c5049511d56a08cf9e,25,572614bfdafb66829da0acc67d3005d5db767fb3c19d001e9c35f9cec0219b05,rgi7.0|10|south=+52|west=+098,52,98,23,5.637752372307855
10,North Asia,5b16eb47c0f2b54bea77eabd0dea16b33b9bdd8a9783f0c5049511d56a08cf9e,26,5976753b60d3c01c3546331019cbf7b5ba3800f803b0d837c39da1482195ae52,rgi7.0|10|south=+55|west=+160,55,160,166,49.633126295551605
10,North Asia,5b16eb47c0f2b54bea77eabd0dea16b33b9bdd8a9783f0c5049511d56a08cf9e,27,5ad91e69cdb3e3fc0f641770ed5be5d1f1dd5544088e6632149671ad2ccd0490,rgi7.0|10|south=+62|west=+171,62,171,16,1.143012469359738
10,North Asia,5b16eb47c0f2b54bea77eabd0dea16b33b9bdd8a9783f0c5049511d56a08cf9e,28,5addeef74a9001566b15a2d013f8e12070fd8857837243cb377e8b19e95c3a51,rgi7.0|10|south=+68|west=+128,68,128,30,7.938730033975702
10,North Asia,5b16eb47c0f2b54bea77eabd0dea16b33b9bdd8a9783f0c5049511d56a08cf9e,29,5b33722db9246eac5711060153bc45482c743884d536d08c15cee3901178e4cf,rgi7.0|10|south=+58|west=+160,58,160,481,169.14758036443683
10,North Asia,5b16eb47c0f2b54bea77eabd0dea16b33b9bdd8a9783f0c5049511d56a08cf9e,30,6f362afe4f393d45cd31de3bbd4561521c72c50ef38a72b3e0ad272e6aedcf91,rgi7.0|10|south=+75|west=+107,75,107,104,28.33560972398579
10,North Asia,5b16eb47c0f2b54bea77eabd0dea16b33b9bdd8a9783f0c5049511d56a08cf9e,31,753459f89f34dcf4cd137fa7bcb52483e243f7cfa1718a8c503fa2a599cf6aa4,rgi7.0|10|south=+49|west=+086,49,86,418,200.83259534822582
10,North Asia,5b16eb47c0f2b54bea77eabd0dea16b33b9bdd8a9783f0c5049511d56a08cf9e,32,769773d77087a68142292e7c5be970012c83d41b7f56b5868ca8d166558de941,rgi7.0|10|south=+57|west=+117,57,117,18,1.722809727898572
10,North Asia,5b16eb47c0f2b54bea77eabd0dea16b33b9bdd8a9783f0c5049511d56a08cf9e,33,76a6b81befab458f2cdd5c84e3545198689275e43d1253d1b39edced0de8f700,rgi7.0|10|south=+49|west=+085,49,85,121,22.182575818678462
10,North Asia,5b16eb47c0f2b54bea77eabd0dea16b33b9bdd8a9783f0c5049511d56a08cf9e,34,7e3be8cf7f11ad3fa18030b1c88176d5ae746e2077413f832960373039a026ab,rgi7.0|10|south=+49|west=+087,49,87,632,420.4065585667596
10,North Asia,5b16eb47c0f2b54bea77eabd0dea16b33b9bdd8a9783f0c5049511d56a08cf9e,35,7ebe0ff1fbd7e42f88134c7ef8700cdd7cabe23116ed853215def5b9f5707a24,rgi7.0|10|south=+60|west=+167,60,167,71,9.668830791548466
10,North Asia,5b16eb47c0f2b54bea77eabd0dea16b33b9bdd8a9783f0c5049511d56a08cf9e,36,82c4c6042b55cbad15c9f1153b4d71f54b1ab117a17086cd1039db85d41ba5ae,rgi7.0|10|south=+47|west=+091,47,91,14,1.1677956514102519
10,North Asia,5b16eb47c0f2b54bea77eabd0dea16b33b9bdd8a9783f0c5049511d56a08cf9e,37,8375a4f9f46a9c1627beca488ec7aa74372f256af88549657602607881dd809d,rgi7.0|10|south=+56|west=+117,56,117,47,8.43617093795878
10,North Asia,5b16eb47c0f2b54bea77eabd0dea16b33b9bdd8a9783f0c5049511d56a08cf9e,38,8743e2d28fcba11641dc1bf7076860bab04be42871db5ffb145ef0149271a81b,rgi7.0|10|south=+50|west=+087,50,87,175,116.43750590729744
10,North Asia,5b16eb47c0f2b54bea77eabd0dea16b33b9bdd8a9783f0c5049511d56a08cf9e,39,8d1fd3809a8dbe8d471b214a55b836b43306c28b0f1fefe72440e58ba19ed2e2,rgi7.0|10|south=+50|west=+083,50,83,31,1.262859739787126
10,North Asia,5b16eb47c0f2b54bea77eabd0dea16b33b9bdd8a9783f0c5049511d56a08cf9e,40,8e8da8ebbd13cc316786f8f700c93a4b780917611a7dcd82a980ecd94e9696f8,rgi7.0|10|south=+66|west=+140,66,140,48,16.44553230285952
10,North Asia,5b16eb47c0f2b54bea77eabd0dea16b33b9bdd8a9783f0c5049511d56a08cf9e,41,933611cf692ccb8159c83ec2cb3d9e2740b02cea67e8fc4272bb0d25b35edc21,rgi7.0|10|south=+65|west=+059,65,59,19,1.540482037400173
10,North Asia,5b16eb47c0f2b54bea77eabd0dea16b33b9bdd8a9783f0c5049511d56a08cf9e,42,939710f397a172186611a79bef64d8a7f67254b5f54b2ad9a8eae09f29fb4806,rgi7.0|10|south=+53|west=+158,53,158,60,28.77303459916539
10,North Asia,5b16eb47c0f2b54bea77eabd0dea16b33b9bdd8a9783f0c5049511d56a08cf9e,43,a40a36783c62bde2409b99feadab9b1a683d6106d431e748b8f2c63e6b340fb9,rgi7.0|10|south=+62|west=+140,62,140,94,56.7235805502841
10,North Asia,5b16eb47c0f2b54bea77eabd0dea16b33b9bdd8a9783f0c5049511d56a08cf9e,44,a9835d9facd995ba182955a2fc4260680fbbf2a278a7203a5f9d438739464cba,rgi7.0|10|south=+55|west=+157,55,157,98,34.93764637995457
10,North Asia,5b16eb47c0f2b54bea77eabd0dea16b33b9bdd8a9783f0c5049511d56a08cf9e,45,b0c066aba9afa79d4c224824676ec7629ded1f6af6ecf0296677684c3e08f49c,rgi7.0|10|south=+47|west=+090,47,90,108,21.394636139100978
10,North Asia,5b16eb47c0f2b54bea77eabd0dea16b33b9bdd8a9783f0c5049511d56a08cf9e,46,b3c7260b8bdc78708eec29d278b3ad81b4c6a89b6765669415dde031e822cd45,rgi7.0|10|south=+62|west=+170,62,170,16,2.2986337652711852
10,North Asia,5b16eb47c0f2b54bea77eabd0dea16b33b9bdd8a9783f0c5049511d56a08cf9e,47,b9ed323eb65c8393befbe5eec6fe9e0463d6bfb105236e234edae8bc49937410,rgi7.0|10|south=+50|west=+090,50,90,67,21.483081001806887
10,North Asia,5b16eb47c0f2b54bea77eabd0dea16b33b9bdd8a9783f0c5049511d56a08cf9e,48,c3d1bb15e7d9d9a0f9c736298f46b69373f096b4c5ee82120d64e0fcc502233c,rgi7.0|10|south=+69|west=+092,69,92,24,3.883862806107407
10,North Asia,5b16eb47c0f2b54bea77eabd0dea16b33b9bdd8a9783f0c5049511d56a08cf9e,49,c41785a378e4d401662b24a06b888ff345765d79b41926d5dfc15b518ff1d4b5,rgi7.0|10|south=+47|west=+089,47,89,36,4.573397862132951
10,North Asia,5b16eb47c0f2b54bea77eabd0dea16b33b9bdd8a9783f0c5049511d56a08cf9e,50,c5b086d5120bd4abb0b614f8ecac3e92443f7213f927dd9be6f9d30b5d5839d1,rgi7.0|10|south=+47|west=+085,47,85,32,15.762964278812172
10,North Asia,5b16eb47c0f2b54bea77eabd0dea16b33b9bdd8a9783f0c5049511d56a08cf9e,51,c91d5382c4fd6a7468c978242970928437e71e4ac48eda508c1dbf2250eeb67b,rgi7.0|10|south=+50|west=+089,50,89,114,11.78053876793475
10,North Asia,5b16eb47c0f2b54bea77eabd0dea16b33b9bdd8a9783f0c5049511d56a08cf9e,52,d095c34e253f1a5f7f2b47c1a790855c43f09a55faca1c0416daea67aec4d16a,rgi7.0|10|south=+75|west=+108,75,108,25,2.022708269577413
10,North Asia,5b16eb47c0f2b54bea77eabd0dea16b33b9bdd8a9783f0c5049511d56a08cf9e,53,d7bf02a77fec64d332a9a40e6aad915100704b17ccb05cdf14cc1231dc177458,rgi7.0|10|south=+65|west=+146,65,146,59,33.72835646115278
10,North Asia,5b16eb47c0f2b54bea77eabd0dea16b33b9bdd8a9783f0c5049511d56a08cf9e,54,d806be1d39263f98e4c4e52f2c88d92ef7b64b59bea96c5c713da3984781bd95,rgi7.0|10|south=+59|west=+161,59,161,38,11.610123955955032
10,North Asia,5b16eb47c0f2b54bea77eabd0dea16b33b9bdd8a9783f0c5049511d56a08cf9e,55,d9db10e478aa43b19f80c5bb643a05c0e872704ac43aa786c4e8803003b2a74d,rgi7.0|10|south=+49|west=+088,49,88,152,28.3185281694774
10,North Asia,5b16eb47c0f2b54bea77eabd0dea16b33b9bdd8a9783f0c5049511d56a08cf9e,56,df48b819300adab21c0b163ffbc227d03f23fef0a0419538a978f00c1db755f5,rgi7.0|10|south=+55|west=+161,55,161,124,16.019119601555666
10,North Asia,5b16eb47c0f2b54bea77eabd0dea16b33b9bdd8a9783f0c5049511d56a08cf9e,57,e25f9f4ed3265429f82c3638a963d0ddf63e5521f34d9a1c8bcd17a5ea3033ff,rgi7.0|10|south=+46|west=+093,46,93,27,13.051827858778813
10,North Asia,5b16eb47c0f2b54bea77eabd0dea16b33b9bdd8a9783f0c5049511d56a08cf9e,58,e2b0dbe6a22d907786c8e3a0fb83053dc2d28855990ca49eed4bcdfe39868b61,rgi7.0|10|south=+67|west=+066,67,66,25,2.720070650477609
10,North Asia,5b16eb47c0f2b54bea77eabd0dea16b33b9bdd8a9783f0c5049511d56a08cf9e,59,e709af53fd7e969e02aafae6c9f19a63c59bc0b3bc33d31f302b098dcebf7b77,rgi7.0|10|south=+60|west=+166,60,166,97,21.068874733930826
10,North Asia,5b16eb47c0f2b54bea77eabd0dea16b33b9bdd8a9783f0c5049511d56a08cf9e,60,e8672caa86d630e56ccbde269d3476b9cf60dee999f30ec8696db6ea43be1a0f,rgi7.0|10|south=+58|west=+161,58,161,193,49.23462047717535
10,North Asia,5b16eb47c0f2b54bea77eabd0dea16b33b9bdd8a9783f0c5049511d56a08cf9e,61,ec8f8f9bb9ac075768d27c51e02f4ef2e01af670e62c60bcb113270ed1fc9f91,rgi7.0|10|south=+49|west=+089,49,89,92,33.005763733052056
10,North Asia,5b16eb47c0f2b54bea77eabd0dea16b33b9bdd8a9783f0c5049511d56a08cf9e,62,ece2c6a00ec40b3b5fafe6562027810abc384a58c3f601e0792533636b1921d0,rgi7.0|10|south=+62|west=+141,62,141,114,72.92811081661085
10,North Asia,5b16eb47c0f2b54bea77eabd0dea16b33b9bdd8a9783f0c5049511d56a08cf9e,63,ee5eb67c63c4349564bbcda286b16992102be4b940a4ed35a255cc811b58a7b4,rgi7.0|10|south=+52|west=+158,52,158,21,4.992012982511468
10,North Asia,5b16eb47c0f2b54bea77eabd0dea16b33b9bdd8a9783f0c5049511d56a08cf9e,64,ee8e7f2b564c63f05e7450296bca9e9698e6f799a5d1155d7d832b22bd41b44b,rgi7.0|10|south=+65|west=+140,65,140,24,3.481879437021167
10,North Asia,5b16eb47c0f2b54bea77eabd0dea16b33b9bdd8a9783f0c5049511d56a08cf9e,65,eeafbc32bfb6dc3a7a444c45ecb3ee6adbd43200d7fbb00bf797f4743c81a5b5,rgi7.0|10|south=+51|west=+089,51,89,24,1.503076375778523
10,North Asia,5b16eb47c0f2b54bea77eabd0dea16b33b9bdd8a9783f0c5049511d56a08cf9e,66,f0af84c0908a52c5dd71d77cdee9f2f46cbc03963cdfac57e620e2a5d9811a99,rgi7.0|10|south=+66|west=-180,66,-180,23,1.939748525049506
10,North Asia,5b16eb47c0f2b54bea77eabd0dea16b33b9bdd8a9783f0c5049511d56a08cf9e,67,f3c599046a5bc7e6d1f97143ea3806b8cfe4d329dc69b80cf4b2ad1559defded,rgi7.0|10|south=+53|west=+159,53,159,45,12.988201043740771
10,North Asia,5b16eb47c0f2b54bea77eabd0dea16b33b9bdd8a9783f0c5049511d56a08cf9e,68,f71d87f89aaa923a04717d53246a30a6b1bb2ca6ba93aeead7842c608e44e54a,rgi7.0|10|south=+48|west=+088,48,88,198,43.85923589499443
10,North Asia,5b16eb47c0f2b54bea77eabd0dea16b33b9bdd8a9783f0c5049511d56a08cf9e,69,fa1e7d81304211964297345f9338c7eca4879beb1c0566620a758b373a54c9fd,rgi7.0|10|south=+76|west=+109,76,109,50,3.376663933294286
10,North Asia,5b16eb47c0f2b54bea77eabd0dea16b33b9bdd8a9783f0c5049511d56a08cf9e,70,fd3ad890b18604f83f70fb6678c5ca8e824283a39c405cf1e9b15900358aacfc,rgi7.0|10|south=+46|west=+091,46,91,71,30.63005414985552
18,New Zealand,639be755f4b9273620eb69e3d29225955514d050c7b77f3564f5086fe65c4f60,1,1705b06330274ae2555e87f554f34448efb0431a9eaec5d1b498401eb969a11b,rgi7.0|18|south=-44|west=+171,-44,171,140,15.87220066543176
18,New Zealand,639be755f4b9273620eb69e3d29225955514d050c7b77f3564f5086fe65c4f60,2,65b03cdd9629e0179418c6df7318aef4f23cfbcb48c0edd93530201d8cf9ddb4,rgi7.0|18|south=-44|west=+169,-44,169,494,80.67663454049499
18,New Zealand,639be755f4b9273620eb69e3d29225955514d050c7b77f3564f5086fe65c4f60,3,86bc8841bc30ad9978b76edc23945d148de85602ef33d48a53a9f26da02b661f,rgi7.0|18|south=-45|west=+167,-45,167,90,7.933665955018197
18,New Zealand,639be755f4b9273620eb69e3d29225955514d050c7b77f3564f5086fe65c4f60,4,afff49e2ecdac377ca34b46f0093622d8b3f7b9c6d4d29d3ae453f2ff298ba61,rgi7.0|18|south=-44|west=+170,-44,170,1294,521.9328673894527
18,New Zealand,639be755f4b9273620eb69e3d29225955514d050c7b77f3564f5086fe65c4f60,5,cf29cdf239e66b6f0b664c17b6ba9eed7ddcaa96364dccf5f0539eb187fede5b,rgi7.0|18|south=-40|west=+175,-40,175,12,3.7223364998104342
18,New Zealand,639be755f4b9273620eb69e3d29225955514d050c7b77f3564f5086fe65c4f60,6,d9ac6478f946ffed05f037dc45ce1c60426941bf7286165b93b7ed680f492e93,rgi7.0|18|south=-43|west=+171,-43,171,77,7.665163595797336
18,New Zealand,639be755f4b9273620eb69e3d29225955514d050c7b77f3564f5086fe65c4f60,7,ea0130b04af65ab2f812dae2a891e1453a1dbd762bcfbd3ba997189cc86f7655,rgi7.0|18|south=-45|west=+168,-45,168,768,234.9383413504015
18,New Zealand,639be755f4b9273620eb69e3d29225955514d050c7b77f3564f5086fe65c4f60,8,f838f45fa44890d9453052a03ebea072e6e6ba4fb7b484bb49076f36092e0b15,rgi7.0|18|south=-45|west=+169,-45,169,132,13.388601896828831
15,South Asia East,69d3cfbe87ae15f42742f7a7fbd17c3b1d7b446bc522bee3793df72d0556719f,1,01264f80513da793366f524b7d5d40d86bf4d61750dc438e9a25831b07e8ee04,rgi7.0|15|south=+28|west=+096,28,96,305,49.519180813560624
15,South Asia East,69d3cfbe87ae15f42742f7a7fbd17c3b1d7b446bc522bee3793df72d0556719f,2,0757cbfc90c24eab6c5283c6df932f58c4ed8fe92950b25d2a5142ada9e6067c,rgi7.0|15|south=+29|west=+097,29,97,1035,506.65239947519353
15,South Asia East,69d3cfbe87ae15f42742f7a7fbd17c3b1d7b446bc522bee3793df72d0556719f,3,09e647971db9040fb0e40737e25e8b490dabb87b021a013c6e44a5f39e6cd1f0,rgi7.0|15|south=+27|west=+086,27,86,597,499.0740586775057
15,South Asia East,69d3cfbe87ae15f42742f7a7fbd17c3b1d7b446bc522bee3793df72d0556719f,4,0b62d655b37fad19c16ec44c57f67347ce477ca213707241ecc213f00cbe819c,rgi7.0|15|south=+31|west=+100,31,100,36,8.959812662443223
15,South Asia East,69d3cfbe87ae15f42742f7a7fbd17c3b1d7b446bc522bee3793df72d0556719f,5,129d3331cc463e9d52f8af673e22cdd705f3a04c3d233770bc6d8ff4e4d22c05,rgi7.0|15|south=+28|west=+082,28,82,15,2.946336437719704
15,South Asia East,69d3cfbe87ae15f42742f7a7fbd17c3b1d7b446bc522bee3793df72d0556719f,6,12adbc98b5448dfb4c59422dd287570f25fa28d324946f90d4af23075cbf2e32,rgi7.0|15|south=+30|west=+082,30,82,113,69.46046626407332
15,South Asia East,69d3cfbe87ae15f42742f7a7fbd17c3b1d7b446bc522bee3793df72d0556719f,7,1aa3572ca88f45b390a4a23f38b2f032e977dfcde2e5e0c22666c6e45d9ad25b,rgi7.0|15|south=+30|west=+078,30,78,154,217.39518214221587
15,South Asia East,69d3cfbe87ae15f42742f7a7fbd17c3b1d7b446bc522bee3793df72d0556719f,8,1c297389a61b0f7544514b4c656ac704177459bc273ae5f3a5b6f8396eee645c,rgi7.0|15|south=+28|west=+093,28,93,61,28.825005480338234
15,South Asia East,69d3cfbe87ae15f42742f7a7fbd17c3b1d7b446bc522bee3793df72d0556719f,9,214feec41d728e2ce4f72a8f79bc1689158c5565a192e07efd78ff0c999ed8aa,rgi7.0|15|south=+28|west=+086,28,86,703,891.839160612214
15,South Asia East,69d3cfbe87ae15f42742f7a7fbd17c3b1d7b446bc522bee3793df72d0556719f,10,33e0b944d96a41f2de7730e5b0ae43ff1951bd2bd206667cb88b1743fa070d23,rgi7.0|15|south=+28|west=+100,28,100,19,5.070651399274086
15,South Asia East,69d3cfbe87ae15f42742f7a7fbd17c3b1d7b446bc522bee3793df72d0556719f,11,36c59a64c8187ba1a5e5cf799b18e5c8aaa9122c8981188394dbc1ca0cbed2a8,rgi7.0|15|south=+27|west=+092,27,92,383,300.05989039145004
15,South Asia East,69d3cfbe87ae15f42742f7a7fbd17c3b1d7b446bc522bee3793df72d0556719f,12,3791c69a8e9da2b093763c8cfefd409e2572a242339aa8f5457a506b2da8d6d5,rgi7.0|15|south=+30|west=+101,30,101,46,7.919680615773437
15,South Asia East,69d3cfbe87ae15f42742f7a7fbd17c3b1d7b446bc522bee3793df72d0556719f,13,3b07b4cd7ff6c4e1301794bcbd92f120ea9275b85ab68f72c18deeb39889cd3a,rgi7.0|15|south=+29|west=+082,29,82,769,591.7234489961453
15,South Asia East,69d3cfbe87ae15f42742f7a7fbd17c3b1d7b446bc522bee3793df72d0556719f,14,3cc1a9f608b3d1987be5a59ad11ca0a0581e1667ab5d29cbbd4f4f2f6ac28191,rgi7.0|15|south=+30|west=+099,30,99,141,59.82121777785943
15,South Asia East,69d3cfbe87ae15f42742f7a7fbd17c3b1d7b446bc522bee3793df72d0556719f,15,3cd474f36f46a27f551678b384fec0d226e3b14abcefac6a4ac4622ae5c5a3f2,rgi7.0|15|south=+28|west=+083,28,83,566,707.5924277241054
15,South Asia East,69d3cfbe87ae15f42742f7a7fbd17c3b1d7b446bc522bee3793df72d0556719f,16,4b973b3ecb5be89c6f142d01f0356b8efcc5e6f23f6b33ce3342e1660130e96f,rgi7.0|15|south=+29|west=+102,29,102,25,8.665265231468444
15,South Asia East,69d3cfbe87ae15f42742f7a7fbd17c3b1d7b446bc522bee3793df72d0556719f,17,4c184875e84b60cfe457577c9730ff398e3cf91bf216df056bf96c51a8470156,rgi7.0|15|south=+28|west=+090,28,90,429,706.8647321545841
15,South Asia East,69d3cfbe87ae15f42742f7a7fbd17c3b1d7b446bc522bee3793df72d0556719f,18,52b540754d709d0893538957b45633dbb97dd356a39de90d2083fb8d8c2763ca,rgi7.0|15|south=+28|west=+085,28,85,881,988.9496319567595
15,South Asia East,69d3cfbe87ae15f42742f7a7fbd17c3b1d7b446bc522bee3793df72d0556719f,19,53356a7713c560c8e187fc213f7099b32c92abb50f2aeed8e6cd0017a3ffa226,rgi7.0|15|south=+27|west=+091,27,91,153,77.27418608852852
15,South Asia East,69d3cfbe87ae15f42742f7a7fbd17c3b1d7b446bc522bee3793df72d0556719f,20,5ae608c035a8fc087b33573cbfdf140dcdc312a4fecd71ce372d41408893a150,rgi7.0|15|south=+29|west=+083,29,83,243,112.32945849686442
15,South Asia East,69d3cfbe87ae15f42742f7a7fbd17c3b1d7b446bc522bee3793df72d0556719f,21,600d89c1cca0a85b537e72996c9b1f46261a6bb70d34530d3c9add679b49c6ad,rgi7.0|15|south=+31|west=+078,31,78,334,281.6130359477484
15,South Asia East,69d3cfbe87ae15f42742f7a7fbd17c3b1d7b446bc522bee3793df72d0556719f,22,68057b12617ac217fb5f258d3affcd986af1fc969eb2e5d89b5d2fd0d256b462,rgi7.0|15|south=+27|west=+087,27,87,508,515.6842829270983
15,South Asia East,69d3cfbe87ae15f42742f7a7fbd17c3b1d7b446bc522bee3793df72d0556719f,23,6898ff12bd5fb01b8385cb60e7dff397ecebe3dd63fcb2d4bdc23ea005411df9,rgi7.0|15|south=+30|west=+096,30,96,68,14.488278891375344
15,South Asia East,69d3cfbe87ae15f42742f7a7fbd17c3b1d7b446bc522bee3793df72d0556719f,24,69657faf805a8cf77d13525ec32d28fd98facfd66f2a6b99296aaadc58c976e2,rgi7.0|15|south=+29|west=+098,29,98,107,18.41339628337659
15,South Asia East,69d3cfbe87ae15f42742f7a7fbd17c3b1d7b446bc522bee3793df72d0556719f,25,6c090e1592dd0b9341e295070210b78203f17c9fe18de141f32bb16ef8195d81,rgi7.0|15|south=+28|west=+088,28,88,69,56.03379051516668
15,South Asia East,69d3cfbe87ae15f42742f7a7fbd17c3b1d7b446bc522bee3793df72d0556719f,26,6fb693ede7d435fd93c01217ad25473a4b1c5446e5e55df1c33d1eb6e537f792,rgi7.0|15|south=+30|west=+097,30,97,22,3.337557676578567
15,South Asia East,69d3cfbe87ae15f42742f7a7fbd17c3b1d7b446bc522bee3793df72d0556719f,27,72fded60fa071feaebc7e408794586506fa0b2b860889fb6da795e20ff8e8040,rgi7.0|15|south=+30|west=+080,30,80,690,713.932226334784
15,South Asia East,69d3cfbe87ae15f42742f7a7fbd17c3b1d7b446bc522bee3793df72d0556719f,28,74e005259ccf74087eab6cc3ee18b2040e6c5dcc1966ff9ea9bbafc83a702748,rgi7.0|15|south=+29|west=+096,29,96,1805,1621.9630164911866
15,South Asia East,69d3cfbe87ae15f42742f7a7fbd17c3b1d7b446bc522bee3793df72d0556719f,29,75b367ba674b56ec78c7cfc3fdbfe3b8274528a7c2509d0e43a03c73aa29b4d5,rgi7.0|15|south=+30|west=+081,30,81,431,355.0929839945087
15,South Asia East,69d3cfbe87ae15f42742f7a7fbd17c3b1d7b446bc522bee3793df72d0556719f,30,78d0d6218257ea0d00f18dbdf00275b0dcbcaeb8c122e6d1e9def4030fb58bd5,rgi7.0|15|south=+28|west=+091,28,91,404,238.37390043908286
15,South Asia East,69d3cfbe87ae15f42742f7a7fbd17c3b1d7b446bc522bee3793df72d0556719f,31,83ff1bb2132f1a019d20df057e31d7fd44e14ed16ec4c938ce252d2c6dce9c2f,rgi7.0|15|south=+28|west=+084,28,84,648,965.0193138457942
15,South Asia East,69d3cfbe87ae15f42742f7a7fbd17c3b1d7b446bc522bee3793df72d0556719f,32,9219b0568e4f72383ca6cac1c46ee3bb2115bc87ad3384ecc9ca92add9e41839,rgi7.0|15|south=+29|west=+080,29,80,66,27.53309035735818
15,South Asia East,69d3cfbe87ae15f42742f7a7fbd17c3b1d7b446bc522bee3793df72d0556719f,33,9232df2fb223f7633d4ea1cf7b3ab5d977722ac8f95ddb5a242f34614cb30999,rgi7.0|15|south=+28|west=+087,28,87,322,200.77279426186843
15,South Asia East,69d3cfbe87ae15f42742f7a7fbd17c3b1d7b446bc522bee3793df72d0556719f,34,98e3cecc9665dc580f5dc345fc085a357357d6916f9dccb009cc7d85d9d298e4,rgi7.0|15|south=+28|west=+092,28,92,292,259.63581936045153
15,South Asia East,69d3cfbe87ae15f42742f7a7fbd17c3b1d7b446bc522bee3793df72d0556719f,35,9beb5814c53f5df33d65ce44d85b74c357889e707ad4b796a79a6101f903f390,rgi7.0|15|south=+31|west=+099,31,99,149,62.01236181313991
15,South Asia East,69d3cfbe87ae15f42742f7a7fbd17c3b1d7b446bc522bee3793df72d0556719f,36,a0734cad86cf6eb629572a354cea8aadd0af3c65e69c23cb751cea2cf4c1b09f,rgi7.0|15|south=+31|west=+103,31,103,50,12.000514248540279
15,South Asia East,69d3cfbe87ae15f42742f7a7fbd17c3b1d7b446bc522bee3793df72d0556719f,37,a554f74e6b61ffa383151be55ce219e9fc8dfb112b0b10114e820484a73d39dd,rgi7.0|15|south=+29|west=+099,29,99,184,45.28672856242234
15,South Asia East,69d3cfbe87ae15f42742f7a7fbd17c3b1d7b446bc522bee3793df72d0556719f,38,a630810c7d930e5c339eaa880546eb87daad36f3e8f69b51ffa544e16b0b17cd,rgi7.0|15|south=+27|west=+089,27,89,129,87.64557653342835
15,South Asia East,69d3cfbe87ae15f42742f7a7fbd17c3b1d7b446bc522bee3793df72d0556719f,39,b06d3a1f88cd4656b752421a94e086e20d03f87de71e1ed01ec99e2fa5fd2d7b,rgi7.0|15|south=+31|west=+101,31,101,20,3.933685107602824
15,South Asia East,69d3cfbe87ae15f42742f7a7fbd17c3b1d7b446bc522bee3793df72d0556719f,40,b5ecf37eba1f60e3f7785b965047d0573b23d585399f998f70f4c943c68bee4e,rgi7.0|15|south=+30|west=+102,30,102,64,9.204378810468993
15,South Asia East,69d3cfbe87ae15f42742f7a7fbd17c3b1d7b446bc522bee3793df72d0556719f,41,b5f0a1b2dc1db564c9f953d80c868174f2f4fd40d7e9a3d4ea37f4d7cbf034cc,rgi7.0|15|south=+27|west=+090,27,90,277,105.31645712540464
15,South Asia East,69d3cfbe87ae15f42742f7a7fbd17c3b1d7b446bc522bee3793df72d0556719f,42,b679dc37d0d87d0808067af1b5f952b4234252d2be6efa37cf342d25ed5af349,rgi7.0|15|south=+28|west=+098,28,98,317,185.7536260639841
15,South Asia East,69d3cfbe87ae15f42742f7a7fbd17c3b1d7b446bc522bee3793df72d0556719f,43,ba3c7e69633dfec6286a79e5bd85b57ce057d04ad1d20e3780094bfd135f6503,rgi7.0|15|south=+27|west=+088,27,88,743,968.8886306071029
15,South Asia East,69d3cfbe87ae15f42742f7a7fbd17c3b1d7b446bc522bee3793df72d0556719f,44,bc59c59ef520c0a807b2bc078838c7f16b4f3915837fa189ca1c99411c9f6692,rgi7.0|15|south=+29|west=+101,29,101,274,246.95046911263853
15,South Asia East,69d3cfbe87ae15f42742f7a7fbd17c3b1d7b446bc522bee3793df72d0556719f,45,c9faf3592441b0065b6b2d7f78d85431ff66a3ef9acb9c9675f71c98c4dafc20,rgi7.0|15|south=+29|west=+095,29,95,657,447.5276982891188
15,South Asia East,69d3cfbe87ae15f42742f7a7fbd17c3b1d7b446bc522bee3793df72d0556719f,46,d1eff41fe41557aa2c6dccd45daafdc7bba8de88652741b5eec64e1e2dccffd9,rgi7.0|15|south=+30|west=+079,30,79,837,1314.6524459380535
15,South Asia East,69d3cfbe87ae15f42742f7a7fbd17c3b1d7b446bc522bee3793df72d0556719f,47,dc49bb245bb8f26ed97ebcca24833ff13ffce2bea2e402c66176f768d1d26507,rgi7.0|15|south=+31|west=+102,31,102,181,23.150593436255576
15,South Asia East,69d3cfbe87ae15f42742f7a7fbd17c3b1d7b446bc522bee3793df72d0556719f,48,dcf8d25d4db8cf28ad6173085166a574f7542fda72f1d3a7d4504199e90112d2,rgi7.0|15|south=+29|west=+094,29,94,25,5.867353004240427
15,South Asia East,69d3cfbe87ae15f42742f7a7fbd17c3b1d7b446bc522bee3793df72d0556719f,49,e9c93f3fbb68b8009366d97c4da8ce3c811f903cd9b3b18f9e95d67433e61347,rgi7.0|15|south=+29|west=+081,29,81,345,210.4856814137006
15,South Asia East,69d3cfbe87ae15f42742f7a7fbd17c3b1d7b446bc522bee3793df72d0556719f,50,f36a70edc48ad0136dcd79f6e8f2a8a715d8e02fc44ff219edd4cd049a1baeb9,rgi7.0|15|south=+28|west=+089,28,89,208,216.95858613601624
15,South Asia East,69d3cfbe87ae15f42742f7a7fbd17c3b1d7b446bc522bee3793df72d0556719f,51,f8cd33789626c6352fa855a390d718ad4f31786899b53719c7bfe21507222657,rgi7.0|15|south=+31|west=+079,31,79,177,152.91935031551685
15,South Asia East,69d3cfbe87ae15f42742f7a7fbd17c3b1d7b446bc522bee3793df72d0556719f,52,f9e367f39d8e9bf4d554f0e2dcaa0a5795cfde244a6621c2f0ee27911a1c4182,rgi7.0|15|south=+27|west=+100,27,100,34,8.790616807948874
15,South Asia East,69d3cfbe87ae15f42742f7a7fbd17c3b1d7b446bc522bee3793df72d0556719f,53,fb1ff79d5631882c6e3a1e990c314512b21610ed7b7e8e40250b00640fc3461c,rgi7.0|15|south=+30|west=+095,30,95,961,663.8385867765834
15,South Asia East,69d3cfbe87ae15f42742f7a7fbd17c3b1d7b446bc522bee3793df72d0556719f,54,fbd1f471c46e05b467723973ca94bf87cb2b3e1c05545dff50b032fedb6cbf37,rgi7.0|15|south=+28|west=+097,28,97,491,162.02956142412611
04,Arctic Canada South,73ee9d1d5eecc4ea0cf63fe6fae52e0b8148ed6e5e463cb1e0da65d01e20bb47,1,02090dcbc3a3afe990ab7b3aab0867d085da385a9d63845203d993b808bac96b,rgi7.0|04|south=+72|west=-079,72,-79,77,84.88805487594391
04,Arctic Canada South,73ee9d1d5eecc4ea0cf63fe6fae52e0b8148ed6e5e463cb1e0da65d01e20bb47,2,04de7b3a03bcb9af93c70012fbb560c71432bb71d3a3f6c54a1686ac2d10bd14,rgi7.0|04|south=+69|west=-070,69,-70,307,1777.1754984874992
04,Arctic Canada South,73ee9d1d5eecc4ea0cf63fe6fae52e0b8148ed6e5e463cb1e0da65d01e20bb47,3,07e9ef67370f1e32bca6c11f4ae0ccab94ee39d5fac7f983fc531e6658b6b49b,rgi7.0|04|south=+62|west=-067,62,-67,97,301.8184059709538
04,Arctic Canada South,73ee9d1d5eecc4ea0cf63fe6fae52e0b8148ed6e5e463cb1e0da65d01e20bb47,4,0a848cc836085d678a3a8762bd82eec3c78e9e6270b78f003ea177e64785353f,rgi7.0|04|south=+69|west=-069,69,-69,228,781.0856713192145
04,Arctic Canada South,73ee9d1d5eecc4ea0cf63fe6fae52e0b8148ed6e5e463cb1e0da65d01e20bb47,5,0df52924dfce1961bfe5e5fd0c6883ae9757dcd6273b76590319dde5be898a44,rgi7.0|04|south=+72|west=-077,72,-77,257,1733.3460522758598
04,Arctic Canada South,73ee9d1d5eecc4ea0cf63fe6fae52e0b8148ed6e5e463cb1e0da65d01e20bb47,6,1600ffbd90dde12341a61e44f02cdbc298a43157670629c1702b4d85ab16211f,rgi7.0|04|south=+70|west=-071,70,-71,313,1211.571361854858
04,Arctic Canada South,73ee9d1d5eecc4ea0cf63fe6fae52e0b8148ed6e5e463cb1e0da65d01e20bb47,7,176a8f462b89553d656bc913648517a3effdf59d8ab7c556e4f8f3f373a4a523,rgi7.0|04|south=+67|west=-065,67,-65,166,326.5811861190491
04,Arctic Canada South,73ee9d1d5eecc4ea0cf63fe6fae52e0b8148ed6e5e463cb1e0da65d01e20bb47,8,179879a4d131380797a8c2914c609493a9946ef4369cfae731603870ed227381,rgi7.0|04|south=+66|west=-066,66,-66,425,1627.4441147099494
04,Arctic Canada South,73ee9d1d5eecc4ea0cf63fe6fae52e0b8148ed6e5e463cb1e0da65d01e20bb47,9,1d9c244c40b2eea0e964ddd0b8a1fc9fbdc8f2c8037bce794b801e9c28f15b45,rgi7.0|04|south=+73|west=-078,73,-78,123,882.0859197653579
04,Arctic Canada South,73ee9d1d5eecc4ea0cf63fe6fae52e0b8148ed6e5e463cb1e0da65d01e20bb47,10,1e76db11d01ef24a1c583520c8b7c02901641e8ab538f854b06710c4d291c9c7,rgi7.0|04|south=+66|west=-062,66,-62,152,100.01971259553187
04,Arctic Canada South,73ee9d1d5eecc4ea0cf63fe6fae52e0b8148ed6e5e463cb1e0da65d01e20bb47,11,1ed8c5efe8077031b105e63d933c7702ec15fa44eef9967fcb525ae22a1121ae,rgi7.0|04|south=+67|west=-068,67,-68,102,837.1412265639233
04,Arctic Canada South,73ee9d1d5eecc4ea0cf63fe6fae52e0b8148ed6e5e463cb1e0da65d01e20bb47,12,2b4740f016f7f74571ad3bc505a4126fcf20700262a8310716e19d6944a118db,rgi7.0|04|south=+72|west=-075,72,-75,37,141.82642945758369
04,Arctic Canada South,73ee9d1d5eecc4ea0cf63fe6fae52e0b8148ed6e5e463cb1e0da65d01e20bb47,13,2fa3e2450ba9c1394617e946026718e43165bc4f9940ba7c04e77e1239cec065,rgi7.0|04|south=+73|west=-077,73,-77,52,126.15136625831941
04,Arctic Canada South,73ee9d1d5eecc4ea0cf63fe6fae52e0b8148ed6e5e463cb1e0da65d01e20bb47,14,3d00943abcb4c9fe80a5e6efe00e3001cacc10341425825d06e589d1ae2eaba0,rgi7.0|04|south=+68|west=-069,68,-69,105,178.87257088456693
04,Arctic Canada South,73ee9d1d5eecc4ea0cf63fe6fae52e0b8148ed6e5e463cb1e0da65d01e20bb47,15,41bffd8e621c4a2022b6ee5e82e23b5ce5221f40072d20b8d3e01fe0501f3d7e,rgi7.0|04|south=+66|west=-065,66,-65,452,1148.764466088243
04,Arctic Canada South,73ee9d1d5eecc4ea0cf63fe6fae52e0b8148ed6e5e463cb1e0da65d01e20bb47,16,48dbec06038ddc3450eacc601ef5dc93d547608051bb2428e7056be97dbdcb8c,rgi7.0|04|south=+73|west=-079,73,-79,82,1745.633158604417
04,Arctic Canada South,73ee9d1d5eecc4ea0cf63fe6fae52e0b8148ed6e5e463cb1e0da65d01e20bb47,17,4bfe656e63e30e2ac6be1e70ee2e1e2ff58a06be9f1eda3d6ca250670e63393f,rgi7.0|04|south=+64|west=-067,64,-67,34,1.416360029416398
04,Arctic Canada South,73ee9d1d5eecc4ea0cf63fe6fae52e0b8148ed6e5e463cb1e0da65d01e20bb47,18,4ebea988af465c2923f896fc2b3045a6e5865eb4233bffc7e09af4fcaa7b18b2,rgi7.0|04|south=+71|west=-077,71,-77,72,679.5632407129539
04,Arctic Canada South,73ee9d1d5eecc4ea0cf63fe6fae52e0b8148ed6e5e463cb1e0da65d01e20bb47,19,4f5cd8a30661f665383945d4bb8c16a86aff4f4011c265efea20f0ad8a9359f9,rgi7.0|04|south=+69|west=-071,69,-71,93,337.60120840902886
04,Arctic Canada South,73ee9d1d5eecc4ea0cf63fe6fae52e0b8148ed6e5e463cb1e0da65d01e20bb47,20,4ff7a67c10c88b2754025c884f8ce78c6303b2c00e17dcee2fa04e6dc5c29958,rgi7.0|04|south=+73|west=-087,73,-87,42,22.916385120090464
04,Arctic Canada South,73ee9d1d5eecc4ea0cf63fe6fae52e0b8148ed6e5e463cb1e0da65d01e20bb47,21,50ba22229f3a8eb518b7e0216affb9e65823570e3031100ed8dea441f9a0332e,rgi7.0|04|south=+68|west=-067,68,-67,44,39.983781110118706
04,Arctic Canada South,73ee9d1d5eecc4ea0cf63fe6fae52e0b8148ed6e5e463cb1e0da65d01e20bb47,22,53d7203e64cfc2da9bb286f418b540584560922a2857f53c21fcd8650a3d6702,rgi7.0|04|south=+62|west=-068,62,-68,11,1.497203715858076
04,Arctic Canada South,73ee9d1d5eecc4ea0cf63fe6fae52e0b8148ed6e5e463cb1e0da65d01e20bb47,23,54c04b75accf869e3d4e1b4c022bbbe24fe657355639036954ab679ac4255acb,rgi7.0|04|south=+68|west=-068,68,-68,164,364.47470454294114
04,Arctic Canada South,73ee9d1d5eecc4ea0cf63fe6fae52e0b8148ed6e5e463cb1e0da65d01e20bb47,24,5ab164daf7a96618047440c8f29558b4b2250d0a8e6b33d8711a431e17a50309,rgi7.0|04|south=+65|west=-063,65,-63,46,19.107622190195023
04,Arctic Canada South,73ee9d1d5eecc4ea0cf63fe6fae52e0b8148ed6e5e463cb1e0da65d01e20bb47,25,5fd50d0ad86687a897b2825796c111a5c7d6fe1c0f1944bef9ffa5e30f20895f,rgi7.0|04|south=+71|west=-079,71,-79,36,26.421257372425675
04,Arctic Canada South,73ee9d1d5eecc4ea0cf63fe6fae52e0b8148ed6e5e463cb1e0da65d01e20bb47,26,668f175faab642eabeef8dd7689b255abcb7aeb5cbf3ef8cb30c2101f3c09b90,rgi7.0|04|south=+63|west=-066,63,-66,487,156.79504786831365
04,Arctic Canada South,73ee9d1d5eecc4ea0cf63fe6fae52e0b8148ed6e5e463cb1e0da65d01e20bb47,27,690443635780a88052fe59d1920af380230316c12e3714559da56fb2a8ba3611,rgi7.0|04|south=+64|west=-064,64,-64,27,1.627751676400165
04,Arctic Canada South,73ee9d1d5eecc4ea0cf63fe6fae52e0b8148ed6e5e463cb1e0da65d01e20bb47,28,6b6ff80b7eb6d008826c34f9b673dd4f2b29e0d8fc5b0dc7fb326ebe43ec0246,rgi7.0|04|south=+70|west=-072,70,-72,269,1196.5558192290928
04,Arctic Canada South,73ee9d1d5eecc4ea0cf63fe6fae52e0b8148ed6e5e463cb1e0da65d01e20bb47,29,6d448468b7cb03b0951f5b48aae6746e708b36dd96b17a289665090d0712458f,rgi7.0|04|south=+63|west=-067,63,-67,21,1.278129913993096
04,Arctic Canada South,73ee9d1d5eecc4ea0cf63fe6fae52e0b8148ed6e5e463cb1e0da65d01e20bb47,30,7022c0d2c48b17905ef3b1f6c08cee1876ff810855a3f9599aff15ac3577b8b6,rgi7.0|04|south=+72|west=-076,72,-76,160,924.240493585441
04,Arctic Canada South,73ee9d1d5eecc4ea0cf63fe6fae52e0b8148ed6e5e463cb1e0da65d01e20bb47,31,742c09b68d115bfcb15131688ebc010bc29e02a2e8c20fa1837cbd48c5409a89,rgi7.0|04|south=+72|west=-084,72,-84,50,4.881035577973363
04,Arctic Canada South,73ee9d1d5eecc4ea0cf63fe6fae52e0b8148ed6e5e463cb1e0da65d01e20bb47,32,7a82eae73ac3feb9df3347d615cc042242653dadff91da9ab1485f07af95d5a5,rgi7.0|04|south=+71|west=-076,71,-76,218,1047.0822007476033
04,Arctic Canada South,73ee9d1d5eecc4ea0cf63fe6fae52e0b8148ed6e5e463cb1e0da65d01e20bb47,33,81ef493e684da0e775cf772e2d073f36a5cc706348a2b3ab7db2ba549c7ecf90,rgi7.0|04|south=+72|west=-082,72,-82,12,5.186769701454527
04,Arctic Canada South,73ee9d1d5eecc4ea0cf63fe6fae52e0b8148ed6e5e463cb1e0da65d01e20bb47,34,837f023ac7a342730b71922e8b34853abd7545fabcf71dd0483603b5d28930c0,rgi7.0|04|south=+73|west=-084,73,-84,146,141.4244745970024
04,Arctic Canada South,73ee9d1d5eecc4ea0cf63fe6fae52e0b8148ed6e5e463cb1e0da65d01e20bb47,35,854553628f1bb4002e8e9824a5bffa2eecd8a8e3734e7e5d752798ae741d5357,rgi7.0|04|south=+71|west=-074,71,-74,245,662.1529071804468
04,Arctic Canada South,73ee9d1d5eecc4ea0cf63fe6fae52e0b8148ed6e5e463cb1e0da65d01e20bb47,36,884d8393b93948c3304f7f33e1a43a586431651e0e55da8811e419cd0bc2e86e,rgi7.0|04|south=+73|west=-082,73,-82,125,329.8871380885178
04,Arctic Canada South,73ee9d1d5eecc4ea0cf63fe6fae52e0b8148ed6e5e463cb1e0da65d01e20bb47,37,8b50830e6e37152fb69abfb2d1895010e536be6af319509f9600ef0e78686fb5,rgi7.0|04|south=+68|west=-070,68,-70,100,178.0077996001008
04,Arctic Canada South,73ee9d1d5eecc4ea0cf63fe6fae52e0b8148ed6e5e463cb1e0da65d01e20bb47,38,8dc819d8af0b4c1bd937b30568d47bee5ea39e49286c0d219b5fae90c1fb75e2,rgi7.0|04|south=+66|west=-064,66,-64,537,1513.4450615982216
04,Arctic Canada South,73ee9d1d5eecc4ea0cf63fe6fae52e0b8148ed6e5e463cb1e0da65d01e20bb47,39,95628adadd30c2cc933ee3d30d9031e51a05765d743a8395edda501c33c8d4e6,rgi7.0|04|south=+65|west=-065,65,-65,255,95.76184829930313
04,Arctic Canada South,73ee9d1d5eecc4ea0cf63fe6fae52e0b8148ed6e5e463cb1e0da65d01e20bb47,40,958e6501a0b3c78be63871c1905ec9250a54eeb6c4ca1c8e5ca1257d75246e30,rgi7.0|04|south=+59|west=-065,59,-65,45,7.327867862670193
04,Arctic Canada South,73ee9d1d5eecc4ea0cf63fe6fae52e0b8148ed6e5e463cb1e0da65d01e20bb47,41,9a7b0c59eaa26fe7269a880522d5c1a861f117dc4f481c801e43065ef2140ecc,rgi7.0|04|south=+72|west=-078,72,-78,244,975.2139106312804
04,Arctic Canada South,73ee9d1d5eecc4ea0cf63fe6fae52e0b8148ed6e5e463cb1e0da65d01e20bb47,42,9b45dfd3ee82a7eb272086c2815a5ed7189b33a73726bb03cc562fea10593a79,rgi7.0|04|south=+58|west=-064,58,-64,35,7.9425587771646295
04,Arctic Canada South,73ee9d1d5eecc4ea0cf63fe6fae52e0b8148ed6e5e463cb1e0da65d01e20bb47,43,9c2e1badc37d3c3637f1a57b94f4af1d54477061fdeab0d6969c75e697eb0772,rgi7.0|04|south=+67|west=-066,67,-66,245,3116.905031792136
04,Arctic Canada South,73ee9d1d5eecc4ea0cf63fe6fae52e0b8148ed6e5e463cb1e0da65d01e20bb47,44,9cc94d645f5a876ce0ba2a004efb330ea8703d612ef61e52fadc7bb7d83aed96,rgi7.0|04|south=+73|west=-081,73,-81,105,204.77433718065407
04,Arctic Canada South,73ee9d1d5eecc4ea0cf63fe6fae52e0b8148ed6e5e463cb1e0da65d01e20bb47,45,a62730748f4d719b0fb3012095a91a78bd98677222cf2441e67d64e77388bee5,rgi7.0|04|south=+64|west=-066,64,-66,713,403.74308401795923
04,Arctic Canada South,73ee9d1d5eecc4ea0cf63fe6fae52e0b8148ed6e5e463cb1e0da65d01e20bb47,46,ad3de557bd7d0e66d885e6372d0af76643423eb628428bc30586e7cae4a6323b,rgi7.0|04|south=+63|west=-065,63,-65,104,28.316394211879558
04,Arctic Canada South,73ee9d1d5eecc4ea0cf63fe6fae52e0b8148ed6e5e463cb1e0da65d01e20bb47,47,b38da56fbf53e1478cb22f8f9267cde536b06234bf45fa689a9cd7b22e9402d0,rgi7.0|04|south=+71|west=-078,71,-78,68,229.4374774298575
04,Arctic Canada South,73ee9d1d5eecc4ea0cf63fe6fae52e0b8148ed6e5e463cb1e0da65d01e20bb47,48,b3fd499131a7f65e51748e1f8d51214fd440f87d2d18c0d4e595ddb4209eba6b,rgi7.0|04|south=+67|west=-067,67,-67,334,2140.10693404321
04,Arctic Canada South,73ee9d1d5eecc4ea0cf63fe6fae52e0b8148ed6e5e463cb1e0da65d01e20bb47,49,b72cbf507d0eac9afefb084e9e9d99baf533713325da61282c29e56c06d75a7d,rgi7.0|04|south=+71|west=-075,71,-75,257,808.4290646472457
04,Arctic Canada South,73ee9d1d5eecc4ea0cf63fe6fae52e0b8148ed6e5e463cb1e0da65d01e20bb47,50,bed19a573edd885792b190a5b3df32f0ae5b80c2181119b2969fd149bec8239e,rgi7.0|04|south=+73|west=-085,73,-85,59,7.237586046131355
04,Arctic Canada South,73ee9d1d5eecc4ea0cf63fe6fae52e0b8148ed6e5e463cb1e0da65d01e20bb47,51,c52ffa0e0b750e13460fc2d8f16a2a65c766c8afedd65704a17c4544298a087a,rgi7.0|04|south=+70|west=-074,70,-74,77,1402.342522422638
04,Arctic Canada South,73ee9d1d5eecc4ea0cf63fe6fae52e0b8148ed6e5e463cb1e0da65d01e20bb47,52,c6575c73847a51232383b3ecc1d1bf460eb9d35ce733523ef7c09224e4937a9c,rgi7.0|04|south=+72|west=-080,72,-80,17,8.096688504116463
04,Arctic Canada South,73ee9d1d5eecc4ea0cf63fe6fae52e0b8148ed6e5e463cb1e0da65d01e20bb47,53,c7532c98d04d6453494c44ed6b36cef39d2478d0618ca16655133940c326a3b1,rgi7.0|04|south=+71|west=-073,71,-73,236,661.6125433139144
04,Arctic Canada South,73ee9d1d5eecc4ea0cf63fe6fae52e0b8148ed6e5e463cb1e0da65d01e20bb47,54,c8278374b1dacfd03959984d0846350be5c48503b3efed0db75ac879ec5b04c0,rgi7.0|04|south=+72|west=-083,72,-83,51,70.38133707940919
04,Arctic Canada South,73ee9d1d5eecc4ea0cf63fe6fae52e0b8148ed6e5e463cb1e0da65d01e20bb47,55,cbb93502e9547d613515205e14f6c3653a08678036543fe78973929b32908b22,rgi7.0|04|south=+72|west=-085,72,-85,35,12.579283744102641
04,Arctic Canada South,73ee9d1d5eecc4ea0cf63fe6fae52e0b8148ed6e5e463cb1e0da65d01e20bb47,56,cd8cd6fa03b387749ca00d4ba86e7a9258aceff03f5747a600bc943a517818e2,rgi7.0|04|south=+59|west=-064,59,-64,17,3.873243560625646
04,Arctic Canada South,73ee9d1d5eecc4ea0cf63fe6fae52e0b8148ed6e5e463cb1e0da65d01e20bb47,57,d04e9fff06260b0ca1f231fcbf502ad351b2d03c445238d67037497bdf863e6a,rgi7.0|04|south=+71|west=-080,71,-80,12,2.9621460937449258
04,Arctic Canada South,73ee9d1d5eecc4ea0cf63fe6fae52e0b8148ed6e5e463cb1e0da65d01e20bb47,58,d0e1ce210c5f0e3ddf43ff88ab2ca67ceb6169635b9ca9718c1b7acd92e255d0,rgi7.0|04|south=+70|west=-070,70,-70,160,355.0132648092701
04,Arctic Canada South,73ee9d1d5eecc4ea0cf63fe6fae52e0b8148ed6e5e463cb1e0da65d01e20bb47,59,d11bab56e35711b95a60bd9d35a35cfe8424b369690d3e3ec8fc8c0a6b0c2556,rgi7.0|04|south=+65|west=-064,65,-64,515,546.8978955922254
04,Arctic Canada South,73ee9d1d5eecc4ea0cf63fe6fae52e0b8148ed6e5e463cb1e0da65d01e20bb47,60,daee0b1764d3a97e868d8abe9ed07799de0dac6821740a5538e7905360da7de4,rgi7.0|04|south=+70|west=-073,70,-73,156,819.9153972788972
04,Arctic Canada South,73ee9d1d5eecc4ea0cf63fe6fae52e0b8148ed6e5e463cb1e0da65d01e20bb47,61,dcb123192f431ced81c251f12ec0f7eeeeefb4d063d11dd489b958d742f67439,rgi7.0|04|south=+73|west=-086,73,-86,127,105.3692374814008
04,Arctic Canada South,73ee9d1d5eecc4ea0cf63fe6fae52e0b8148ed6e5e463cb1e0da65d01e20bb47,62,dd15d039f0603cb905c451234cee1a6803db848756db42caa55b0fc4ce82c5d1,rgi7.0|04|south=+66|west=-067,66,-67,47,148.1412113033335
04,Arctic Canada South,73ee9d1d5eecc4ea0cf63fe6fae52e0b8148ed6e5e463cb1e0da65d01e20bb47,63,dfc37620a80fa30958500fc7d86fbaab1295029d6747b3aa4ef677082d0ae572,rgi7.0|04|south=+67|west=-064,67,-64,15,8.139359340759853
04,Arctic Canada South,73ee9d1d5eecc4ea0cf63fe6fae52e0b8148ed6e5e463cb1e0da65d01e20bb47,64,e80a2adf7f0fdb2b4a4afabde1d572428af3ccfbbd038ffbc1e6b1939bfc1f1d,rgi7.0|04|south=+71|west=-072,71,-72,111,216.1759658622254
04,Arctic Canada South,73ee9d1d5eecc4ea0cf63fe6fae52e0b8148ed6e5e463cb1e0da65d01e20bb47,65,ef5fd74db441b4284e7ddba61e2cc9f6ba8daeb2cb0a00683288a6dd0cf873b0,rgi7.0|04|south=+73|west=-080,73,-80,123,1502.988645413265
04,Arctic Canada South,73ee9d1d5eecc4ea0cf63fe6fae52e0b8148ed6e5e463cb1e0da65d01e20bb47,66,ff83bb4ed36a34b5e94e2f8881a0034e26e56c54686273ad25b282406312c0d0,rgi7.0|04|south=+66|west=-063,66,-63,699,791.1755873995697
04,Arctic Canada South,73ee9d1d5eecc4ea0cf63fe6fae52e0b8148ed6e5e463cb1e0da65d01e20bb47,67,ffe8449f9fed5e860923a1758a5525b290b7c707778fc44a9c3ed91b2d810fb6,rgi7.0|04|south=+73|west=-083,73,-83,166,265.2652137779554
