candidate_id,event_group_id,event_name,date_start,date_end,date_precision,latitude_deg,longitude_deg,location,country,setting,initial_failure,threshold_quantity,threshold_relation,threshold_value,threshold_lower_bound,threshold_upper_bound,threshold_unit,discovery_source,discovery_record,primary_source_url,primary_source_locator,screen_1_reviewer,screen_1_decision,screen_1_reason,screen_2_reviewer,screen_2_decision,screen_2_reason,consensus_decision,consensus_reason,analysis_role,trigger_time_eligible,notes
paat-2000,paat-2000,Paatuut rock avalanche,2000-11-21,,day,70.2667,-52.75,Paatuut on Vaigat Strait,Greenland,fjord,rock_avalanche,initial_volume,equal,48000000,,,m3,Dohmen2025Data,LTT_Paatuut_2000,https://doi.org/10.1007/s10346-024-02439-x,"Volume estimates and DoD; Mobility",codex-primary,include,eligible,codex-fjord-independent,include,eligible,include,eligible,event_candidate,yes,"Primary reconstruction also reports 7.77 km runout and near-field runup up to 45 m"
aysen-2007-mentirosa,aysen-mentirosa-2007,Aysen Fjord Mentirosa Island rockslide,2007-04-21,,day,-45.4,-72.97,Mentirosa Island in Aysen Fjord,Chile,fjord,rockslide,initial_volume,equal,7000000,,,m3,Dohmen2025Data,LTT_AysenFjord_Isla_Mentirosa_2007,https://doi.org/10.5027/andgeoV36n1-a10,"Section 2.1; figures 3-4",codex-primary,include,eligible,codex-fjord-independent,include,eligible,include,eligible,event_candidate,yes,"Distinct source slope; shares one earthquake and fjord-wide wave field with other Aysen sources"
aysen-2007-punta-cola,aysen-punta-cola-2007,Aysen Fjord Punta Cola rock avalanche,2007-04-21,,day,,,Punta Cola ravine in Aysen Fjord,Chile,fjord,rock_avalanche,initial_volume,equal,12000000,,,m3,Dohmen2025Data,LTT_AysenFjord_QuebradaSinNombre_2007,https://doi.org/10.5027/andgeoV36n1-a10,"Section 2.1; figures 3-4",codex-primary,include,eligible,codex-fjord-independent,include,eligible,include,eligible,event_candidate,yes,"Primary Punta Cola name and 12 million m3 estimate may correspond to the catalog Quebrada Sin Nombre 14 million m3 alias; distinct source slope under the shared earthquake trigger"
aysen-2007-aguas-calientes,aysen-aguas-calientes-2007,Aysen Fjord Aguas Calientes source,2007-04-21,,day,,,Aguas Calientes in Aysen Fjord,Chile,fjord,rockslide,initial_volume,equal,2000000,,,m3,Dohmen2025Data,LTT_AysenFjord_AguasCalientes_2007,https://doi.org/10.1594/PANGAEA.979839,PANGAEA event row,codex-primary,uncertain,primary_source_pending,codex-fjord-independent,uncertain,primary_source_pending,uncertain,primary_source_pending,not_assigned,not_assigned,"Catalog source naming and volume have not yet been mapped to a primary reconstruction"
chehalis-2007,chehalis-2007,Chehalis Lake rockslide and wave,2007-12-04,,day,49.47,-122.01,Chehalis Lake British Columbia,Canada,alpine_lake,rock_avalanche,tsunami_runup,equal,37.8,,,m,Dohmen2025Data,LTT_ChehalisLake_2007,https://doi.org/10.1093/gji/ggv026,"Abstract; section 1; figure 4b",codex-primary,include,eligible,codex-fjord-independent,include,eligible,include,eligible,event_candidate,yes,"Primary source also reports an approximately 3 million m3 source"
laguna513-2010,laguna513-2010,Laguna 513 rock-ice avalanche and wave,2010-04-11,,day,-9.2125,-77.55,Laguna 513 Cordillera Blanca,Peru,alpine_lake,rock_ice_avalanche,tsunami_runup,approximate,24.5,,,m,Dohmen2025Data,LTT_Peru_2010,https://doi.org/10.5194/adgeo-35-145-2014,Event reconstruction,codex-primary,include,eligible,codex-fjord-independent,include,eligible,include,eligible,event_candidate,yes,"One source gives 10 April; retain date disagreement before reanalysis"
askja-2014,askja-2014,Lake Askja rockslide and wave,2014-07-21,,day,65.02,-16.7,Askja caldera lake,Iceland,alpine_lake,rock_avalanche,initial_volume,approximate,20000000,,,m3,Dohmen2025Data,LTT_LakeAskja_2014,https://doi.org/10.1002/2016JC012496,"Sections 2.1 and 2.2; figures 1-3",codex-primary,include,eligible,codex-fjord-independent,include,eligible,include,eligible,event_candidate,yes,"Rockslide in volcanic terrain; not a volcanic flank collapse; source also reports 60-80 m inundation/runup"
eqip-sermia-2014,eqip-sermia-2014,Eqip Sermia glacier collapse and wave,2014-07-02,,day,69.8,-50.2167,Eqip Sermia western Greenland,Greenland,fjord,glacier_collapse,tsunami_runup,range,,10,15,m,Dohmen2025Data,LTT_Greenland_2014,https://doi.org/10.5194/tc-10-995-2016,Event reconstruction,codex-primary,include,eligible,codex-fjord-independent,uncertain,taxonomy_pending,include,eligible,event_candidate,yes,"Consensus applies the registered glacier-ice failure rule to the reconstruction's glacier-collapse classification and 10--15 m runup; ordinary calving remains a sensitivity exclusion"
taan-2015,taan-2015,Taan Fiord rock avalanche and tsunami,2015-10-17,,day,60.17,-141.18,Taan Fiord Alaska,United States,fjord,rock_avalanche,initial_volume,approximate,76000000,,,m3,Dohmen2025Data,LTT_TaanFjord_2015,https://doi.org/10.1038/s41598-018-30475-w,"Event description; figures 1-2",codex-primary,include,eligible,codex-fjord-independent,include,eligible,include,eligible,event_candidate,yes,"Reported asymmetric volume interval is plus 3 minus 4 million m3; maximum runup 193 m"
karrat-2017,karrat-2017,Karrat Fjord rock avalanche and tsunami,2017-06-17,,minute,71.6433,-52.3367,Karrat Fjord western Greenland,Greenland,fjord,rock_avalanche,initial_volume,lower_limit,,33400000,,m3,Dohmen2025Data,LTT_KarratFjord_2017,https://doi.org/10.5194/esurf-8-1021-2020,"Sections 3.3.3 and 4.2",codex-primary,include,eligible,codex-fjord-independent,include,eligible,include,eligible,event_candidate,yes,"Cluster with smaller 2009 and 2016 failures; revised separated estimate is about 38-40 million m3"
elliot-creek-2020,elliot-creek-2020,Elliot Creek rockslide and lake tsunami,2020-11-28,,day,50.97,-124.61,Elliot Creek British Columbia,Canada,alpine_lake,rockslide,initial_volume,equal,18000000,,,m3,Dohmen2025Data,LTT_ElliotCreek_2020,https://doi.org/10.1029/2021GL096716,"Abstract; section 2.2",codex-primary,include,eligible,codex-fjord-independent,include,eligible,include,eligible,event_candidate,yes,"About 13.3 million m3 entered the lake; observed trimline runup about 114 m"
dickson-2023,dickson-2023,Dickson Fjord rockslide and tsunami,2023-09-16,,minute,72.81,-26.95,Dickson Fjord East Greenland,Greenland,fjord,rock_ice_avalanche,initial_volume,approximate,25000000,,,m3,Dohmen2025Data,LTT_DicksonFjord_2023,https://doi.org/10.1126/science.adm9247,"Landslide dynamics; supplementary text S1",codex-primary,include,eligible,codex-fjord-independent,include,eligible,include,eligible,event_candidate,yes,"Rockslide struck a gully glacier; modeled initial backsplash and runup about 200 m"
dickson-2023-oct,dickson-2023,Dickson Fjord October secondary episode,2023-10-11,,minute,72.81,-26.95,Dickson Fjord East Greenland,Greenland,fjord,unresolved_rock_or_ice,not_documented,not_documented,,,,not_applicable,Svennevig2024,supplementary_text_S1.7,https://doi.org/10.1126/science.adm9247,"Supplementary text S1.7",codex-primary,uncertain,threshold_not_documented,codex-fjord-independent,uncertain,threshold_not_documented,uncertain,threshold_not_documented,not_assigned,not_assigned,"The supplement documents signal amplitude rather than field runup; no qualifying October source volume or travel measurement has been assigned"
south-lhonak-2023,south-lhonak-2023,South Lhonak lateral-moraine collapse,2023-10-03,,second,27.9056,88.1722,South Lhonak Lake Sikkim,India,alpine_lake,moraine_slide,initial_volume,equal,14700000,,,m3,Dohmen2025Data,LTT_LhonakLake_2023,https://doi.org/10.1126/science.ads2659,"Drivers and causes; figure 1",codex-primary,exclude,excluded_process,codex-fjord-independent,include,eligible,exclude,excluded_process,not_applicable,not_applicable,"Passes size threshold but initial failure is moraine debris rather than rock or glacier ice; disagreement resolved by source-material rule"
pedersen-2024,pedersen-2024,Pedersen Glacier Lagoon rockslide and tsunami,2024-08-07,,second,59.9038,-149.8246,Pedersen Glacier upper lagoon Alaska,United States,proglacial_lagoon,rockslide,initial_volume,equal,4600000,,,m3,web_search,USGS_Pedersen_2024,https://www.usgs.gov/programs/landslide-hazards/science/2024-pedersen-glacier-lagoon-landslide-generated-tsunami,"Scientific Findings; volume section",codex-primary,include,eligible,codex-fjord-independent,include,eligible,include,eligible,event_candidate,yes,"Authoritative revision reports 0.7 million m3 uncertainty and ground-surveyed runup about 17 m"
tracy-arm-2025,tracy-arm-2025,Tracy Arm landslide and tsunami,2025-08-10,,minute,57.85,-133.07,Tracy Arm southeast Alaska,United States,fjord,rock_avalanche,initial_volume,lower_limit,,63500000,,m3,web_search,Shugar2026,https://doi.org/10.1126/science.aec3187,"Morphology geometry and volume",codex-primary,include,eligible,codex-fjord-independent,include,eligible,include,eligible,event_candidate,yes,"Mapped lower limit has reported 2.7 million m3 uncertainty; maximum measured runup 481 m"
stromboli-2002,stromboli-2002,Stromboli flank failures and tsunami,2002-12-30,,day,,,Stromboli island,Italy,volcanic_island,volcanic_flank_collapse,initial_volume,equal,12000000,,,m3,Dohmen2025Data,LTT_Stromboli_2002_1,https://doi.org/10.1007/s10346-009-0155-6,Process and event reconstruction,codex-primary,exclude,excluded_process,codex-fjord-independent,exclude,excluded_process,exclude,excluded_process,not_applicable,not_applicable,"Volcanic flank collapse is outside the registered material/process population"
palu-2018,palu-2018,Palu Bay coseismic coastal slides,2018-09-28,,day,,,Palu Bay Sulawesi,Indonesia,coastal_bay,soft_sediment_slide,initial_volume,equal,6660000,,,m3,Dohmen2025Data,LTT_Palu_2018_L,https://doi.org/10.1007/s10346-018-1114-x,Source-failure reconstruction,codex-primary,exclude,excluded_process,codex-fjord-independent,exclude,outside_setting,exclude,excluded_process,not_applicable,not_applicable,"Multiple partially submerged soft-sediment slides in a coastal bay; outside alpine/fjord rock-ice population"
yigong-2000,yigong-2000,Yigong rock avalanche,2000-04-09,,day,30.1775,94.9403,Yigong Zhamu Creek Tibet,China,high_mountain,rock_avalanche,initial_volume,equal,109000000,,,m3,rock_search,RA-001,https://doi.org/10.1002/2016JB013624,Event description and source reconstruction,codex-primary,include,eligible,codex-rock-independent,include,eligible,include,eligible,event_candidate,yes,A second primary account gives 300 million m3 and coordinates 30.2031 N 94.9675 E; retain both disagreements
iliamna-2000-a,iliamna-red-glacier,Red Glacier Iliamna first ice-rock avalanche,2000-08-08,,day,,,Red Glacier Iliamna Volcano Alaska,United States,high_mountain,ice_rock_avalanche,not_documented,not_documented,,,,not_applicable,rock_search,RA-002a,https://doi.org/10.1016/j.jvolgeores.2007.08.009,Table 1 and event section,codex-primary,uncertain,threshold_not_documented,codex-rock-independent,uncertain,threshold_not_documented,uncertain,threshold_not_documented,not_assigned,not_assigned,"The source describes two failures; 8.9 km is the shared reported maximum and has not been assigned to this individual failure"
iliamna-2000-b,iliamna-red-glacier,Red Glacier Iliamna second ice-rock avalanche,2000-08-28,,day,,,Red Glacier Iliamna Volcano Alaska,United States,high_mountain,ice_rock_avalanche,not_documented,not_documented,,,,not_applicable,rock_search,RA-002b,https://doi.org/10.1016/j.jvolgeores.2007.08.009,Table 1 and event section,codex-primary,uncertain,threshold_not_documented,codex-rock-independent,uncertain,threshold_not_documented,uncertain,threshold_not_documented,not_assigned,not_assigned,"The source describes two failures; 8.9 km is the shared reported maximum and has not been assigned to this individual failure"
tsar-2000,tsar-2000,Tsar Mountain rockslide,2000-09-14,,minute,,,Tsar Mountain Canadian Rockies British Columbia,Canada,high_mountain,rockslide,initial_volume,approximate,1600000,,,m3,rock_search,RA-003,https://doi.org/10.1002/esp.2037,Abstract and event reconstruction,codex-primary,include,eligible,codex-rock-independent,include,eligible,include,eligible,event_candidate,yes,Initial slab estimate used rather than larger deposit estimate
kolka-2002,kolka-2002,Kolka-Karmadon rock-ice avalanche,2002-09-20,,day,42.73,44.44,Kolka Glacier North Ossetia,Russia,high_mountain,rock_ice_avalanche,travel_distance,approximate,19400,,,m,glacier_search,kolka-karmadon-2002,https://doi.org/10.5194/nhess-5-173-2005,Abstract; figures 2-4; volume discussion,codex-primary,include,eligible,codex-glacier-independent,include,eligible,include,eligible,event_candidate,yes,Avalanche travel is kept separate from the longer downstream mudflow
denali-mcginnis-n-2002,denali-mcginnis-n-2002,Denali earthquake McGinnis Peak north avalanche,2002-11-03,,second,,,McGinnis Peak Alaska Range,United States,high_mountain,rock_avalanche,initial_volume,equal,18400000,,,m3,rock_search,RA-005a,https://pubs.usgs.gov/publication/70030400,Event table and individual description,codex-primary,include,eligible,codex-rock-independent,include,eligible,include,eligible,event_candidate,yes,One of seven distinct failures at 22:12:41 UTC under a common earthquake trigger
denali-mcginnis-s-2002,denali-mcginnis-s-2002,Denali earthquake McGinnis Peak south avalanche,2002-11-03,,second,,,McGinnis Peak Alaska Range,United States,high_mountain,rock_avalanche,initial_volume,equal,11400000,,,m3,rock_search,RA-005b,https://pubs.usgs.gov/publication/70030400,Event table and individual description,codex-primary,include,eligible,codex-rock-independent,include,eligible,include,eligible,event_candidate,yes,Distinct source failure under the common earthquake trigger
denali-black-rapids-e-2002,denali-black-rapids-e-2002,Denali earthquake Black Rapids east avalanche,2002-11-03,,second,,,Black Rapids Glacier Alaska Range,United States,high_mountain,rock_avalanche,initial_volume,range,,9300000,14000000,m3,rock_search,RA-005c,https://pubs.usgs.gov/publication/70030400,Event table and individual description,codex-primary,include,eligible,codex-rock-independent,include,eligible,include,eligible,event_candidate,yes,Distinct source failure under the common earthquake trigger
denali-black-rapids-m-2002,denali-black-rapids-m-2002,Denali earthquake Black Rapids middle avalanche,2002-11-03,,second,,,Black Rapids Glacier Alaska Range,United States,high_mountain,rock_avalanche,initial_volume,range,,7700000,11600000,m3,rock_search,RA-005d,https://pubs.usgs.gov/publication/70030400,Event table and individual description,codex-primary,include,eligible,codex-rock-independent,include,eligible,include,eligible,event_candidate,yes,Distinct source failure under the common earthquake trigger
denali-black-rapids-w-2002,denali-black-rapids-w-2002,Denali earthquake Black Rapids west avalanche,2002-11-03,,second,,,Black Rapids Glacier Alaska Range,United States,high_mountain,rock_avalanche,initial_volume,range,,4900000,7400000,m3,rock_search,RA-005e,https://pubs.usgs.gov/publication/70030400,Event table and individual description,codex-primary,include,eligible,codex-rock-independent,include,eligible,include,eligible,event_candidate,yes,Distinct source failure under the common earthquake trigger
denali-west-fork-n-2002,denali-west-fork-n-2002,Denali earthquake West Fork north avalanche,2002-11-03,,second,,,West Fork Glacier Alaska Range,United States,high_mountain,rock_avalanche,initial_volume,equal,4100000,,,m3,rock_search,RA-005f,https://pubs.usgs.gov/publication/70030400,Event table and individual description,codex-primary,include,eligible,codex-rock-independent,include,eligible,include,eligible,event_candidate,yes,Distinct source failure under the common earthquake trigger
denali-west-fork-s-2002,denali-west-fork-s-2002,Denali earthquake West Fork south avalanche,2002-11-03,,second,,,West Fork Glacier Alaska Range,United States,high_mountain,rock_avalanche,initial_volume,equal,4400000,,,m3,rock_search,RA-005g,https://pubs.usgs.gov/publication/70030400,Event table and individual description,codex-primary,include,eligible,codex-rock-independent,include,eligible,include,eligible,event_candidate,yes,Distinct source failure under the common earthquake trigger
iliamna-2003,iliamna-red-glacier,Red Glacier Iliamna rock-ice avalanche,2003-07-25,,day,,,Red Glacier Iliamna Volcano Alaska,United States,high_mountain,rock_ice_avalanche,initial_volume,approximate,6000000,,,m3,rock_search,RA-006,https://doi.org/10.1029/2010JF001734,Table 1 and sections 4.1 and 5,codex-primary,include,eligible,codex-rock-independent,include,eligible,include,eligible,event_candidate,yes,Initial source volume is stored rather than the larger entrained and final volumes
thurwieser-2004,thurwieser-2004,Punta Thurwieser rock avalanche,2004-09-18,,minute,,,Punta Thurwieser and Zebru Glacier,Italy,high_mountain,rock_ice_avalanche,initial_volume,range,,2500000,3000000,m3,rock_search,RA-007,https://doi.org/10.1016/j.enggeo.2008.02.012,Abstract and source-runout sections,codex-primary,include,eligible,codex-rock-independent,include,eligible,include,eligible,event_candidate,yes,Rock avalanche incorporated snow and ice; local onset about 13:41 CEST
steller-2005,steller-2005,Mount Steller rock-ice avalanche,2005-09-14,,minute,60.52,-143.09,Mount Steller Bering Glacier Alaska,United States,high_mountain,rock_ice_avalanche,initial_volume,range,,10000000,20000000,m3,glacier_search,mount-steller-2005,https://doi.org/10.1029/2012GL052511,Section 2 paragraph 6 and figure 1,codex-primary,include,eligible,codex-glacier-independent,include,eligible,include,eligible,event_candidate,yes,Range is initial rock volume; separate initial ice and snow and larger final volume must not be conflated
tinguiririca-2007,tinguiririca-2007,Tinguiririca glacier detachment,2007-01-07,2007-01-14,satellite_interval,-34.83,-70.35,Tinguiririca Glacier central Andes,Chile,high_mountain,glacier_detachment,initial_volume,range,,10000000,14000000,m3,glacier_search,tinguiririca-2007,https://doi.org/10.5194/tc-15-1751-2021,Table 1 and section 3.10,codex-primary,include,eligible,codex-glacier-independent,include,eligible,include,eligible,event_candidate,no,Occurrence bracket is too broad for a short-window trigger test
steele-2007,steele-2007,Mount Steele rock-ice avalanche,2007-07-25,,minute,,,Mount Steele St Elias Mountains Yukon,Canada,high_mountain,rock_ice_avalanche,initial_volume,range,,27500000,80500000,m3,glacier_search,mount-steele-2007-07-24,https://doi.org/10.1007/s10346-008-0133-4,Event reconstruction; figure 2; volume discussion,codex-primary,include,eligible,codex-glacier-independent,include,eligible,include,eligible,event_candidate,yes,Date is 25 July UTC and 24 July local; later 27 July citation conflicts with primary chronology
morsar-2007-mar,morsar-2007,Morsarjokull March rock avalanche,2007-03-20,,day,,,Morsarjokull Vatnajokull,Iceland,high_mountain,rock_avalanche,not_documented,not_documented,,,,not_applicable,rock_search,RA-010a,https://static.ngu.no/upload/publikasjoner/Rapporter/2008/2008_058.pdf,Page 33 and later two-date mapping,codex-primary,uncertain,threshold_not_documented,codex-rock-independent,uncertain,threshold_not_documented,uncertain,threshold_not_documented,not_assigned,not_assigned,The reported approximately 4 million m3 combines March and April failures and cannot yet be allocated to this stage
morsar-2007-apr,morsar-2007,Morsarjokull April rock avalanche,2007-04-17,,day,,,Morsarjokull Vatnajokull,Iceland,high_mountain,rock_avalanche,not_documented,not_documented,,,,not_applicable,rock_search,RA-010b,https://static.ngu.no/upload/publikasjoner/Rapporter/2008/2008_058.pdf,Page 33 and later two-date mapping,codex-primary,uncertain,threshold_not_documented,codex-rock-independent,uncertain,threshold_not_documented,uncertain,threshold_not_documented,not_assigned,not_assigned,The reported approximately 4 million m3 combines March and April failures and cannot yet be allocated to this stage
meager-2010,meager-2010,Mount Meager Capricorn Creek rockslide,2010-08-06,,second,,,Mount Meager British Columbia,Canada,high_mountain,rockslide,initial_volume,equal,48500000,,,m3,rock_search,RA-011,https://doi.org/10.5194/nhess-12-1277-2012,Abstract and event reconstruction,codex-primary,include,eligible,codex-rock-independent,include,eligible,include,eligible,event_candidate,yes,Initial rock slide transformed to debris flow; total travel about 12.7 km
cengalo-2011,piz-cengalo,Piz Cengalo 2011 rock avalanche,2011-12-27,,minute,,,Piz Cengalo Bregaglia,Switzerland,high_mountain,rock_avalanche,initial_volume,range,,1500000,2000000,m3,rock_search,RA-012,https://doi.org/10.1029/2017JF004327,Section 5.2.1,codex-primary,include,eligible,codex-rock-independent,include,eligible,include,eligible,event_candidate,yes,Repeated scarp system with the 2017 event but a distinct episode
lituya-2012,lituya-2012,Mount Lituya rock avalanche,2012-06-11,,minute,,,Mount Lituya Hopkins Glacier Alaska,United States,high_mountain,rock_avalanche,initial_volume,greater_than,,20000000,,m3,rock_search,RA-013,https://doi.org/10.1002/2016JF004027,Appendix event descriptions and table A1,codex-primary,include,eligible,codex-rock-independent,include,eligible,include,eligible,event_candidate,yes,Rock slope failure traveled more than 9 km onto Hopkins Glacier
haast-2013,haast-2013,Mount Haast Mount Dixon rock avalanche,2013-01-21,,minute,,,Aoraki Mount Cook National Park,New Zealand,high_mountain,rock_ice_avalanche,travel_distance,equal,2900,,,m,rock_search,RA-014,https://static.geonet.org.nz/info/reports/landslide/SR2013-033_Mt_Haast_Rock_Avalanche.pdf,Pages 8-14,codex-primary,include,eligible,codex-rock-independent,include,eligible,include,eligible,event_candidate,yes,Initial volume is below or near the cutoff; inclusion rests on travel; Mount Dixon and Mount Haast are aliases
flat-creek-2013,flat-creek,Flat Creek glacier detachment,2013-08-05,,day,61.50,-141.54,Flat Creek Alaska,United States,high_mountain,glacier_detachment,initial_volume,range,,6800000,11200000,m3,glacier_search,flat-creek-2013,https://doi.org/10.5194/tc-15-1751-2021,Table 1 and section 3.7,codex-primary,include,eligible,codex-glacier-independent,include,eligible,include,eligible,event_candidate,yes,Reported reach exceeds 11 km
la-perouse-2014,la-perouse-2014,Mount La Perouse rock avalanche,2014-02-16,,minute,,,Mount La Perouse Glacier Bay Alaska,United States,high_mountain,rock_ice_avalanche,travel_distance,equal,7400,,,m,rock_search,RA-015,https://doi.org/10.1007/s10346-017-0879-7,Inventory table and figure 2,codex-primary,include,eligible,codex-rock-independent,include,eligible,include,eligible,event_candidate,yes,Rock avalanche incorporated snow and ice; mass estimate is about 68 megatonnes
hillary-2014,hillary-2014,Hillary Ridge rock avalanche,2014-07-14,,minute,-43.6165,170.1427,Hillary Ridge Noeline Glacier,New Zealand,high_mountain,rock_avalanche,travel_distance,equal,3900,,,m,rock_search,RA-016,https://doi.org/10.1007/s10346-015-0556-7,Abstract,codex-primary,include,eligible,codex-rock-independent,include,eligible,include,eligible,event_candidate,yes,Initial volume about 0.9 million m3 is below the volume threshold; inclusion rests on travel
lamplugh-2016,lamplugh-2016,Lamplugh Glacier rock avalanche,2016-06-28,,minute,,,Lamplugh Glacier Glacier Bay Alaska,United States,high_mountain,rock_ice_avalanche,initial_volume,equal,51700000,,,m3,rock_search,RA-018,https://doi.org/10.1002/2017JF004512,Abstract and conclusions,codex-primary,include,eligible,codex-rock-independent,include,eligible,include,eligible,event_candidate,yes,Threshold uses source rock volume; entrained snow and ice and final volume are separate quantities
shuraki-kapali-2017,petra-sk,Shuraki Kapali glacier detachment,2017-07-10,2017-07-11,satellite_interval,38.974,70.844,Shuraki Kapali Tajikistan,Tajikistan,high_mountain,glacier_detachment,initial_volume,range,,6100000,11500000,m3,glacier_search,shuraki-kapali-2017,https://doi.org/10.5194/nhess-21-1409-2021,Section 4.2 and tables 3-4,codex-primary,include,eligible,codex-glacier-independent,include,eligible,include,eligible,event_candidate,no,Range represents 8.8 plus or minus 2.7 million m3; detachment followed by debris and mud flow
cengalo-2017,piz-cengalo,Piz Cengalo Val Bondasca rock avalanche,2017-08-23,,minute,,,Piz Cengalo Val Bondasca,Switzerland,high_mountain,rock_ice_avalanche,initial_volume,range,,3000000,3270000,m3,rock_search,RA-019,https://doi.org/10.5194/nhess-20-505-2020,Section 2.1 and figure 5,codex-primary,include,eligible,codex-rock-independent,include,eligible,include,eligible,event_candidate,yes,Initial rock volume is separated from entrained glacier ice and later debris-flow surges
sedongpu-2018,sedongpu,Sedongpu glacier avalanche,2018-10-16,,minute,29.80,94.92,Sedongpu Glacier Tibet,China,high_mountain,glacier_detachment,travel_distance,approximate,8000,,,m,glacier_search,sedongpu-2018-10-17,https://doi.org/10.5194/tc-15-1751-2021,Table 1 and section 3.6,codex-primary,include,eligible,codex-glacier-independent,include,eligible,include,eligible,event_candidate,yes,Seismic onset was 14:48 UTC or 22:48 China Standard Time on 16 October; travel is clearer than episode-specific volume
chamoli-2021,chamoli-2021,Ronti Peak Chamoli rock-ice avalanche,2021-02-07,,second,30.375,79.732,Ronti Peak Rishiganga Chamoli,India,high_mountain,rock_ice_avalanche,initial_volume,range,,26500000,27300000,m3,glacier_search,chamoli-ronti-2021,https://doi.org/10.1126/science.abh4455,Main figure 2 and supplement section 5.1,codex-primary,include,eligible,codex-glacier-independent,include,eligible,include,eligible,event_candidate,yes,Range is the reported 95 percent interval for the initial wedge; about 80 percent rock and 20 percent ice
marmolada-2022,marmolada-2022,Marmolada glacier collapse,2022-07-03,,second,,,Marmolada Glacier Dolomites,Italy,high_mountain,glacier_collapse,travel_distance,equal,2300,,,m,glacier_search,marmolada-2022,https://doi.org/10.1016/j.geomorph.2023.108687,Event reconstruction,codex-primary,include,eligible,codex-glacier-independent,include,eligible,include,eligible,event_candidate,yes,Initial volume about 70400 m3 is below the volume cutoff; inclusion rests on 2.3 km travel
bukadaban-2022,bukadaban-2022,Bukadaban East glacier detachment,2022-11-01,,minute,35.969,90.869,Bukadaban East Glacier,China,high_mountain,glacier_detachment,initial_volume,range,,35000000,45000000,m3,glacier_search,bukadaban-east-2022,https://doi.org/10.1038/s43247-025-03125-z,Results reconstruction subsection and figure 1,codex-primary,include,eligible,codex-glacier-independent,include,eligible,include,eligible,event_candidate,yes,Satellite interval 04:35-06:54 UTC contains a seismic estimate near 05:57 UTC; source-to-deposit reach 4.3 km
dykhtau-2023,dykhtau-2023,Dykhtau hanging-glacier avalanche,2023-08-12,,day,,,Dykhtau Caucasus,Russia,high_mountain,glacier_collapse,travel_distance,equal,2330,,,m,glacier_search,dykhtau-2023,https://doi.org/10.31857/S2076673424020047,Results and figures 1-2,codex-primary,include,eligible,codex-glacier-independent,include,eligible,include,eligible,event_candidate,yes,Plan reach 2.33 km and path length 2.7 km qualify even though reported volume spans 0.9-1.0 million m3
piz-scerscen-2024,piz-scerscen-2024,Piz Scerscen rock-ice avalanche,2024-04-14,,minute,,,Piz Scerscen Val Roseg,Switzerland,high_mountain,rock_ice_avalanche,initial_volume,approximate,5000000,,,m3,glacier_search,piz-scerscen-2024,https://www.permos.ch/fileadmin/Files/publications/swiss_permafrost_bulletin/PERMOS_Bulletin_2024.pdf,Event box Rock-ice avalanche at Piz Scerscen,codex-primary,include,eligible,codex-glacier-independent,include,eligible,include,eligible,event_candidate,yes,Agency estimate; later peer-reviewed reconstruction should supersede if available
blatten-2025,blatten-2025,Birchgletscher Blatten rock-ice avalanche,2025-05-28,,minute,,,Kleines Nesthorn Birch Glacier Blatten Valais,Switzerland,high_mountain,rock_ice_avalanche,initial_volume,approximate,9500000,,,m3,glacier_search,birchgletscher-blatten-2025,https://doi.glamos.ch/pubs/glbulletin/glbulletin_2025.pdf,Table 9.1 and pages 77-78,codex-primary,include,eligible,codex-glacier-independent,include,eligible,include,eligible,event_candidate,yes,Combined failure sequence contains about 6.5 million m3 rock and 2.9 million m3 ice
nepal-langtang-border-2026,nepal-2026,Nepal-Tibet border glacier-involving avalanche,2026-08-26,,minute,28.271,85.515,Langtang region Nepal-Tibet border,Nepal,high_mountain,unresolved_rock_or_ice,not_documented,not_documented,,,,not_applicable,glacier_search,langtang-border-2026-08-26,https://www.usgs.gov/programs/landslide-hazards/science/2026-nepal-debris-avalanche-and-flash-flood,Findings as of 2026-08-27,codex-primary,uncertain,threshold_not_documented,codex-glacier-independent,uncertain,threshold_not_documented,uncertain,threshold_not_documented,not_assigned,not_assigned,The authoritative 100 km measure is downstream cascade reach rather than source-to-deposit avalanche travel; no qualifying avalanche-stage threshold is yet assigned
mount-miller-2008,mount-miller-2008,Mount Miller avalanche,2008-07-06,2008-07-09,satellite_interval,,,Mount Miller St Elias Mountains Alaska,United States,high_mountain,unresolved_rock_or_ice,initial_volume,approximate,22000000,,,m3,rock_search,uncertain Mount Miller,https://doi.org/10.1007/s10346-017-0879-7,Regional inventory entry,codex-primary,uncertain,primary_source_pending,codex-rock-independent,uncertain,primary_source_pending,uncertain,primary_source_pending,not_assigned,not_assigned,Deposit volume and travel qualify but initial source material and exact occurrence need primary reconstruction
langtang-2015,langtang-2015,Langtang earthquake avalanche,2015-04-25,,minute,,,Langtang Valley Nepal,Nepal,high_mountain,ice_rock_avalanche,initial_volume,approximate,8440000,,,m3,rock_search,uncertain Langtang,https://doi.org/10.1186/s40623-016-0423-3,Reconstructed avalanche initiation and total initial volume,codex-primary,include,eligible,codex-rock-independent,include,eligible,include,eligible,event_candidate,yes,"Reconstruction attributes initiation to serac falls and snow avalanches involving the snow-and-ice cover plus some rock; the registered glacier-ice rule therefore applies"
iliamna-2004,iliamna-umbrella-glacier,Iliamna Umbrella Glacier avalanche,2004-02-09,,day,,,Umbrella Glacier Iliamna Volcano Alaska,United States,high_mountain,glacier_collapse,initial_volume,upper_limit,,,1000000,m3,rock_search,excluded Iliamna 2004,https://doi.org/10.1016/j.jvolgeores.2007.08.009,Event discussion,codex-primary,uncertain,threshold_not_documented,codex-rock-independent,uncertain,threshold_not_documented,uncertain,threshold_not_documented,not_assigned,not_assigned,The reported upper limit equals the cutoff and cannot establish that initial volume reached one million m3; no independent travel or runup threshold was assigned
baige-2018-oct,baige-2018,Baige October landslide,2018-10-10,,minute,31.0823,98.711,Baige Jinsha River Tibetan Plateau,China,high_mountain,rockslide,initial_volume,approximate,25000000,,,m3,Dohmen2025Data,LTT_Baige_2018,https://doi.org/10.1029/2023JF007363,Section 2 study site and case,codex-primary,include,eligible,codex-fjord-independent,include,eligible,include,eligible,event_candidate,yes,Seismic onset was 22:05 China Standard Time on 10 October; some catalogs use 11 October; dam breach and flood are downstream phases
baige-2018-nov,baige-2018,Baige November repeat landslide,2018-11-03,,minute,31.0823,98.711,Baige Jinsha River Tibetan Plateau,China,high_mountain,rockslide,initial_volume,approximate,8700000,,,m3,primary_followup,Baige second episode,https://doi.org/10.1029/2023JF007363,Section 2 study site and case,codex-primary,include,eligible,codex-fjord-independent,include,eligible,include,eligible,event_candidate,yes,Repeat source failure three weeks after the first; retained as a distinct episode in one site group
bureya-2018,bureya-2018,Bureya reservoir rockslide and wave,2018-12-11,,minute,50.5667,131.4833,Bureya Reservoir Khabarovsk Krai,Russia,reservoir,rockslide,initial_volume,equal,24500000,,,m3,Dohmen2025Data,LTT_Bureya_2018,https://doi.org/10.31857/S0435428120030086,Abstract and event parameters,codex-primary,uncertain,setting_pending,codex-fjord-independent,uncertain,setting_pending,uncertain,setting_pending,not_assigned,not_assigned,Large natural rockslide and 90 m reservoir wave in a narrow mountain valley; eligibility awaits the registered terrain-mask check rather than a reservoir-label exclusion
fuquan-2014,fuquan-2014,Fuquan quarry rock avalanche and wave,2014-08-27,,minute,,,Fuquan Guizhou,China,quarry,rock_avalanche,initial_volume,equal,1410000,,,m3,Dohmen2025Data,LTT_Fuquan_2014,https://doi.org/10.1007/s10346-016-0679-5,Source geometry and volume,codex-primary,exclude,outside_setting,codex-fjord-independent,exclude,outside_setting,exclude,outside_setting,not_applicable,not_applicable,Rock avalanche entered a water-filled quarry; mine and construction settings are outside the registered population
seti-2012,seti-2012,Seti Annapurna IV rock-ice avalanche,2012-05-05,,day,28.5304,84.0510,Annapurna IV Seti River,Nepal,high_mountain,rock_ice_avalanche,initial_volume,approximate,33000000,,,m3,Zhong2024Data,HMA_ID_3_2012,https://doi.org/10.13101/ijece.7.111,Event investigation and source reconstruction,codex-primary,include,eligible,codex-hma-independent,include,eligible,include,eligible,event_candidate,yes,Source estimates differ across reconstructions but remain above one million m3; initial avalanche and downstream flood are separated
kunlun-b2-2001,kunlun-b2-2001,Kunlun B2 ice avalanche,2001-10-01,2002-02-28,satellite_interval,35.670207,94.250686,Burhan Budai Shan Kunlun,China,high_mountain,glacier_collapse,initial_volume,range,,1000000,4000000,m3,Zhong2024Data,HMA_ID_8_B2,https://doi.org/10.1130/B25317.1,Mapped post-earthquake glacier failures,codex-primary,include,eligible,codex-hma-independent,include,eligible,include,eligible,event_candidate,no,Primary paper brackets all six failures after October 2001; workbook date retained only as a disagreement
kunlun-k2-2001,kunlun-k2-2001,Kunlun K2 ice avalanche,2001-10-01,2002-02-28,satellite_interval,35.753655,93.530595,Kunlun earthquake rupture zone,China,high_mountain,glacier_collapse,initial_volume,range,,1000000,2000000,m3,Zhong2024Data,HMA_ID_9_K2,https://doi.org/10.1130/B25317.1,Mapped post-earthquake glacier failures,codex-primary,include,eligible,codex-hma-independent,include,eligible,include,eligible,event_candidate,no,Workbook gives October 2000-April 2001 but primary paper places the failure after the November 2001 earthquake
kunlun-b4-2001,kunlun-b4-2001,Kunlun B4 ice avalanche,2001-10-01,2002-02-28,satellite_interval,35.666963,94.198879,Burhan Budai Shan Kunlun,China,high_mountain,glacier_collapse,initial_volume,range,,1000000,4000000,m3,Zhong2024Data,HMA_ID_10_B4,https://doi.org/10.1130/B25317.1,Mapped post-earthquake glacier failures,codex-primary,include,eligible,codex-hma-independent,include,eligible,include,eligible,event_candidate,no,One of several satellite-bracketed failures associated with a common earthquake
yulong-2004,yulong,Yulong Ganheba rock-ice avalanche,2004-03-12,,day,27.090639,100.18447,Yulong Mountain Ganheba,China,high_mountain,rock_ice_avalanche,initial_volume,approximate,9100000,,,m3,Zhong2024Data,HMA_ID_20_2004,https://doi.org/10.3389/feart.2023.1017207,Event reconstruction,codex-primary,include,eligible,codex-hma-independent,include,eligible,include,eligible,event_candidate,yes,Later reconstruction gives 9.1 million m3; workbook reports 2-4 million m3 and that disagreement is retained
aru-1-2016,aru,Aru-1 glacier detachment,2016-07-17,,minute,34.018816,82.243666,Aru Range western Tibet,China,high_mountain,glacier_detachment,initial_volume,equal,68000000,,,m3,Zhong2024Data,HMA_ID_21,https://doi.org/10.1038/s41561-017-0039-7,Event reconstruction and supplementary table,codex-primary,include,eligible,codex-hma-independent,include,eligible,include,eligible,event_candidate,yes,Independent event candidate but grouped with Aru-2 at the site level
aru-2-2016,aru,Aru-2 glacier detachment,2016-09-21,,minute,34.005936,82.254926,Aru Range western Tibet,China,high_mountain,glacier_detachment,initial_volume,equal,83000000,,,m3,Zhong2024Data,HMA_ID_22,https://doi.org/10.1038/s41561-017-0039-7,Event reconstruction and supplementary table,codex-primary,include,eligible,codex-hma-independent,include,eligible,include,eligible,event_candidate,yes,The reconstruction treats two closely spaced pulses as one source detachment and reports an event-total volume; the pulses are downstream stages rather than separate source failures
siachen-2010-01,siachen-2010,Siachen Glacier rock avalanche 1,2010-09-09,2010-09-12,satellite_interval,35.406231,77.157909,Siachen Glacier Karakoram,India,high_mountain,rock_avalanche,not_documented,not_documented,,,,not_applicable,Zhong2024Data,HMA_ID_28_failure_1,https://www.cambridge.org/core/journals/journal-of-glaciology/article/karakoram-geodetic-glacier-mass-balances-between-2008-and-2016-persistence-of-the-anomaly-and-influence-of-a-large-rock-avalanche-on-siachen-glacier/131C4EF02593AA45D0119A80668BEEC7,Rock-avalanche reconstruction and revised aggregate volume,codex-primary,uncertain,threshold_not_documented,codex-hma-independent,uncertain,threshold_not_documented,uncertain,threshold_not_documented,not_assigned,not_assigned,One of seven seismically detected failures; individual date and size are not resolved and the 107 million m3 aggregate is not assigned
siachen-2010-02,siachen-2010,Siachen Glacier rock avalanche 2,2010-09-09,2010-09-12,satellite_interval,35.406231,77.157909,Siachen Glacier Karakoram,India,high_mountain,rock_avalanche,not_documented,not_documented,,,,not_applicable,Zhong2024Data,HMA_ID_28_failure_2,https://www.cambridge.org/core/journals/journal-of-glaciology/article/karakoram-geodetic-glacier-mass-balances-between-2008-and-2016-persistence-of-the-anomaly-and-influence-of-a-large-rock-avalanche-on-siachen-glacier/131C4EF02593AA45D0119A80668BEEC7,Rock-avalanche reconstruction and revised aggregate volume,codex-primary,uncertain,threshold_not_documented,codex-hma-independent,uncertain,threshold_not_documented,uncertain,threshold_not_documented,not_assigned,not_assigned,One of seven seismically detected failures; individual date and size are not resolved and the 107 million m3 aggregate is not assigned
siachen-2010-03,siachen-2010,Siachen Glacier rock avalanche 3,2010-09-09,2010-09-12,satellite_interval,35.406231,77.157909,Siachen Glacier Karakoram,India,high_mountain,rock_avalanche,not_documented,not_documented,,,,not_applicable,Zhong2024Data,HMA_ID_28_failure_3,https://www.cambridge.org/core/journals/journal-of-glaciology/article/karakoram-geodetic-glacier-mass-balances-between-2008-and-2016-persistence-of-the-anomaly-and-influence-of-a-large-rock-avalanche-on-siachen-glacier/131C4EF02593AA45D0119A80668BEEC7,Rock-avalanche reconstruction and revised aggregate volume,codex-primary,uncertain,threshold_not_documented,codex-hma-independent,uncertain,threshold_not_documented,uncertain,threshold_not_documented,not_assigned,not_assigned,One of seven seismically detected failures; individual date and size are not resolved and the 107 million m3 aggregate is not assigned
siachen-2010-04,siachen-2010,Siachen Glacier rock avalanche 4,2010-09-09,2010-09-12,satellite_interval,35.406231,77.157909,Siachen Glacier Karakoram,India,high_mountain,rock_avalanche,not_documented,not_documented,,,,not_applicable,Zhong2024Data,HMA_ID_28_failure_4,https://www.cambridge.org/core/journals/journal-of-glaciology/article/karakoram-geodetic-glacier-mass-balances-between-2008-and-2016-persistence-of-the-anomaly-and-influence-of-a-large-rock-avalanche-on-siachen-glacier/131C4EF02593AA45D0119A80668BEEC7,Rock-avalanche reconstruction and revised aggregate volume,codex-primary,uncertain,threshold_not_documented,codex-hma-independent,uncertain,threshold_not_documented,uncertain,threshold_not_documented,not_assigned,not_assigned,One of seven seismically detected failures; individual date and size are not resolved and the 107 million m3 aggregate is not assigned
siachen-2010-05,siachen-2010,Siachen Glacier rock avalanche 5,2010-09-09,2010-09-12,satellite_interval,35.406231,77.157909,Siachen Glacier Karakoram,India,high_mountain,rock_avalanche,not_documented,not_documented,,,,not_applicable,Zhong2024Data,HMA_ID_28_failure_5,https://www.cambridge.org/core/journals/journal-of-glaciology/article/karakoram-geodetic-glacier-mass-balances-between-2008-and-2016-persistence-of-the-anomaly-and-influence-of-a-large-rock-avalanche-on-siachen-glacier/131C4EF02593AA45D0119A80668BEEC7,Rock-avalanche reconstruction and revised aggregate volume,codex-primary,uncertain,threshold_not_documented,codex-hma-independent,uncertain,threshold_not_documented,uncertain,threshold_not_documented,not_assigned,not_assigned,One of seven seismically detected failures; individual date and size are not resolved and the 107 million m3 aggregate is not assigned
siachen-2010-06,siachen-2010,Siachen Glacier rock avalanche 6,2010-09-09,2010-09-12,satellite_interval,35.406231,77.157909,Siachen Glacier Karakoram,India,high_mountain,rock_avalanche,not_documented,not_documented,,,,not_applicable,Zhong2024Data,HMA_ID_28_failure_6,https://www.cambridge.org/core/journals/journal-of-glaciology/article/karakoram-geodetic-glacier-mass-balances-between-2008-and-2016-persistence-of-the-anomaly-and-influence-of-a-large-rock-avalanche-on-siachen-glacier/131C4EF02593AA45D0119A80668BEEC7,Rock-avalanche reconstruction and revised aggregate volume,codex-primary,uncertain,threshold_not_documented,codex-hma-independent,uncertain,threshold_not_documented,uncertain,threshold_not_documented,not_assigned,not_assigned,One of seven seismically detected failures; individual date and size are not resolved and the 107 million m3 aggregate is not assigned
siachen-2010-07,siachen-2010,Siachen Glacier rock avalanche 7,2010-09-09,2010-09-12,satellite_interval,35.406231,77.157909,Siachen Glacier Karakoram,India,high_mountain,rock_avalanche,not_documented,not_documented,,,,not_applicable,Zhong2024Data,HMA_ID_28_failure_7,https://www.cambridge.org/core/journals/journal-of-glaciology/article/karakoram-geodetic-glacier-mass-balances-between-2008-and-2016-persistence-of-the-anomaly-and-influence-of-a-large-rock-avalanche-on-siachen-glacier/131C4EF02593AA45D0119A80668BEEC7,Rock-avalanche reconstruction and revised aggregate volume,codex-primary,uncertain,threshold_not_documented,codex-hma-independent,uncertain,threshold_not_documented,uncertain,threshold_not_documented,not_assigned,not_assigned,One of seven seismically detected failures; individual date and size are not resolved and the 107 million m3 aggregate is not assigned
naltar-2021,naltar-2021,Upper Naltar rock-ice avalanche,2021-07-05,,day,36.220482,74.085186,Upper Naltar Valley Gilgit-Baltistan,Pakistan,high_mountain,rock_ice_avalanche,initial_volume,equal,7400000,,,m3,Zhong2024Data,HMA_ID_29,https://doi.org/10.1007/s10346-021-01840-0,Source reconstruction and runout,codex-primary,include,eligible,codex-hma-independent,include,eligible,include,eligible,event_candidate,yes,Primary reconstruction reports 7.4 million m3 leaving the source and 4.48 km travel
north-terong-2000,north-terong-2000,North Terong Glacier rock avalanche,2000-04-21,2000-05-08,satellite_interval,35.356675,77.341067,North Terong Glacier Karakoram,India,high_mountain,rock_avalanche,travel_distance,approximate,4900,,,m,Zhong2024Data,HMA_ID_31,https://doi.org/10.1080/01431161.2018.1480073,Multi-date imagery and deposit mapping,codex-primary,include,eligible,codex-hma-independent,include,eligible,include,eligible,event_candidate,no,Satellite bracket may contain 3 or 4 May but is not precise enough for trigger-time analysis
petra-sk03,petra-sk,Shuraki Kapali 2003 avalanche,2003-08-24,2003-09-25,satellite_interval,,,Shuraki Kapali Petra Pervogo Range,Tajikistan,high_mountain,rock_ice_avalanche,travel_distance,equal,7300,,,m,Zhong2024Data,HMA_ID_32_sk03,https://doi.org/10.5194/nhess-21-1409-2021,Tables 3-4 event sk-03,codex-primary,include,eligible,codex-hma-independent,include,eligible,include,eligible,event_candidate,no,Episode-specific primary travel supports inclusion
petra-sk04,petra-sk,Shuraki Kapali 2004 avalanche,2004-09-02,2004-09-18,satellite_interval,,,Shuraki Kapali Petra Pervogo Range,Tajikistan,high_mountain,rock_ice_avalanche,travel_distance,equal,2900,,,m,Zhong2024Data,HMA_ID_32_sk04,https://doi.org/10.5194/nhess-21-1409-2021,Tables 3-4 event sk-04,codex-primary,include,eligible,codex-hma-independent,include,eligible,include,eligible,event_candidate,no,Episode-specific primary travel supports inclusion
petra-sk06,petra-sk,Shuraki Kapali 2006 avalanche,2006-08-23,2006-09-01,satellite_interval,,,Shuraki Kapali Petra Pervogo Range,Tajikistan,high_mountain,rock_ice_avalanche,travel_distance,equal,3400,,,m,Zhong2024Data,HMA_ID_32_sk06,https://doi.org/10.5194/nhess-21-1409-2021,Tables 3-4 event sk-06,codex-primary,include,eligible,codex-hma-independent,include,eligible,include,eligible,event_candidate,no,Episode-specific primary travel supports inclusion
petra-sk10,petra-sk,Shuraki Kapali 2010 avalanche,2010-08-27,2010-09-04,satellite_interval,,,Shuraki Kapali Petra Pervogo Range,Tajikistan,high_mountain,rock_ice_avalanche,travel_distance,equal,3000,,,m,Zhong2024Data,HMA_ID_32_sk10,https://doi.org/10.5194/nhess-21-1409-2021,Tables 3-4 event sk-10,codex-primary,include,eligible,codex-hma-independent,include,eligible,include,eligible,event_candidate,no,Episode-specific primary travel supports inclusion
petra-sk16a,petra-sk,Shuraki Kapali July 2016 avalanche,2016-07-14,2016-07-25,satellite_interval,,,Shuraki Kapali Petra Pervogo Range,Tajikistan,high_mountain,rock_ice_avalanche,travel_distance,equal,5600,,,m,Zhong2024Data,HMA_ID_32_sk16a,https://doi.org/10.5194/nhess-21-1409-2021,Tables 3-4 event sk-16a,codex-primary,include,eligible,codex-hma-independent,include,eligible,include,eligible,event_candidate,no,Workbook central-catchment coordinate matches this event but its August date matches sk-16b; primary identity used
petra-sk19,petra-sk,Shuraki Kapali June 2019 avalanche,2019-06-21,2019-06-23,satellite_interval,,,Shuraki Kapali Petra Pervogo Range,Tajikistan,high_mountain,rock_ice_avalanche,travel_distance,equal,9000,,,m,Zhong2024Data,HMA_ID_32_sk19,https://doi.org/10.5194/nhess-21-1409-2021,Tables 3-4 event sk-19,codex-primary,include,eligible,codex-hma-independent,include,eligible,include,eligible,event_candidate,no,Episode-specific primary travel supports inclusion
petra-dp19,petra-dp,Degilmoni Poyon 2019 glacier detachment,2019-08-02,2019-08-03,satellite_interval,38.985107,70.688658,Degilmoni Poyon Petra Pervogo Range,Tajikistan,high_mountain,glacier_detachment,initial_volume,range,,7700000,9500000,m3,Zhong2024Data,HMA_ID_34_dp19,https://doi.org/10.5194/nhess-21-1409-2021,Tables 3-4 event dp-19,codex-primary,include,eligible,codex-hma-independent,include,eligible,include,eligible,event_candidate,no,Range represents 8.6 plus or minus 0.9 million m3
petra-shi01,petra-shi,Shikorchi 2001 avalanche,2001-03-11,2001-03-18,satellite_interval,,,Shikorchi Petra Pervogo Range,Tajikistan,high_mountain,rock_ice_avalanche,travel_distance,equal,5200,,,m,Zhong2024Data,HMA_ID_35_shi01,https://doi.org/10.5194/nhess-21-1409-2021,Tables 3-4 event shi-01,codex-primary,include,eligible,codex-hma-independent,include,eligible,include,eligible,event_candidate,no,Episode-specific primary travel supports inclusion
petra-shi09,petra-shi,Shikorchi 2009 avalanche,2009-04-09,2009-05-11,satellite_interval,,,Shikorchi Petra Pervogo Range,Tajikistan,high_mountain,rock_ice_avalanche,travel_distance,equal,5300,,,m,Zhong2024Data,HMA_ID_35_shi09,https://doi.org/10.5194/nhess-21-1409-2021,Tables 3-4 event shi-09,codex-primary,include,eligible,codex-hma-independent,include,eligible,include,eligible,event_candidate,no,Episode-specific primary travel supports inclusion
petra-shi17a,petra-shi,Shikorchi early June 2017 avalanche,2017-06-02,2017-06-03,satellite_interval,,,Shikorchi Petra Pervogo Range,Tajikistan,high_mountain,rock_ice_avalanche,travel_distance,equal,3900,,,m,Zhong2024Data,HMA_ID_35_shi17-1,https://doi.org/10.5194/nhess-21-1409-2021,Tables 3-4 event shi-17-1,codex-primary,include,eligible,codex-hma-independent,include,eligible,include,eligible,event_candidate,no,Episode-specific primary travel supports inclusion
petra-shi17b,petra-shi,Shikorchi late June 2017 avalanche,2017-06-18,2017-06-21,satellite_interval,,,Shikorchi Petra Pervogo Range,Tajikistan,high_mountain,rock_ice_avalanche,travel_distance,equal,4400,,,m,Zhong2024Data,HMA_ID_35_shi17-2,https://doi.org/10.5194/nhess-21-1409-2021,Tables 3-4 event shi-17-2,codex-primary,include,eligible,codex-hma-independent,include,eligible,include,eligible,event_candidate,no,Episode-specific primary travel supports inclusion
petra-sha19,petra-sha,Shaklysu 2019 avalanche,2019-07-06,2019-07-08,satellite_interval,,,Shaklysu Petra Pervogo Range,Tajikistan,high_mountain,rock_ice_avalanche,travel_distance,equal,4700,,,m,Zhong2024Data,HMA_ID_36_sha19,https://doi.org/10.5194/nhess-21-1409-2021,Tables 3-4 event sha-19,codex-primary,include,eligible,codex-hma-independent,include,eligible,include,eligible,event_candidate,no,Episode-specific primary travel supports inclusion
amney-machen-2004,amney-machen,Amney Machen 2004 glacier detachment,2004-01-26,2004-02-03,satellite_interval,34.823704,99.437168,Amney Machen Xiao Ma Valley,China,high_mountain,rock_ice_avalanche,initial_volume,range,,20000000,25000000,m3,Zhong2024Data,HMA_ID_42_2004,https://doi.org/10.5194/tc-15-1751-2021,Table 1 and Amney Machen event discussion,codex-primary,include,eligible,codex-hma-independent,include,eligible,include,eligible,event_candidate,no,Only the 2004 episode has separately supported qualifying size
sedongpu-2017-oct,sedongpu,Sedongpu October 2017 avalanche,2017-10-22,,day,29.818611,94.951749,Sedongpu Gyala Peri Tibet,China,high_mountain,rock_ice_avalanche,initial_volume,approximate,50000000,,,m3,Zhong2024Data,HMA_ID_43_2017_Oct,https://doi.org/10.5194/tc-15-1751-2021,Table 1 and section 3.6,codex-primary,include,eligible,codex-hma-independent,include,eligible,include,eligible,event_candidate,yes,Adjacent 17 and 33 million m3 source wedges are treated as one event
sedongpu-2021-mar,sedongpu,Sedongpu March 2021 rock-ice avalanche,2021-03-22,,day,29.819987,94.947812,Sedongpu Valley Tibet,China,high_mountain,rock_ice_avalanche,initial_volume,approximate,50000000,,,m3,Zhong2024Data,HMA_ID_43_2021_Mar,https://doi.org/10.5194/tc-16-1333-2022,Abstract and mapped reconstruction,codex-primary,include,eligible,codex-hma-independent,include,eligible,include,eligible,event_candidate,yes,Episode-specific primary reconstruction supports inclusion
sakkyong-2015,sakkyong-2015,Sakkyong 2015 rock-ice avalanche,2015-11-01,2015-11-30,month,27.640378,88.290547,Sakkyong Sikkim,India,high_mountain,rock_ice_avalanche,travel_distance,approximate,7833,,,m,Zhong2024Data,HMA_ID_4,https://doi.org/10.1016/j.geomorph.2023.109048,Inventory row 4,codex-primary,uncertain,source_inaccessible,codex-hma-independent,uncertain,source_inaccessible,uncertain,source_inaccessible,not_assigned,not_assigned,Frame value qualifies but the primary derivation was not accessible during screening
mo-chu-2015,mo-chu-2015,Mo Chu 2015 rock-ice avalanche,2015-11-01,2015-12-31,satellite_interval,28.123849,89.578027,Mo Chu Valley Gasa,Bhutan,high_mountain,rock_ice_avalanche,travel_distance,approximate,3544,,,m,Zhong2024Data,HMA_ID_5,https://doi.org/10.1016/j.geomorph.2023.109048,Inventory row 5,codex-primary,uncertain,source_inaccessible,codex-hma-independent,uncertain,source_inaccessible,uncertain,source_inaccessible,not_assigned,not_assigned,Discovery lead is an informal report; no primary event reconstruction was checked
yazong-2018,yazong-2018,Yazong 2018 rock avalanche,2018-07-01,2018-07-31,month,29.053125,96.994005,Yazong Village Chayu Tibet,China,high_mountain,rock_avalanche,travel_distance,approximate,56954,,,m,Zhong2024Data,HMA_ID_12,https://doi.org/10.1016/j.geomorph.2023.109048,Inventory row 12,codex-primary,uncertain,source_inaccessible,codex-hma-independent,uncertain,source_inaccessible,uncertain,source_inaccessible,not_assigned,not_assigned,Frame value includes a long cascade and its primary derivation was not accessible
azha-2014,azha-2014,Azha Glacier 2014 rock avalanche,2014-09-01,2014-09-30,month,29.167579,96.775744,Azha Glacier Chayu Tibet,China,high_mountain,rock_avalanche,travel_distance,approximate,3007,,,m,Zhong2024Data,HMA_ID_16,https://doi.org/10.1016/j.geomorph.2023.109048,Inventory row 16,codex-primary,uncertain,source_inaccessible,codex-hma-independent,uncertain,source_inaccessible,uncertain,source_inaccessible,not_assigned,not_assigned,No accessible primary event reconstruction was checked
dege-2016,dege-2016,Dege 2016 rock-ice avalanche,2016-11-01,2016-11-30,month,31.82763,99.038082,Dege County Sichuan,China,high_mountain,rock_ice_avalanche,travel_distance,approximate,3094,,,m,Zhong2024Data,HMA_ID_18,https://doi.org/10.1016/j.geomorph.2023.109048,Inventory row 18,codex-primary,uncertain,source_inaccessible,codex-hma-independent,uncertain,source_inaccessible,uncertain,source_inaccessible,not_assigned,not_assigned,No accessible primary event reconstruction was checked
bomi-2017,bomi-2017,Bomi 2017 rock avalanche,2017-05-01,2017-05-31,month,30.272549,94.086453,Bomi County Tibet,China,high_mountain,rock_avalanche,travel_distance,approximate,6037,,,m,Zhong2024Data,HMA_ID_46,https://doi.org/10.1016/j.geomorph.2023.109048,Inventory row 46,codex-primary,uncertain,source_inaccessible,codex-hma-independent,uncertain,source_inaccessible,uncertain,source_inaccessible,not_assigned,not_assigned,No accessible primary event reconstruction was checked
dzhuku-2022,dzhuku-2022,Dzhuku 2022 rock-ice avalanche,2022-07-01,2022-07-31,month,41.950232,77.858991,Pereval Dzhuku Issyk-Kul,Kyrgyzstan,high_mountain,rock_ice_avalanche,initial_volume,approximate,2000000,,,m3,Zhong2024Data,HMA_ID_49,https://doi.org/10.1016/j.geomorph.2023.109048,Inventory row 49,codex-primary,uncertain,source_inaccessible,codex-hma-independent,uncertain,source_inaccessible,uncertain,source_inaccessible,not_assigned,not_assigned,Discovery rests on a media report; a primary reconstruction was not accessible
kameng-2021,kameng,Upper Kameng 2021 rock-ice avalanche,2021-10-01,2021-10-31,month,27.925814,92.666814,Upper Kameng River,India-China border,high_mountain,rock_ice_avalanche,not_documented,not_documented,,,,not_applicable,Zhong2024Data,HMA_ID_6,https://doi.org/10.1016/j.geomorph.2023.109048,Inventory row 6,codex-primary,uncertain,threshold_not_documented,codex-hma-independent,uncertain,threshold_not_documented,uncertain,threshold_not_documented,not_assigned,not_assigned,Frame length includes the downstream cascade and is not a primary avalanche-stage measurement
kameng-2020,kameng,Upper Kameng 2020 rock avalanche,2020-08-01,2020-08-31,month,27.932072,92.67647,Upper Kameng River,India-China border,high_mountain,rock_avalanche,not_documented,not_documented,,,,not_applicable,Zhong2024Data,HMA_ID_7,https://doi.org/10.1016/j.geomorph.2023.109048,Inventory row 7,codex-primary,uncertain,threshold_not_documented,codex-hma-independent,uncertain,threshold_not_documented,uncertain,threshold_not_documented,not_assigned,not_assigned,Frame length is not supported as episode-specific avalanche travel in a primary source
kunlun-b3-2001,kunlun-b3-2001,Kunlun B3 ice avalanche,2001-10-01,2002-02-28,satellite_interval,35.668764,94.223439,Burhan Budai Shan Kunlun,China,high_mountain,glacier_collapse,initial_volume,range,,700000,1500000,m3,Zhong2024Data,HMA_ID_11_B3,https://doi.org/10.1130/B25317.1,Mapped post-earthquake glacier failures,codex-primary,uncertain,threshold_not_documented,codex-hma-independent,uncertain,threshold_not_documented,uncertain,threshold_not_documented,not_assigned,not_assigned,Primary range crosses the volume cutoff and travel is only 1.11 km
tianmo-2007,tianmo,Tianmo September 2007 slope failure,2007-09-01,2007-09-30,month,29.955521,95.290302,Tianmo Gully Bomi Tibet,China,high_mountain,moraine_slide,not_documented,not_documented,,,,not_applicable,Zhong2024Data,HMA_ID_13_2007,https://doi.org/10.1016/j.geomorph.2023.109048,Inventory row 13,codex-primary,uncertain,threshold_not_documented,codex-hma-independent,uncertain,threshold_not_documented,uncertain,threshold_not_documented,not_assigned,not_assigned,Primary documents a bare-rock or moraine collapse and transformed debris flow; frame travel is not episode-specific avalanche travel
hailuogou-2018,hailuogou,Hailuogou 2018 ice avalanche,2018-01-01,2018-12-31,year,29.571044,101.940987,Hailuogou Glacier Sichuan,China,high_mountain,glacier_collapse,not_documented,not_documented,,,,not_applicable,Zhong2024Data,HMA_ID_19_2018,https://doi.org/10.1016/j.geomorph.2023.109048,Inventory row 19 and cited source,codex-primary,uncertain,time_not_documented,codex-hma-independent,uncertain,time_not_documented,uncertain,time_not_documented,not_assigned,not_assigned,Workbook dates conflict with cited primary; frame distance cannot be assigned to this episode
hailuogou-2022,hailuogou,Hailuogou 2022 ice avalanche,2022-01-01,2022-12-31,year,29.571044,101.940987,Hailuogou Glacier Sichuan,China,high_mountain,glacier_collapse,travel_distance,upper_limit,,,700,m,Zhong2024Data,HMA_ID_19_2022,https://doi.org/10.1016/j.geomorph.2023.109048,Inventory row 19 and cited source,codex-primary,uncertain,threshold_not_documented,codex-hma-independent,uncertain,threshold_not_documented,uncertain,threshold_not_documented,not_assigned,not_assigned,Cited primary reports travel below 0.7 km; the workbook date and 2.283 km field cannot be reconciled to this episode and no source volume is documented
hailuogou-2021-frame,hailuogou,Hailuogou November 2021 frame assertion,2021-11-01,2021-11-30,month,29.571044,101.940987,Hailuogou Glacier Sichuan,China,high_mountain,glacier_collapse,not_documented,not_documented,,,,not_applicable,Zhong2024Data,HMA_ID_19_2021_assertion,https://doi.org/10.1016/j.geomorph.2023.109048,Inventory row 19 date field and cited source,codex-primary,uncertain,time_not_documented,codex-hma-independent,uncertain,time_not_documented,uncertain,time_not_documented,not_assigned,not_assigned,The workbook explicitly says November 2021 but the cited source instead documents 2018 and 2022 events; retained as an unresolved frame assertion
yulong-2005,yulong,Yulong reported 2005 event,2005-04-01,2005-04-30,month,27.090639,100.18447,Yulong Mountain Ganheba,China,high_mountain,rock_ice_avalanche,initial_volume,range,,2000000,4000000,m3,Zhong2024Data,HMA_ID_20_2005,https://doi.org/10.3389/feart.2023.1017207,Event chronology,codex-primary,uncertain,time_not_documented,codex-hma-independent,uncertain,time_not_documented,uncertain,time_not_documented,not_assigned,not_assigned,Checked primary sources document the March 2004 event but not a separate April 2005 failure
gayari-2012,gayari-2012,Gayari 2012 glacier avalanche,2012-04-01,2012-04-30,month,35.222935,76.812211,Gayari Siachen sector,Pakistan,high_mountain,glacier_collapse,not_documented,not_documented,,,,not_applicable,Zhong2024Data,HMA_ID_24,https://doi.org/10.1016/j.geomorph.2023.109048,Inventory row 24 and cited reconstruction,codex-primary,uncertain,threshold_not_documented,codex-hma-independent,uncertain,threshold_not_documented,uncertain,threshold_not_documented,not_assigned,not_assigned,Reported quantity is modeled deposit volume rather than initial failed volume; frame travel needs primary locator confirmation
hunza-nagar-2009,hunza-nagar-2009,Hunza Nagar 2009 rock avalanche,2009-04-01,2009-04-30,month,36.279374,74.794931,Hunza Nagar Valley,Pakistan,high_mountain,rock_avalanche,travel_distance,approximate,3552,,,m,Zhong2024Data,HMA_ID_27_2009,https://doi.org/10.1016/j.geomorph.2023.109048,Inventory row 27,codex-primary,uncertain,source_inaccessible,codex-hma-independent,uncertain,source_inaccessible,uncertain,source_inaccessible,not_assigned,not_assigned,Regional inventory reference does not provide an accessible event reconstruction
amney-machen-2007,amney-machen,Amney Machen September 2007 failure,2007-09-01,2007-09-30,month,34.823704,99.437168,Amney Machen Xiao Ma Valley,China,high_mountain,rock_ice_avalanche,not_documented,not_documented,,,,not_applicable,Zhong2024Data,HMA_ID_42_2007,https://doi.org/10.5194/tc-15-1751-2021,Table 1 and Amney Machen discussion,codex-primary,uncertain,threshold_not_documented,codex-hma-independent,uncertain,threshold_not_documented,uncertain,threshold_not_documented,not_assigned,not_assigned,The frame-row aggregate volume and travel cannot be assigned to this episode
amney-machen-2016,amney-machen,Amney Machen October 2016 failure,2016-10-01,2016-10-31,month,34.823704,99.437168,Amney Machen Xiao Ma Valley,China,high_mountain,rock_ice_avalanche,not_documented,not_documented,,,,not_applicable,Zhong2024Data,HMA_ID_42_2016,https://doi.org/10.5194/tc-15-1751-2021,Table 1 and Amney Machen discussion,codex-primary,uncertain,threshold_not_documented,codex-hma-independent,uncertain,threshold_not_documented,uncertain,threshold_not_documented,not_assigned,not_assigned,The frame-row aggregate volume and travel cannot be assigned to this episode
amney-machen-2019,amney-machen,Amney Machen July 2019 failure,2019-07-01,2019-07-31,month,34.823704,99.437168,Amney Machen Xiao Ma Valley,China,high_mountain,rock_ice_avalanche,not_documented,not_documented,,,,not_applicable,Zhong2024Data,HMA_ID_42_2019,https://doi.org/10.5194/tc-15-1751-2021,Table 1 and Amney Machen discussion,codex-primary,uncertain,threshold_not_documented,codex-hma-independent,uncertain,threshold_not_documented,uncertain,threshold_not_documented,not_assigned,not_assigned,The frame-row aggregate volume and travel cannot be assigned to this episode
sedongpu-2014,sedongpu,Sedongpu November 2014 reported avalanche,2014-11-01,2014-11-30,month,29.818611,94.951749,Sedongpu Gyala Peri Tibet,China,high_mountain,unresolved_rock_or_ice,not_documented,not_documented,,,,not_applicable,Zhong2024Data,HMA_ID_43_2014,https://doi.org/10.5194/tc-15-1751-2021,Sedongpu compilation,codex-primary,uncertain,taxonomy_pending,codex-hma-independent,uncertain,taxonomy_pending,uncertain,taxonomy_pending,not_assigned,not_assigned,Primary classification remains ice avalanche versus debris flow and the aggregate frame size is not episode-specific
sedongpu-2017-dec,sedongpu,Sedongpu December 2017 reported avalanche,2017-12-01,2017-12-31,month,29.818611,94.951749,Sedongpu Gyala Peri Tibet,China,high_mountain,unresolved_rock_or_ice,not_documented,not_documented,,,,not_applicable,Zhong2024Data,HMA_ID_43_2017_Dec,https://doi.org/10.5194/tc-15-1751-2021,Sedongpu compilation,codex-primary,uncertain,time_not_documented,codex-hma-independent,uncertain,time_not_documented,uncertain,time_not_documented,not_assigned,not_assigned,Time and episode-specific threshold cannot be reconciled from the aggregate frame row
sedongpu-2018-oct29,sedongpu,Sedongpu 29 October 2018 secondary flow,2018-10-29,,day,29.800175,94.955434,Sedongpu Valley Tibet,China,high_mountain,unresolved_rock_or_ice,not_documented,not_documented,,,,not_applicable,Zhong2024Data,HMA_ID_43_2018_secondary,https://doi.org/10.5194/tc-15-1751-2021,Section 3.6,codex-primary,uncertain,threshold_not_documented,codex-hma-independent,uncertain,threshold_not_documented,uncertain,threshold_not_documented,not_assigned,not_assigned,Combined ice loss cannot be partitioned between the main and 29 October episodes
sedongpu-2019,sedongpu,Sedongpu October 2019 reported avalanche,2019-10-01,2019-10-31,month,29.819987,94.947812,Sedongpu Valley Tibet,China,high_mountain,unresolved_rock_or_ice,not_documented,not_documented,,,,not_applicable,Zhong2024Data,HMA_ID_43_2019,https://doi.org/10.1016/j.geomorph.2023.109048,Inventory row 43,codex-primary,uncertain,time_not_documented,codex-hma-independent,uncertain,time_not_documented,uncertain,time_not_documented,not_assigned,not_assigned,Date and aggregate threshold cannot be reconciled to an episode-specific primary reconstruction
miyar-2009,miyar-2009,Miyar Glacier 2009 rock avalanche,2009-09-30,2009-10-07,satellite_interval,33.15545,76.754722,Miyar Glacier Himachal Pradesh,India,high_mountain,rock_avalanche,not_documented,not_documented,,,,not_applicable,Zhong2024Data,HMA_ID_48,https://doi.org/10.1016/j.geomorph.2023.109048,Inventory row 48 and cited source,codex-primary,uncertain,threshold_not_documented,codex-hma-independent,uncertain,threshold_not_documented,uncertain,threshold_not_documented,not_assigned,not_assigned,Quantity is an empirical deposit-volume estimate and primary debris travel is only about 1.2 km
petra-sk16b,petra-sk,Shuraki Kapali August 2016 avalanche,2016-08-27,2016-08-31,satellite_interval,,,Shuraki Kapali Petra Pervogo Range,Tajikistan,high_mountain,rock_ice_avalanche,travel_distance,equal,19100,,,m,Zhong2024Data,HMA_ID_32_sk16b_identity_conflict,https://doi.org/10.5194/nhess-21-1409-2021,Tables 3-4 event sk-16b,codex-primary,uncertain,primary_source_pending,codex-hma-independent,uncertain,primary_source_pending,uncertain,primary_source_pending,not_assigned,not_assigned,Primary event qualifies but workbook combines its August date with the central-catchment coordinate of sk-16a; retain uncertain until discovery identity is reconciled
tianmo-2010-jul,tianmo,Tianmo July 2010 channel-bank failure,2010-07-01,2010-07-31,month,29.955521,95.290302,Tianmo Gully Bomi Tibet,China,high_mountain,channel_bank_slide,travel_distance,approximate,7319,,,m,Zhong2024Data,HMA_ID_13_2010_Jul,https://doi.org/10.1016/j.geomorph.2023.109048,Inventory row 13 and cited process description,codex-primary,exclude,excluded_process,codex-hma-independent,exclude,excluded_process,exclude,excluded_process,not_applicable,not_applicable,Channel-bank slide and dam-breach debris flow lack a documented initiating rock or glacier failure
tianmo-2010-sep,tianmo,Tianmo September 2010 channel-bank failure,2010-09-01,2010-09-30,month,29.955521,95.290302,Tianmo Gully Bomi Tibet,China,high_mountain,channel_bank_slide,travel_distance,approximate,7319,,,m,Zhong2024Data,HMA_ID_13_2010_Sep,https://doi.org/10.1016/j.geomorph.2023.109048,Inventory row 13 and cited process description,codex-primary,exclude,excluded_process,codex-hma-independent,exclude,excluded_process,exclude,excluded_process,not_applicable,not_applicable,Channel-bank slide and dam-breach debris flow lack a documented initiating rock or glacier failure
xiachayu-2020,xiachayu-2020,XiaChayu 2020 rock avalanche,2020-08-01,2020-08-31,month,28.40625,97.494504,XiaChayu Chayu Tibet,China,high_mountain,rock_avalanche,travel_distance,equal,1175,,,m,Zhong2024Data,HMA_ID_17,https://doi.org/10.1016/j.geomorph.2023.109048,Inventory row 17,codex-primary,uncertain,primary_source_pending,codex-hma-independent,uncertain,primary_source_pending,uncertain,primary_source_pending,not_assigned,not_assigned,Inventory travel is below 2 km but no primary event reconstruction was checked and initial source volume is not documented
petra-sha06,petra-sha,Shaklysu 2006 avalanche,2006-08-16,2006-08-23,satellite_interval,,,Shaklysu Petra Pervogo Range,Tajikistan,high_mountain,rock_ice_avalanche,travel_distance,equal,1900,,,m,Zhong2024Data,HMA_ID_36_sha06,https://doi.org/10.5194/nhess-21-1409-2021,Tables 3-4 event sha-06,codex-primary,uncertain,threshold_not_documented,codex-hma-independent,uncertain,threshold_not_documented,uncertain,threshold_not_documented,not_assigned,not_assigned,Primary travel is 1.9 km and the workbook compound distance transfers sha-19 mobility; no source-volume bound establishes exclusion
peilong-2015,peilong-2015,Peilong 2015 debris flow,2015-08-17,,day,30.091611,94.933781,Peilong Gully Tibet,China,high_mountain,debris_flow,travel_distance,approximate,11791,,,m,Zhong2024Data,HMA_ID_45_2015,https://doi.org/10.1007/s11629-020-6172-6,Event process description,codex-primary,exclude,excluded_process,codex-hma-independent,exclude,excluded_process,exclude,excluded_process,not_applicable,not_applicable,Debris flow mobilized accumulated slope deposits without a documented initiating rock or glacier failure
stromboli-2002-2,stromboli-2002,Stromboli second flank failure,2002-12-30,,day,38.8,15.2,Stromboli island,Italy,volcanic_island,volcanic_flank_collapse,initial_volume,equal,8000000,,,m3,Dohmen2025Data,LTT_Stromboli_2002_2,https://doi.org/10.1007/s10346-009-0155-6,Primary process classification pending,codex-primary,uncertain,primary_source_pending,codex-adversarial-independent,uncertain,primary_source_pending,uncertain,primary_source_pending,not_assigned,not_assigned,Second landslide row associated with the same tsunami; likely excluded volcanic process after primary passage review
quinggan-2003,quinggan-2003,Quinggan reservoir landslide,2003-07-13,,day,30.97,110.6,Qinggan River reservoir area,China,reservoir,rockslide,initial_volume,equal,2400000,,,m3,Dohmen2025Data,LTT_Quinggan_2003,https://doi.org/10.1139/t04-049,Setting and initial-material review pending,codex-primary,uncertain,primary_source_pending,codex-adversarial-independent,uncertain,primary_source_pending,uncertain,primary_source_pending,not_assigned,not_assigned,Numeric qualifier retained pending alpine-setting and primary-material review
south-java-2006,south-java-2006,South Java submarine landslide tsunami,2006-07-17,,day,-7.69,108.59,Offshore south Java,Indonesia,ocean,soft_sediment_slide,tsunami_runup,equal,21,,,m,Dohmen2025Data,LTT_SouthJava_2006,https://doi.org/10.1029/2007GL029404,Submarine-source review pending,codex-primary,uncertain,primary_source_pending,codex-adversarial-independent,uncertain,primary_source_pending,uncertain,primary_source_pending,not_assigned,not_assigned,Likely outside the registered subaerial population; held uncertain until the primary passage is recorded
ritter-island-2007,ritter-island-2007,Ritter Island 2007 failure and wave,2007-05-19,,day,-5.52,148.121,Ritter Island,Papua New Guinea,volcanic_island,unresolved_rock_or_ice,tsunami_runup,equal,10,,,m,Dohmen2025Data,LTT_RitterIsland_2007,https://volcano.si.edu/showreport.cfm?wvar=GVP.WVAR20070523-251070,Initial failure classification pending,codex-primary,uncertain,primary_source_pending,codex-adversarial-independent,uncertain,primary_source_pending,uncertain,primary_source_pending,not_assigned,not_assigned,Volcanic-island setting may be excluded but initial process requires primary review
dayantang-2007,dayantang-2007,Dayantang reservoir landslide,2007-06-15,,day,30.39,110.16,Dayantang reservoir area,China,reservoir,rockslide,initial_volume,equal,3000000,,,m3,Dohmen2025Data,LTT_Dayantang_2007,https://doi.org/10.1016/j.enggeo.2021.106032,Setting and material review pending,codex-primary,uncertain,primary_source_pending,codex-adversarial-independent,uncertain,primary_source_pending,uncertain,primary_source_pending,not_assigned,not_assigned,Partially submerged hard-material slide; alpine-setting decision awaits primary review
aratosawa-2008,aratosawa-2008,Aratosawa Dam landslide,2008-06-14,,day,39.03,140.881,Aratosawa Dam,Japan,reservoir,debris_flow,initial_volume,equal,1550000,,,m3,Dohmen2025Data,LTT_AratosawaDam_2008,https://doi.org/10.1016/j.sandf.2012.01.003,Initial process and setting review pending,codex-primary,uncertain,primary_source_pending,codex-adversarial-independent,uncertain,primary_source_pending,uncertain,primary_source_pending,not_assigned,not_assigned,Frame labels process as flow; initiating rock or glacier failure is not yet established
gongjiafang-2008,gongjiafang-2008,Gongjiafang reservoir slide,2008-11-23,,day,31.07,109.92,Gongjiafang reservoir bank,China,reservoir,soft_sediment_slide,tsunami_runup,equal,13,,,m,Dohmen2025Data,LTT_Gongjiafang_2008,https://doi.org/10.1007/s10346-012-0331-y,Material and setting review pending,codex-primary,uncertain,primary_source_pending,codex-adversarial-independent,uncertain,primary_source_pending,uncertain,primary_source_pending,not_assigned,not_assigned,Soft partially submerged slide likely outside the registered population
roosevelt-lake-2009,roosevelt-lake-2009,Roosevelt Lake landslide wave,2009-01-16,,day,47.8,-118.04,Roosevelt Lake Washington,United States,reservoir,rockslide,tsunami_runup,equal,10,,,m,Dohmen2025Data,LTT_RooseveltLake_2009,https://doi.org/10.7289/V5PN93H7,Primary event reconstruction not located,codex-primary,uncertain,primary_source_pending,codex-adversarial-independent,uncertain,primary_source_pending,uncertain,primary_source_pending,not_assigned,not_assigned,Setting and source material are not sufficiently documented for a final decision
nachterstedt-2009,nachterstedt-2009,Nachterstedt mine-lake slide,2009-07-18,,day,51.81,11.34,Nachterstedt mine lake,Germany,mine_lake,soft_sediment_slide,initial_volume,equal,3000000,,,m3,Dohmen2025Data,LTT_Nachterstedt_2009,https://mwl.sachsen-anhalt.de/fileadmin/Bibliothek/Politik_und_Verwaltung/MW/Bergbau/Clostermann-Zusammenfassung.pdf,Mine-setting review pending,codex-primary,uncertain,primary_source_pending,codex-adversarial-independent,uncertain,primary_source_pending,uncertain,primary_source_pending,not_assigned,not_assigned,Likely excluded mine failure after authoritative report passage review
xiaowan-2009,xiaowan-2009,Xiaowan Reservoir landslide,2009-07-20,,day,24.75,100,Xiaowan Reservoir,China,reservoir,rockslide,initial_volume,equal,1000000,,,m3,Dohmen2025Data,LTT_XiaowanReservoir_2009,https://doi.org/10.1088/1742-6596/822/1/012048,Setting and initial-material review pending,codex-primary,uncertain,primary_source_pending,codex-adversarial-independent,uncertain,primary_source_pending,uncertain,primary_source_pending,not_assigned,not_assigned,Equality passes the numeric prefilter; alpine-setting status remains unresolved
suruga-bay-2009,suruga-bay-2009,Suruga Bay submarine slide,2009-08-11,,day,34.84,138.38,Suruga Bay,Japan,ocean,soft_sediment_slide,travel_distance,equal,4000,,,m,Dohmen2025Data,LTT_SurugaBay_2009,https://doi.org/10.1007/s10346-012-0356-2,Submarine-source review pending,codex-primary,uncertain,primary_source_pending,codex-adversarial-independent,uncertain,primary_source_pending,uncertain,primary_source_pending,not_assigned,not_assigned,Likely outside the registered population; retained until the primary passage is recorded
tangjaxi-2014,tangjaxi-2014,Tangjaxi reservoir flow and wave,2014-07-16,,day,28.33,111.07,Tangjaxi Zhexi Reservoir,China,reservoir,debris_flow,tsunami_runup,equal,22.7,,,m,Dohmen2025Data,LTT_Tangjaxi_2014,https://doi.org/10.5194/nhess-17-657-2017,Initial process and setting review pending,codex-primary,uncertain,primary_source_pending,codex-adversarial-independent,uncertain,primary_source_pending,uncertain,primary_source_pending,not_assigned,not_assigned,Frame labels the initial process as hard-material flow; registered source process is unresolved
reisafjorden-2015,reisafjorden-2015,Reisafjorden soft-sediment slide,2015-05-10,,day,69.8,20.92,Reisafjorden,Norway,fjord,soft_sediment_slide,initial_volume,equal,1400000,,,m3,Dohmen2025Data,LTT_Reisafjorden_2015,https://doi.org/10.1594/PANGAEA.979839,Primary event reconstruction not yet located,codex-primary,uncertain,primary_source_pending,codex-adversarial-independent,uncertain,primary_source_pending,uncertain,primary_source_pending,not_assigned,not_assigned,Partially submerged soft-material failure likely excluded after primary review
palu-2018-b,palu-2018,Palu Bay coastal slide B,2018-09-28,,day,-0.89,119.86,Palu Bay Sulawesi,Indonesia,coastal_bay,soft_sediment_slide,initial_volume,equal,1440000,,,m3,Dohmen2025Data,LTT_Palu_2018_B,https://doi.org/10.1007/s10346-018-1114-x,Source-by-source material review pending,codex-primary,uncertain,primary_source_pending,codex-adversarial-independent,uncertain,primary_source_pending,uncertain,primary_source_pending,not_assigned,not_assigned,One of multiple partially submerged coastal source failures; likely outside setting and material rules after primary review
palu-2018-c,palu-2018,Palu Bay coastal slide C,2018-09-28,,day,-0.89,119.86,Palu Bay Sulawesi,Indonesia,coastal_bay,soft_sediment_slide,initial_volume,equal,2260000,,,m3,Dohmen2025Data,LTT_Palu_2018_C,https://doi.org/10.1007/s10346-018-1114-x,Source-by-source material review pending,codex-primary,uncertain,primary_source_pending,codex-adversarial-independent,uncertain,primary_source_pending,uncertain,primary_source_pending,not_assigned,not_assigned,One of multiple partially submerged coastal source failures; likely outside setting and material rules after primary review
palu-2018-d,palu-2018,Palu Bay coastal slide D,2018-09-28,,day,-0.89,119.86,Palu Bay Sulawesi,Indonesia,coastal_bay,soft_sediment_slide,initial_volume,equal,3070000,,,m3,Dohmen2025Data,LTT_Palu_2018_D,https://doi.org/10.1007/s10346-018-1114-x,Source-by-source material review pending,codex-primary,uncertain,primary_source_pending,codex-adversarial-independent,uncertain,primary_source_pending,uncertain,primary_source_pending,not_assigned,not_assigned,One of multiple partially submerged coastal source failures; likely outside setting and material rules after primary review
palu-2018-f,palu-2018,Palu Bay coastal slide F,2018-09-28,,day,-0.89,119.86,Palu Bay Sulawesi,Indonesia,coastal_bay,soft_sediment_slide,initial_volume,equal,2220000,,,m3,Dohmen2025Data,LTT_Palu_2018_F,https://doi.org/10.1007/s10346-018-1114-x,Source-by-source material review pending,codex-primary,uncertain,primary_source_pending,codex-adversarial-independent,uncertain,primary_source_pending,uncertain,primary_source_pending,not_assigned,not_assigned,One of multiple partially submerged coastal source failures; likely outside setting and material rules after primary review
palu-2018-i,palu-2018,Palu Bay coastal slide I,2018-09-28,,day,-0.89,119.86,Palu Bay Sulawesi,Indonesia,coastal_bay,soft_sediment_slide,initial_volume,equal,2540000,,,m3,Dohmen2025Data,LTT_Palu_2018_I,https://doi.org/10.1007/s10346-018-1114-x,Source-by-source material review pending,codex-primary,uncertain,primary_source_pending,codex-adversarial-independent,uncertain,primary_source_pending,uncertain,primary_source_pending,not_assigned,not_assigned,One of multiple partially submerged coastal source failures; likely outside setting and material rules after primary review
palu-2018-k,palu-2018,Palu Bay coastal slide K,2018-09-28,,day,-0.89,119.86,Palu Bay Sulawesi,Indonesia,coastal_bay,soft_sediment_slide,initial_volume,equal,1110000,,,m3,Dohmen2025Data,LTT_Palu_2018_K,https://doi.org/10.1007/s10346-018-1114-x,Source-by-source material review pending,codex-primary,uncertain,primary_source_pending,codex-adversarial-independent,uncertain,primary_source_pending,uncertain,primary_source_pending,not_assigned,not_assigned,One of multiple partially submerged coastal source failures; likely outside setting and material rules after primary review
palu-2018-m,palu-2018,Palu Bay coastal slide M,2018-09-28,,day,-0.89,119.86,Palu Bay Sulawesi,Indonesia,coastal_bay,soft_sediment_slide,initial_volume,equal,3440000,,,m3,Dohmen2025Data,LTT_Palu_2018_M,https://doi.org/10.1007/s10346-018-1114-x,Source-by-source material review pending,codex-primary,uncertain,primary_source_pending,codex-adversarial-independent,uncertain,primary_source_pending,uncertain,primary_source_pending,not_assigned,not_assigned,One of multiple partially submerged coastal source failures; likely outside setting and material rules after primary review
krakatau-2018,krakatau-2018,Anak Krakatau flank collapse,2018-12-22,,day,-6.1,105.42,Anak Krakatau,Indonesia,volcanic_island,volcanic_flank_collapse,initial_volume,equal,220000000,,,m3,Dohmen2025Data,LTT_Krakatau_2018,https://doi.org/10.1038/s41598-019-48327-6,Volcanic process review pending,codex-primary,uncertain,primary_source_pending,codex-adversarial-independent,uncertain,primary_source_pending,uncertain,primary_source_pending,not_assigned,not_assigned,Likely excluded volcanic flank collapse after primary passage review
knappensee-2021,knappensee-2021,Knappensee mine-lake slide,2021-03-11,,day,51.38,14.32,Knappensee mine lake,Germany,mine_lake,soft_sediment_slide,initial_volume,equal,1000000,,,m3,Dohmen2025Data,LTT_Knappensee_2021,https://www.medienservice.sachsen.de/medien/news/248559,Agency process description pending,codex-primary,uncertain,primary_source_pending,codex-adversarial-independent,uncertain,primary_source_pending,uncertain,primary_source_pending,not_assigned,not_assigned,Likely outside the registered mine and construction rule after agency passage review
bartuytsete-2025,bartuytsete-2025,Bartuytsete ice-rock avalanche,2025-11-01,2025-11-30,month,,,Bartuytsete Glacier Urukh River basin Central Caucasus,Russia,high_mountain,ice_rock_avalanche,travel_distance,equal,3500,,,m,glacier_search,bartuytsete-2025,https://doi.org/10.7868/S2412376526030053,Official abstract and Sentinel-2 comparison,codex-primary,include,eligible,codex-glacier-independent,include,eligible,include,eligible,event_candidate,no,"Official abstract reports a 3.5 km runout and involvement of about 43000 m2 of glacier; exact November day is not public"
dykhtau-2025,dykhtau-2025,Dykhtau November ice-rock avalanche,2025-11-01,2025-11-30,month,,,Northeast slope of Mount Dykhtau Central Caucasus,Russia,high_mountain,ice_rock_avalanche,travel_distance,equal,1800,,,m,glacier_search,dykhtau-2025,https://doi.org/10.7868/S2412376526030053,Official abstract and Sentinel-2 comparison,codex-primary,uncertain,threshold_not_documented,codex-glacier-independent,exclude,below_threshold,uncertain,threshold_not_documented,not_assigned,not_assigned,"Consensus follows the rule that 1.8 km is below the travel cutoff but absent volume evidence cannot establish a below-threshold exclusion; reconsider if initial volume is published"
