candidate_id,window,lapse_rate_k_per_km,site_minus_model_height_km,hours_above_273_15_k
dickson-2023,7d,4,-1,0
dickson-2023,7d,4,0,0
dickson-2023,7d,4,1,0
dickson-2023,7d,4,2,0
dickson-2023,7d,6.5,-1,0
dickson-2023,7d,6.5,0,0
dickson-2023,7d,6.5,1,0
dickson-2023,7d,6.5,2,0
dickson-2023,7d,9,-1,13
dickson-2023,7d,9,0,0
dickson-2023,7d,9,1,0
dickson-2023,7d,9,2,0
dickson-2023,7d_buffered,4,-1,0
dickson-2023,7d_buffered,4,0,0
dickson-2023,7d_buffered,4,1,0
dickson-2023,7d_buffered,4,2,0
dickson-2023,7d_buffered,6.5,-1,0
dickson-2023,7d_buffered,6.5,0,0
dickson-2023,7d_buffered,6.5,1,0
dickson-2023,7d_buffered,6.5,2,0
dickson-2023,7d_buffered,9,-1,18
dickson-2023,7d_buffered,9,0,0
dickson-2023,7d_buffered,9,1,0
dickson-2023,7d_buffered,9,2,0
paat-2000,7d,4,-1,40
paat-2000,7d,4,0,10
paat-2000,7d,4,1,0
paat-2000,7d,4,2,0
paat-2000,7d,6.5,-1,61
paat-2000,7d,6.5,0,10
paat-2000,7d,6.5,1,0
paat-2000,7d,6.5,2,0
paat-2000,7d,9,-1,62
paat-2000,7d,9,0,10
paat-2000,7d,9,1,0
paat-2000,7d,9,2,0
paat-2000,7d_buffered,4,-1,19
paat-2000,7d_buffered,4,0,4
paat-2000,7d_buffered,4,1,0
paat-2000,7d_buffered,4,2,0
paat-2000,7d_buffered,6.5,-1,37
paat-2000,7d_buffered,6.5,0,4
paat-2000,7d_buffered,6.5,1,0
paat-2000,7d_buffered,6.5,2,0
paat-2000,7d_buffered,9,-1,49
paat-2000,7d_buffered,9,0,4
paat-2000,7d_buffered,9,1,0
paat-2000,7d_buffered,9,2,0
karrat-2017,7d,4,-1,161
karrat-2017,7d,4,0,95
karrat-2017,7d,4,1,0
karrat-2017,7d,4,2,0
karrat-2017,7d,6.5,-1,168
karrat-2017,7d,6.5,0,95
karrat-2017,7d,6.5,1,0
karrat-2017,7d,6.5,2,0
karrat-2017,7d,9,-1,168
karrat-2017,7d,9,0,95
karrat-2017,7d,9,1,0
karrat-2017,7d,9,2,0
karrat-2017,7d_buffered,4,-1,148
karrat-2017,7d_buffered,4,0,92
karrat-2017,7d_buffered,4,1,0
karrat-2017,7d_buffered,4,2,0
karrat-2017,7d_buffered,6.5,-1,168
karrat-2017,7d_buffered,6.5,0,92
karrat-2017,7d_buffered,6.5,1,0
karrat-2017,7d_buffered,6.5,2,0
karrat-2017,7d_buffered,9,-1,168
karrat-2017,7d_buffered,9,0,92
karrat-2017,7d_buffered,9,1,0
karrat-2017,7d_buffered,9,2,0
eqip-sermia-2014,7d,4,-1,168
eqip-sermia-2014,7d,4,0,163
eqip-sermia-2014,7d,4,1,141
eqip-sermia-2014,7d,4,2,26
eqip-sermia-2014,7d,6.5,-1,168
eqip-sermia-2014,7d,6.5,0,163
eqip-sermia-2014,7d,6.5,1,56
eqip-sermia-2014,7d,6.5,2,0
eqip-sermia-2014,7d,9,-1,168
eqip-sermia-2014,7d,9,0,163
eqip-sermia-2014,7d,9,1,12
eqip-sermia-2014,7d,9,2,0
eqip-sermia-2014,7d_buffered,4,-1,168
eqip-sermia-2014,7d_buffered,4,0,168
eqip-sermia-2014,7d_buffered,4,1,153
eqip-sermia-2014,7d_buffered,4,2,41
eqip-sermia-2014,7d_buffered,6.5,-1,168
eqip-sermia-2014,7d_buffered,6.5,0,168
eqip-sermia-2014,7d_buffered,6.5,1,74
eqip-sermia-2014,7d_buffered,6.5,2,0
eqip-sermia-2014,7d_buffered,9,-1,168
eqip-sermia-2014,7d_buffered,9,0,168
eqip-sermia-2014,7d_buffered,9,1,25
eqip-sermia-2014,7d_buffered,9,2,0
askja-2014,7d,4,-1,168
askja-2014,7d,4,0,168
askja-2014,7d,4,1,168
askja-2014,7d,4,2,127
askja-2014,7d,6.5,-1,168
askja-2014,7d,6.5,0,168
askja-2014,7d,6.5,1,156
askja-2014,7d,6.5,2,0
askja-2014,7d,9,-1,168
askja-2014,7d,9,0,168
askja-2014,7d,9,1,105
askja-2014,7d,9,2,0
askja-2014,7d_buffered,4,-1,168
askja-2014,7d_buffered,4,0,168
askja-2014,7d_buffered,4,1,168
askja-2014,7d_buffered,4,2,124
askja-2014,7d_buffered,6.5,-1,168
askja-2014,7d_buffered,6.5,0,168
askja-2014,7d_buffered,6.5,1,156
askja-2014,7d_buffered,6.5,2,0
askja-2014,7d_buffered,9,-1,168
askja-2014,7d_buffered,9,0,168
askja-2014,7d_buffered,9,1,99
askja-2014,7d_buffered,9,2,0
steller-2005,7d,4,-1,168
steller-2005,7d,4,0,155
steller-2005,7d,4,1,84
steller-2005,7d,4,2,0
steller-2005,7d,6.5,-1,168
steller-2005,7d,6.5,0,155
steller-2005,7d,6.5,1,11
steller-2005,7d,6.5,2,0
steller-2005,7d,9,-1,168
steller-2005,7d,9,0,155
steller-2005,7d,9,1,0
steller-2005,7d,9,2,0
steller-2005,7d_buffered,4,-1,168
steller-2005,7d_buffered,4,0,157
steller-2005,7d_buffered,4,1,88
steller-2005,7d_buffered,4,2,0
steller-2005,7d_buffered,6.5,-1,168
steller-2005,7d_buffered,6.5,0,157
steller-2005,7d_buffered,6.5,1,11
steller-2005,7d_buffered,6.5,2,0
steller-2005,7d_buffered,9,-1,168
steller-2005,7d_buffered,9,0,157
steller-2005,7d_buffered,9,1,0
steller-2005,7d_buffered,9,2,0
flat-creek-2013,7d,4,-1,168
flat-creek-2013,7d,4,0,167
flat-creek-2013,7d,4,1,97
flat-creek-2013,7d,4,2,15
flat-creek-2013,7d,6.5,-1,168
flat-creek-2013,7d,6.5,0,167
flat-creek-2013,7d,6.5,1,45
flat-creek-2013,7d,6.5,2,0
flat-creek-2013,7d,9,-1,168
flat-creek-2013,7d,9,0,167
flat-creek-2013,7d,9,1,4
flat-creek-2013,7d,9,2,0
flat-creek-2013,7d_buffered,4,-1,168
flat-creek-2013,7d_buffered,4,0,167
flat-creek-2013,7d_buffered,4,1,112
flat-creek-2013,7d_buffered,4,2,15
flat-creek-2013,7d_buffered,6.5,-1,168
flat-creek-2013,7d_buffered,6.5,0,167
flat-creek-2013,7d_buffered,6.5,1,48
flat-creek-2013,7d_buffered,6.5,2,0
flat-creek-2013,7d_buffered,9,-1,168
flat-creek-2013,7d_buffered,9,0,167
flat-creek-2013,7d_buffered,9,1,4
flat-creek-2013,7d_buffered,9,2,0
taan-2015,7d,4,-1,130
taan-2015,7d,4,0,36
taan-2015,7d,4,1,0
taan-2015,7d,4,2,0
taan-2015,7d,6.5,-1,166
taan-2015,7d,6.5,0,36
taan-2015,7d,6.5,1,0
taan-2015,7d,6.5,2,0
taan-2015,7d,9,-1,168
taan-2015,7d,9,0,36
taan-2015,7d,9,1,0
taan-2015,7d,9,2,0
taan-2015,7d_buffered,4,-1,130
taan-2015,7d_buffered,4,0,32
taan-2015,7d_buffered,4,1,0
taan-2015,7d_buffered,4,2,0
taan-2015,7d_buffered,6.5,-1,166
taan-2015,7d_buffered,6.5,0,32
taan-2015,7d_buffered,6.5,1,0
taan-2015,7d_buffered,6.5,2,0
taan-2015,7d_buffered,9,-1,168
taan-2015,7d_buffered,9,0,32
taan-2015,7d_buffered,9,1,0
taan-2015,7d_buffered,9,2,0
pedersen-2024,7d,4,-1,168
pedersen-2024,7d,4,0,168
pedersen-2024,7d,4,1,163
pedersen-2024,7d,4,2,70
pedersen-2024,7d,6.5,-1,168
pedersen-2024,7d,6.5,0,168
pedersen-2024,7d,6.5,1,131
pedersen-2024,7d,6.5,2,4
pedersen-2024,7d,9,-1,168
pedersen-2024,7d,9,0,168
pedersen-2024,7d,9,1,37
pedersen-2024,7d,9,2,0
pedersen-2024,7d_buffered,4,-1,168
pedersen-2024,7d_buffered,4,0,168
pedersen-2024,7d_buffered,4,1,158
pedersen-2024,7d_buffered,4,2,72
pedersen-2024,7d_buffered,6.5,-1,168
pedersen-2024,7d_buffered,6.5,0,168
pedersen-2024,7d_buffered,6.5,1,121
pedersen-2024,7d_buffered,6.5,2,4
pedersen-2024,7d_buffered,9,-1,168
pedersen-2024,7d_buffered,9,0,168
pedersen-2024,7d_buffered,9,1,37
pedersen-2024,7d_buffered,9,2,0
tracy-arm-2025,7d,4,-1,168
tracy-arm-2025,7d,4,0,168
tracy-arm-2025,7d,4,1,138
tracy-arm-2025,7d,4,2,43
tracy-arm-2025,7d,6.5,-1,168
tracy-arm-2025,7d,6.5,0,168
tracy-arm-2025,7d,6.5,1,93
tracy-arm-2025,7d,6.5,2,0
tracy-arm-2025,7d,9,-1,168
tracy-arm-2025,7d,9,0,168
tracy-arm-2025,7d,9,1,12
tracy-arm-2025,7d,9,2,0
tracy-arm-2025,7d_buffered,4,-1,168
tracy-arm-2025,7d_buffered,4,0,168
tracy-arm-2025,7d_buffered,4,1,138
tracy-arm-2025,7d_buffered,4,2,40
tracy-arm-2025,7d_buffered,6.5,-1,168
tracy-arm-2025,7d_buffered,6.5,0,168
tracy-arm-2025,7d_buffered,6.5,1,83
tracy-arm-2025,7d_buffered,6.5,2,0
tracy-arm-2025,7d_buffered,9,-1,168
tracy-arm-2025,7d_buffered,9,0,168
tracy-arm-2025,7d_buffered,9,1,16
tracy-arm-2025,7d_buffered,9,2,0
elliot-creek-2020,7d,4,-1,120
elliot-creek-2020,7d,4,0,4
elliot-creek-2020,7d,4,1,0
elliot-creek-2020,7d,4,2,0
elliot-creek-2020,7d,6.5,-1,168
elliot-creek-2020,7d,6.5,0,4
elliot-creek-2020,7d,6.5,1,0
elliot-creek-2020,7d,6.5,2,0
elliot-creek-2020,7d,9,-1,168
elliot-creek-2020,7d,9,0,4
elliot-creek-2020,7d,9,1,0
elliot-creek-2020,7d,9,2,0
elliot-creek-2020,7d_buffered,4,-1,108
elliot-creek-2020,7d_buffered,4,0,0
elliot-creek-2020,7d_buffered,4,1,0
elliot-creek-2020,7d_buffered,4,2,0
elliot-creek-2020,7d_buffered,6.5,-1,168
elliot-creek-2020,7d_buffered,6.5,0,0
elliot-creek-2020,7d_buffered,6.5,1,0
elliot-creek-2020,7d_buffered,6.5,2,0
elliot-creek-2020,7d_buffered,9,-1,168
elliot-creek-2020,7d_buffered,9,0,0
elliot-creek-2020,7d_buffered,9,1,0
elliot-creek-2020,7d_buffered,9,2,0
chehalis-2007,7d,4,-1,138
chehalis-2007,7d,4,0,59
chehalis-2007,7d,4,1,4
chehalis-2007,7d,4,2,0
chehalis-2007,7d,6.5,-1,161
chehalis-2007,7d,6.5,0,59
chehalis-2007,7d,6.5,1,3
chehalis-2007,7d,6.5,2,0
chehalis-2007,7d,9,-1,168
chehalis-2007,7d,9,0,59
chehalis-2007,7d,9,1,0
chehalis-2007,7d,9,2,0
chehalis-2007,7d_buffered,4,-1,138
chehalis-2007,7d_buffered,4,0,53
chehalis-2007,7d_buffered,4,1,0
chehalis-2007,7d_buffered,4,2,0
chehalis-2007,7d_buffered,6.5,-1,161
chehalis-2007,7d_buffered,6.5,0,53
chehalis-2007,7d_buffered,6.5,1,0
chehalis-2007,7d_buffered,6.5,2,0
chehalis-2007,7d_buffered,9,-1,168
chehalis-2007,7d_buffered,9,0,53
chehalis-2007,7d_buffered,9,1,0
chehalis-2007,7d_buffered,9,2,0
kolka-2002,7d,4,-1,168
kolka-2002,7d,4,0,167
kolka-2002,7d,4,1,147
kolka-2002,7d,4,2,86
kolka-2002,7d,6.5,-1,168
kolka-2002,7d,6.5,0,167
kolka-2002,7d,6.5,1,114
kolka-2002,7d,6.5,2,21
kolka-2002,7d,9,-1,168
kolka-2002,7d,9,0,167
kolka-2002,7d,9,1,64
kolka-2002,7d,9,2,0
kolka-2002,7d_buffered,4,-1,168
kolka-2002,7d_buffered,4,0,168
kolka-2002,7d_buffered,4,1,161
kolka-2002,7d_buffered,4,2,98
kolka-2002,7d_buffered,6.5,-1,168
kolka-2002,7d_buffered,6.5,0,168
kolka-2002,7d_buffered,6.5,1,127
kolka-2002,7d_buffered,6.5,2,21
kolka-2002,7d_buffered,9,-1,168
kolka-2002,7d_buffered,9,0,168
kolka-2002,7d_buffered,9,1,75
kolka-2002,7d_buffered,9,2,0
naltar-2021,7d,4,-1,168
naltar-2021,7d,4,0,168
naltar-2021,7d,4,1,147
naltar-2021,7d,4,2,81
naltar-2021,7d,6.5,-1,168
naltar-2021,7d,6.5,0,168
naltar-2021,7d,6.5,1,105
naltar-2021,7d,6.5,2,15
naltar-2021,7d,9,-1,168
naltar-2021,7d,9,0,168
naltar-2021,7d,9,1,65
naltar-2021,7d,9,2,0
naltar-2021,7d_buffered,4,-1,168
naltar-2021,7d_buffered,4,0,168
naltar-2021,7d_buffered,4,1,147
naltar-2021,7d_buffered,4,2,80
naltar-2021,7d_buffered,6.5,-1,168
naltar-2021,7d_buffered,6.5,0,168
naltar-2021,7d_buffered,6.5,1,105
naltar-2021,7d_buffered,6.5,2,14
naltar-2021,7d_buffered,9,-1,168
naltar-2021,7d_buffered,9,0,168
naltar-2021,7d_buffered,9,1,63
naltar-2021,7d_buffered,9,2,0
aru-1-2016,7d,4,-1,168
aru-1-2016,7d,4,0,163
aru-1-2016,7d,4,1,120
aru-1-2016,7d,4,2,66
aru-1-2016,7d,6.5,-1,168
aru-1-2016,7d,6.5,0,163
aru-1-2016,7d,6.5,1,81
aru-1-2016,7d,6.5,2,17
aru-1-2016,7d,9,-1,168
aru-1-2016,7d,9,0,163
aru-1-2016,7d,9,1,52
aru-1-2016,7d,9,2,0
aru-1-2016,7d_buffered,4,-1,168
aru-1-2016,7d_buffered,4,0,162
aru-1-2016,7d_buffered,4,1,123
aru-1-2016,7d_buffered,4,2,70
aru-1-2016,7d_buffered,6.5,-1,168
aru-1-2016,7d_buffered,6.5,0,162
aru-1-2016,7d_buffered,6.5,1,84
aru-1-2016,7d_buffered,6.5,2,23
aru-1-2016,7d_buffered,9,-1,168
aru-1-2016,7d_buffered,9,0,162
aru-1-2016,7d_buffered,9,1,59
aru-1-2016,7d_buffered,9,2,0
aru-2-2016,7d,4,-1,148
aru-2-2016,7d,4,0,80
aru-2-2016,7d,4,1,49
aru-2-2016,7d,4,2,13
aru-2-2016,7d,6.5,-1,168
aru-2-2016,7d,6.5,0,80
aru-2-2016,7d,6.5,1,25
aru-2-2016,7d,6.5,2,0
aru-2-2016,7d,9,-1,168
aru-2-2016,7d,9,0,80
aru-2-2016,7d,9,1,4
aru-2-2016,7d,9,2,0
aru-2-2016,7d_buffered,4,-1,149
aru-2-2016,7d_buffered,4,0,80
aru-2-2016,7d_buffered,4,1,50
aru-2-2016,7d_buffered,4,2,15
aru-2-2016,7d_buffered,6.5,-1,168
aru-2-2016,7d_buffered,6.5,0,80
aru-2-2016,7d_buffered,6.5,1,27
aru-2-2016,7d_buffered,6.5,2,0
aru-2-2016,7d_buffered,9,-1,168
aru-2-2016,7d_buffered,9,0,80
aru-2-2016,7d_buffered,9,1,4
aru-2-2016,7d_buffered,9,2,0
bukadaban-2022,7d,4,-1,0
bukadaban-2022,7d,4,0,0
bukadaban-2022,7d,4,1,0
bukadaban-2022,7d,4,2,0
bukadaban-2022,7d,6.5,-1,0
bukadaban-2022,7d,6.5,0,0
bukadaban-2022,7d,6.5,1,0
bukadaban-2022,7d,6.5,2,0
bukadaban-2022,7d,9,-1,7
bukadaban-2022,7d,9,0,0
bukadaban-2022,7d,9,1,0
bukadaban-2022,7d,9,2,0
bukadaban-2022,7d_buffered,4,-1,0
bukadaban-2022,7d_buffered,4,0,0
bukadaban-2022,7d_buffered,4,1,0
bukadaban-2022,7d_buffered,4,2,0
bukadaban-2022,7d_buffered,6.5,-1,0
bukadaban-2022,7d_buffered,6.5,0,0
bukadaban-2022,7d_buffered,6.5,1,0
bukadaban-2022,7d_buffered,6.5,2,0
bukadaban-2022,7d_buffered,9,-1,5
bukadaban-2022,7d_buffered,9,0,0
bukadaban-2022,7d_buffered,9,1,0
bukadaban-2022,7d_buffered,9,2,0
chamoli-2021,7d,4,-1,6
chamoli-2021,7d,4,0,0
chamoli-2021,7d,4,1,0
chamoli-2021,7d,4,2,0
chamoli-2021,7d,6.5,-1,32
chamoli-2021,7d,6.5,0,0
chamoli-2021,7d,6.5,1,0
chamoli-2021,7d,6.5,2,0
chamoli-2021,7d,9,-1,65
chamoli-2021,7d,9,0,0
chamoli-2021,7d,9,1,0
chamoli-2021,7d,9,2,0
chamoli-2021,7d_buffered,4,-1,6
chamoli-2021,7d_buffered,4,0,0
chamoli-2021,7d_buffered,4,1,0
chamoli-2021,7d_buffered,4,2,0
chamoli-2021,7d_buffered,6.5,-1,34
chamoli-2021,7d_buffered,6.5,0,0
chamoli-2021,7d_buffered,6.5,1,0
chamoli-2021,7d_buffered,6.5,2,0
chamoli-2021,7d_buffered,9,-1,65
chamoli-2021,7d_buffered,9,0,0
chamoli-2021,7d_buffered,9,1,0
chamoli-2021,7d_buffered,9,2,0
baige-2018-oct,7d,4,-1,160
baige-2018-oct,7d,4,0,113
baige-2018-oct,7d,4,1,42
baige-2018-oct,7d,4,2,9
baige-2018-oct,7d,6.5,-1,162
baige-2018-oct,7d,6.5,0,113
baige-2018-oct,7d,6.5,1,18
baige-2018-oct,7d,6.5,2,0
baige-2018-oct,7d,9,-1,163
baige-2018-oct,7d,9,0,113
baige-2018-oct,7d,9,1,3
baige-2018-oct,7d,9,2,0
baige-2018-oct,7d_buffered,4,-1,168
baige-2018-oct,7d_buffered,4,0,127
baige-2018-oct,7d_buffered,4,1,56
baige-2018-oct,7d_buffered,4,2,9
baige-2018-oct,7d_buffered,6.5,-1,168
baige-2018-oct,7d_buffered,6.5,0,127
baige-2018-oct,7d_buffered,6.5,1,21
baige-2018-oct,7d_buffered,6.5,2,0
baige-2018-oct,7d_buffered,9,-1,168
baige-2018-oct,7d_buffered,9,0,127
baige-2018-oct,7d_buffered,9,1,3
baige-2018-oct,7d_buffered,9,2,0
baige-2018-nov,7d,4,-1,82
baige-2018-nov,7d,4,0,39
baige-2018-nov,7d,4,1,6
baige-2018-nov,7d,4,2,0
baige-2018-nov,7d,6.5,-1,110
baige-2018-nov,7d,6.5,0,39
baige-2018-nov,7d,6.5,1,1
baige-2018-nov,7d,6.5,2,0
baige-2018-nov,7d,9,-1,139
baige-2018-nov,7d,9,0,39
baige-2018-nov,7d,9,1,0
baige-2018-nov,7d,9,2,0
baige-2018-nov,7d_buffered,4,-1,82
baige-2018-nov,7d_buffered,4,0,36
baige-2018-nov,7d_buffered,4,1,1
baige-2018-nov,7d_buffered,4,2,0
baige-2018-nov,7d_buffered,6.5,-1,107
baige-2018-nov,7d_buffered,6.5,0,36
baige-2018-nov,7d_buffered,6.5,1,0
baige-2018-nov,7d_buffered,6.5,2,0
baige-2018-nov,7d_buffered,9,-1,139
baige-2018-nov,7d_buffered,9,0,36
baige-2018-nov,7d_buffered,9,1,0
baige-2018-nov,7d_buffered,9,2,0
seti-2012,7d,4,-1,113
seti-2012,7d,4,0,63
seti-2012,7d,4,1,1
seti-2012,7d,4,2,0
seti-2012,7d,6.5,-1,161
seti-2012,7d,6.5,0,63
seti-2012,7d,6.5,1,0
seti-2012,7d,6.5,2,0
seti-2012,7d,9,-1,168
seti-2012,7d,9,0,63
seti-2012,7d,9,1,0
seti-2012,7d,9,2,0
seti-2012,7d_buffered,4,-1,120
seti-2012,7d_buffered,4,0,69
seti-2012,7d_buffered,4,1,1
seti-2012,7d_buffered,4,2,0
seti-2012,7d_buffered,6.5,-1,161
seti-2012,7d_buffered,6.5,0,69
seti-2012,7d_buffered,6.5,1,0
seti-2012,7d_buffered,6.5,2,0
seti-2012,7d_buffered,9,-1,168
seti-2012,7d_buffered,9,0,69
seti-2012,7d_buffered,9,1,0
seti-2012,7d_buffered,9,2,0
yigong-2000,7d,4,-1,151
yigong-2000,7d,4,0,74
yigong-2000,7d,4,1,5
yigong-2000,7d,4,2,0
yigong-2000,7d,6.5,-1,161
yigong-2000,7d,6.5,0,74
yigong-2000,7d,6.5,1,0
yigong-2000,7d,6.5,2,0
yigong-2000,7d,9,-1,166
yigong-2000,7d,9,0,74
yigong-2000,7d,9,1,0
yigong-2000,7d,9,2,0
yigong-2000,7d_buffered,4,-1,146
yigong-2000,7d_buffered,4,0,74
yigong-2000,7d_buffered,4,1,5
yigong-2000,7d_buffered,4,2,0
yigong-2000,7d_buffered,6.5,-1,160
yigong-2000,7d_buffered,6.5,0,74
yigong-2000,7d_buffered,6.5,1,0
yigong-2000,7d_buffered,6.5,2,0
yigong-2000,7d_buffered,9,-1,166
yigong-2000,7d_buffered,9,0,74
yigong-2000,7d_buffered,9,1,0
yigong-2000,7d_buffered,9,2,0
sedongpu-2018,7d,4,-1,158
sedongpu-2018,7d,4,0,118
sedongpu-2018,7d,4,1,28
sedongpu-2018,7d,4,2,0
sedongpu-2018,7d,6.5,-1,163
sedongpu-2018,7d,6.5,0,118
sedongpu-2018,7d,6.5,1,0
sedongpu-2018,7d,6.5,2,0
sedongpu-2018,7d,9,-1,166
sedongpu-2018,7d,9,0,118
sedongpu-2018,7d,9,1,0
sedongpu-2018,7d,9,2,0
sedongpu-2018,7d_buffered,4,-1,158
sedongpu-2018,7d_buffered,4,0,121
sedongpu-2018,7d_buffered,4,1,31
sedongpu-2018,7d_buffered,4,2,0
sedongpu-2018,7d_buffered,6.5,-1,163
sedongpu-2018,7d_buffered,6.5,0,121
sedongpu-2018,7d_buffered,6.5,1,0
sedongpu-2018,7d_buffered,6.5,2,0
sedongpu-2018,7d_buffered,9,-1,166
sedongpu-2018,7d_buffered,9,0,121
sedongpu-2018,7d_buffered,9,1,0
sedongpu-2018,7d_buffered,9,2,0
sedongpu-2017-oct,7d,4,-1,168
sedongpu-2017-oct,7d,4,0,156
sedongpu-2017-oct,7d,4,1,50
sedongpu-2017-oct,7d,4,2,10
sedongpu-2017-oct,7d,6.5,-1,168
sedongpu-2017-oct,7d,6.5,0,156
sedongpu-2017-oct,7d,6.5,1,22
sedongpu-2017-oct,7d,6.5,2,0
sedongpu-2017-oct,7d,9,-1,168
sedongpu-2017-oct,7d,9,0,156
sedongpu-2017-oct,7d,9,1,5
sedongpu-2017-oct,7d,9,2,0
sedongpu-2017-oct,7d_buffered,4,-1,168
sedongpu-2017-oct,7d_buffered,4,0,156
sedongpu-2017-oct,7d_buffered,4,1,59
sedongpu-2017-oct,7d_buffered,4,2,10
sedongpu-2017-oct,7d_buffered,6.5,-1,168
sedongpu-2017-oct,7d_buffered,6.5,0,156
sedongpu-2017-oct,7d_buffered,6.5,1,22
sedongpu-2017-oct,7d_buffered,6.5,2,0
sedongpu-2017-oct,7d_buffered,9,-1,168
sedongpu-2017-oct,7d_buffered,9,0,156
sedongpu-2017-oct,7d_buffered,9,1,5
sedongpu-2017-oct,7d_buffered,9,2,0
sedongpu-2021-mar,7d,4,-1,148
sedongpu-2021-mar,7d,4,0,42
sedongpu-2021-mar,7d,4,1,0
sedongpu-2021-mar,7d,4,2,0
sedongpu-2021-mar,7d,6.5,-1,168
sedongpu-2021-mar,7d,6.5,0,42
sedongpu-2021-mar,7d,6.5,1,0
sedongpu-2021-mar,7d,6.5,2,0
sedongpu-2021-mar,7d,9,-1,168
sedongpu-2021-mar,7d,9,0,42
sedongpu-2021-mar,7d,9,1,0
sedongpu-2021-mar,7d,9,2,0
sedongpu-2021-mar,7d_buffered,4,-1,151
sedongpu-2021-mar,7d_buffered,4,0,40
sedongpu-2021-mar,7d_buffered,4,1,0
sedongpu-2021-mar,7d_buffered,4,2,0
sedongpu-2021-mar,7d_buffered,6.5,-1,168
sedongpu-2021-mar,7d_buffered,6.5,0,40
sedongpu-2021-mar,7d_buffered,6.5,1,0
sedongpu-2021-mar,7d_buffered,6.5,2,0
sedongpu-2021-mar,7d_buffered,9,-1,168
sedongpu-2021-mar,7d_buffered,9,0,40
sedongpu-2021-mar,7d_buffered,9,1,0
sedongpu-2021-mar,7d_buffered,9,2,0
yulong-2004,7d,4,-1,168
yulong-2004,7d,4,0,163
yulong-2004,7d,4,1,133
yulong-2004,7d,4,2,85
yulong-2004,7d,6.5,-1,168
yulong-2004,7d,6.5,0,163
yulong-2004,7d,6.5,1,97
yulong-2004,7d,6.5,2,27
yulong-2004,7d,9,-1,168
yulong-2004,7d,9,0,163
yulong-2004,7d,9,1,75
yulong-2004,7d,9,2,2
yulong-2004,7d_buffered,4,-1,168
yulong-2004,7d_buffered,4,0,163
yulong-2004,7d_buffered,4,1,124
yulong-2004,7d_buffered,4,2,84
yulong-2004,7d_buffered,6.5,-1,168
yulong-2004,7d_buffered,6.5,0,163
yulong-2004,7d_buffered,6.5,1,95
yulong-2004,7d_buffered,6.5,2,22
yulong-2004,7d_buffered,9,-1,168
yulong-2004,7d_buffered,9,0,163
yulong-2004,7d_buffered,9,1,72
yulong-2004,7d_buffered,9,2,2
laguna513-2010,7d,4,-1,168
laguna513-2010,7d,4,0,168
laguna513-2010,7d,4,1,168
laguna513-2010,7d,4,2,85
laguna513-2010,7d,6.5,-1,168
laguna513-2010,7d,6.5,0,168
laguna513-2010,7d,6.5,1,136
laguna513-2010,7d,6.5,2,10
laguna513-2010,7d,9,-1,168
laguna513-2010,7d,9,0,168
laguna513-2010,7d,9,1,65
laguna513-2010,7d,9,2,0
laguna513-2010,7d_buffered,4,-1,168
laguna513-2010,7d_buffered,4,0,168
laguna513-2010,7d_buffered,4,1,168
laguna513-2010,7d_buffered,4,2,87
laguna513-2010,7d_buffered,6.5,-1,168
laguna513-2010,7d_buffered,6.5,0,168
laguna513-2010,7d_buffered,6.5,1,139
laguna513-2010,7d_buffered,6.5,2,11
laguna513-2010,7d_buffered,9,-1,168
laguna513-2010,7d_buffered,9,0,168
laguna513-2010,7d_buffered,9,1,66
laguna513-2010,7d_buffered,9,2,0
hillary-2014,7d,4,-1,148
hillary-2014,7d,4,0,101
hillary-2014,7d,4,1,0
hillary-2014,7d,4,2,0
hillary-2014,7d,6.5,-1,159
hillary-2014,7d,6.5,0,101
hillary-2014,7d,6.5,1,0
hillary-2014,7d,6.5,2,0
hillary-2014,7d,9,-1,164
hillary-2014,7d,9,0,101
hillary-2014,7d,9,1,0
hillary-2014,7d,9,2,0
hillary-2014,7d_buffered,4,-1,127
hillary-2014,7d_buffered,4,0,92
hillary-2014,7d_buffered,4,1,0
hillary-2014,7d_buffered,4,2,0
hillary-2014,7d_buffered,6.5,-1,145
hillary-2014,7d_buffered,6.5,0,92
hillary-2014,7d_buffered,6.5,1,0
hillary-2014,7d_buffered,6.5,2,0
hillary-2014,7d_buffered,9,-1,154
hillary-2014,7d_buffered,9,0,92
hillary-2014,7d_buffered,9,1,0
hillary-2014,7d_buffered,9,2,0
aysen-2007-mentirosa,7d,4,-1,168
aysen-2007-mentirosa,7d,4,0,168
aysen-2007-mentirosa,7d,4,1,113
aysen-2007-mentirosa,7d,4,2,15
aysen-2007-mentirosa,7d,6.5,-1,168
aysen-2007-mentirosa,7d,6.5,0,168
aysen-2007-mentirosa,7d,6.5,1,40
aysen-2007-mentirosa,7d,6.5,2,0
aysen-2007-mentirosa,7d,9,-1,168
aysen-2007-mentirosa,7d,9,0,168
aysen-2007-mentirosa,7d,9,1,4
aysen-2007-mentirosa,7d,9,2,0
aysen-2007-mentirosa,7d_buffered,4,-1,168
aysen-2007-mentirosa,7d_buffered,4,0,168
aysen-2007-mentirosa,7d_buffered,4,1,118
aysen-2007-mentirosa,7d_buffered,4,2,13
aysen-2007-mentirosa,7d_buffered,6.5,-1,168
aysen-2007-mentirosa,7d_buffered,6.5,0,168
aysen-2007-mentirosa,7d_buffered,6.5,1,35
aysen-2007-mentirosa,7d_buffered,6.5,2,0
aysen-2007-mentirosa,7d_buffered,9,-1,168
aysen-2007-mentirosa,7d_buffered,9,0,168
aysen-2007-mentirosa,7d_buffered,9,1,4
aysen-2007-mentirosa,7d_buffered,9,2,0
