candidate_id,event_group_id,event_name,event_date,event_year,event_latitude_deg,event_longitude_deg,grid_latitude_deg,grid_longitude_deg_east,latitude_index,longitude_index,land_fraction,model_surface_height_m,distance_km,dependence_component,component_representative,cluster_ids,cell_rank,primary_cell
paat-2000,paat-2000,Paatuut rock avalanche,2000-11-21,2000,70.2667,-52.75,70.5,307,78,1228,0.94550633430480957,723.02764892578125,27.569415563535848,paat-2000,True,,1,True
paat-2000,paat-2000,Paatuut rock avalanche,2000-11-21,2000,70.2667,-52.75,70.5,307.25,78,1229,0.88436102867126465,706.30548095703125,25.941776386176258,paat-2000,True,,2,False
paat-2000,paat-2000,Paatuut rock avalanche,2000-11-21,2000,70.2667,-52.75,70.25,307,79,1228,0.84411585330963135,653.45391845703125,9.5716925263428312,paat-2000,True,,3,False
paat-2000,paat-2000,Paatuut rock avalanche,2000-11-21,2000,70.2667,-52.75,70.25,307.25,79,1229,0.72099804878234863,561.299072265625,1.85695527496311,paat-2000,True,,4,False
aysen-2007-mentirosa,aysen-mentirosa-2007,Aysen Fjord Mentirosa Island rockslide,2007-04-21,2007,-45.399999999999999,-72.969999999999999,-45.5,287.25,542,1149,0.92045855522155762,635.8773193359375,20.448938468960673,aysen-2007-mentirosa,True,trigger-aysen-2007;tsunami-aysen-2007,1,True
aysen-2007-mentirosa,aysen-mentirosa-2007,Aysen Fjord Mentirosa Island rockslide,2007-04-21,2007,-45.399999999999999,-72.969999999999999,-45.25,287.25,541,1149,0.90535640716552734,716.072021484375,23.958673935217536,aysen-2007-mentirosa,True,trigger-aysen-2007;tsunami-aysen-2007,2,False
aysen-2007-mentirosa,aysen-mentirosa-2007,Aysen Fjord Mentirosa Island rockslide,2007-04-21,2007,-45.399999999999999,-72.969999999999999,-45.25,287,541,1148,0.89984714984893799,566.8756103515625,16.843331659302741,aysen-2007-mentirosa,True,trigger-aysen-2007;tsunami-aysen-2007,3,False
aysen-2007-mentirosa,aysen-mentirosa-2007,Aysen Fjord Mentirosa Island rockslide,2007-04-21,2007,-45.399999999999999,-72.969999999999999,-45.5,287,542,1148,0.86473679542541504,505.64324951171875,11.363083078646858,aysen-2007-mentirosa,True,trigger-aysen-2007;tsunami-aysen-2007,4,False
chehalis-2007,chehalis-2007,Chehalis Lake rockslide and wave,2007-12-04,2007,49.469999999999999,-122.01000000000001,49.25,238,163,952,0.96705865859985352,612.501953125,24.473601574891216,chehalis-2007,True,,1,True
chehalis-2007,chehalis-2007,Chehalis Lake rockslide and wave,2007-12-04,2007,49.469999999999999,-122.01000000000001,49.25,237.75,163,951,0.95675241947174072,369.55694580078125,30.00894976765446,chehalis-2007,True,,2,False
chehalis-2007,chehalis-2007,Chehalis Lake rockslide and wave,2007-12-04,2007,49.469999999999999,-122.01000000000001,49.5,237.75,162,951,0.95351791381835938,831.10198974609375,17.65499479023131,chehalis-2007,True,,3,False
chehalis-2007,chehalis-2007,Chehalis Lake rockslide and wave,2007-12-04,2007,49.469999999999999,-122.01000000000001,49.5,238,162,952,0.93250739574432373,796.5870361328125,3.4131665011770327,chehalis-2007,True,,4,False
laguna513-2010,laguna513-2010,Laguna 513 rock-ice avalanche and wave,2010-04-11,2010,-9.2125000000000004,-77.549999999999997,-9.25,282.25,397,1129,0.99915289878845215,3779.436767578125,22.343504805325836,laguna513-2010,True,,1,True
laguna513-2010,laguna513-2010,Laguna 513 rock-ice avalanche and wave,2010-04-11,2010,-9.2125000000000004,-77.549999999999997,-9.25,282.5,397,1130,0.9985039234161377,4019.277587890625,6.8922144434592383,laguna513-2010,True,,2,False
laguna513-2010,laguna513-2010,Laguna 513 rock-ice avalanche and wave,2010-04-11,2010,-9.2125000000000004,-77.549999999999997,-9,282.25,396,1129,0.99731874465942383,3805.721923828125,32.256933095285746,laguna513-2010,True,,3,False
laguna513-2010,laguna513-2010,Laguna 513 rock-ice avalanche and wave,2010-04-11,2010,-9.2125000000000004,-77.549999999999997,-9,282.5,396,1130,0.99666929244995117,4045.73046875,24.258244738954446,laguna513-2010,True,,4,False
askja-2014,askja-2014,Lake Askja rockslide and wave,2014-07-21,2014,65.019999999999996,-16.699999999999999,65,343.25,100,1373,1,795.777587890625,3.2345707719191963,askja-2014,True,,1,True
askja-2014,askja-2014,Lake Askja rockslide and wave,2014-07-21,2014,65.019999999999996,-16.699999999999999,65,343.5,100,1374,1,734.556396484375,9.6546998896627603,askja-2014,True,,2,False
askja-2014,askja-2014,Lake Askja rockslide and wave,2014-07-21,2014,65.019999999999996,-16.699999999999999,65.25,343.25,99,1373,1,650.725341796875,25.681455453127288,askja-2014,True,,3,False
askja-2014,askja-2014,Lake Askja rockslide and wave,2014-07-21,2014,65.019999999999996,-16.699999999999999,65.25,343.5,99,1374,1,631.499755859375,27.230737328760711,askja-2014,True,,4,False
eqip-sermia-2014,eqip-sermia-2014,Eqip Sermia glacier collapse and wave,2014-07-02,2014,69.799999999999997,-50.216700000000003,70,310,80,1240,0.94908487796783447,573.4432373046875,23.730623149191565,eqip-sermia-2014,True,,1,True
eqip-sermia-2014,eqip-sermia-2014,Eqip Sermia glacier collapse and wave,2014-07-02,2014,69.799999999999997,-50.216700000000003,69.75,310,81,1240,0.94537484645843506,577.4571533203125,10.015089854967313,eqip-sermia-2014,True,,2,False
eqip-sermia-2014,eqip-sermia-2014,Eqip Sermia glacier collapse and wave,2014-07-02,2014,69.799999999999997,-50.216700000000003,70,309.75,80,1239,0.90370023250579834,358.8021240234375,22.275360520185092,eqip-sermia-2014,True,,3,False
eqip-sermia-2014,eqip-sermia-2014,Eqip Sermia glacier collapse and wave,2014-07-02,2014,69.799999999999997,-50.216700000000003,69.75,309.75,81,1239,0.89920628070831299,360.073974609375,5.7052072640066056,eqip-sermia-2014,True,,4,False
taan-2015,taan-2015,Taan Fiord rock avalanche and tsunami,2015-10-17,2015,60.170000000000002,-141.18000000000001,60.25,219,119,876,0.99945342540740967,1596.229736328125,13.342167058354486,taan-2015,True,,1,True
taan-2015,taan-2015,Taan Fiord rock avalanche and tsunami,2015-10-17,2015,60.170000000000002,-141.18000000000001,60.25,218.75,119,875,0.99883413314819336,1378.5660400390625,9.6997913985050221,taan-2015,True,,2,False
taan-2015,taan-2015,Taan Fiord rock avalanche and tsunami,2015-10-17,2015,60.170000000000002,-141.18000000000001,60,219,120,876,0.84312689304351807,321.86727905273438,21.376727823279658,taan-2015,True,,3,False
taan-2015,taan-2015,Taan Fiord rock avalanche and tsunami,2015-10-17,2015,60.170000000000002,-141.18000000000001,60,218.75,120,875,0.64840126037597656,251.46026611328125,19.297590684440923,taan-2015,True,,4,False
karrat-2017,karrat-2017,Karrat Fjord rock avalanche and tsunami,2017-06-17,2017,71.643299999999996,-52.3367,71.75,307.5,73,1230,0.95613598823547363,854.717529296875,13.163769410710238,karrat-2017,True,,1,True
karrat-2017,karrat-2017,Karrat Fjord rock avalanche and tsunami,2017-06-17,2017,71.643299999999996,-52.3367,71.75,307.75,73,1231,0.95433449745178223,922.0657958984375,12.244700057855255,karrat-2017,True,,2,False
karrat-2017,karrat-2017,Karrat Fjord rock avalanche and tsunami,2017-06-17,2017,71.643299999999996,-52.3367,71.5,307.75,74,1231,0.8357231616973877,704.99615478515625,16.223049629179268,karrat-2017,True,,3,False
karrat-2017,karrat-2017,Karrat Fjord rock avalanche and tsunami,2017-06-17,2017,71.643299999999996,-52.3367,71.5,307.5,74,1230,0.83454406261444092,644.349365234375,16.936595664994957,karrat-2017,True,,4,False
elliot-creek-2020,elliot-creek-2020,Elliot Creek rockslide and lake tsunami,2020-11-28,2020,50.969999999999999,-124.61,50.75,235.5,157,942,0.99837517738342285,1464.3883056640625,25.652319005492355,elliot-creek-2020,True,,1,True
elliot-creek-2020,elliot-creek-2020,Elliot Creek rockslide and lake tsunami,2020-11-28,2020,50.969999999999999,-124.61,51,235.5,156,942,0.99750208854675293,1676.1455078125,8.3915205680290157,elliot-creek-2020,True,,2,False
elliot-creek-2020,elliot-creek-2020,Elliot Creek rockslide and lake tsunami,2020-11-28,2020,50.969999999999999,-124.61,51,235.25,156,941,0.98793423175811768,1453.644287109375,10.352170947620124,elliot-creek-2020,True,,3,False
elliot-creek-2020,elliot-creek-2020,Elliot Creek rockslide and lake tsunami,2020-11-28,2020,50.969999999999999,-124.61,50.75,235.25,157,941,0.93024599552154541,1247.995849609375,26.36264501892753,elliot-creek-2020,True,,4,False
dickson-2023,dickson-2023,Dickson Fjord rockslide and tsunami,2023-09-16,2023,72.810000000000002,-26.949999999999999,72.75,333,69,1332,0.98621690273284912,1278.2965087890625,6.8717211887032974,dickson-2023,True,cascade-dickson-2023,1,True
dickson-2023,dickson-2023,Dickson Fjord rockslide and tsunami,2023-09-16,2023,72.810000000000002,-26.949999999999999,72.75,333.25,69,1333,0.98300182819366455,1214.4654541015625,9.3731512021990202,dickson-2023,True,cascade-dickson-2023,2,False
dickson-2023,dickson-2023,Dickson Fjord rockslide and tsunami,2023-09-16,2023,72.810000000000002,-26.949999999999999,73,333,68,1332,0.93833255767822266,1196.808837890625,21.1901532235179,dickson-2023,True,cascade-dickson-2023,3,False
dickson-2023,dickson-2023,Dickson Fjord rockslide and tsunami,2023-09-16,2023,72.810000000000002,-26.949999999999999,73,333.25,68,1333,0.90801703929901123,1165.78759765625,22.115303959968205,dickson-2023,True,cascade-dickson-2023,4,False
pedersen-2024,pedersen-2024,Pedersen Glacier Lagoon rockslide and tsunami,2024-08-07,2024,59.903799999999997,-149.8246,60,210,120,840,0.95686602592468262,921.1373291015625,14.484429507705336,pedersen-2024,True,,1,True
pedersen-2024,pedersen-2024,Pedersen Glacier Lagoon rockslide and tsunami,2024-08-07,2024,59.903799999999997,-149.8246,60,210.25,120,841,0.84331667423248291,757.97003173828125,11.47506569434089,pedersen-2024,True,,2,False
pedersen-2024,pedersen-2024,Pedersen Glacier Lagoon rockslide and tsunami,2024-08-07,2024,59.903799999999997,-149.8246,59.75,210,121,840,0.51529014110565186,468.45388793945312,19.712045433004835,pedersen-2024,True,,3,False
pedersen-2024,pedersen-2024,Pedersen Glacier Lagoon rockslide and tsunami,2024-08-07,2024,59.903799999999997,-149.8246,59.75,210.25,121,841,0.34198415279388428,293.71157836914062,17.602654743165932,pedersen-2024,True,,4,False
tracy-arm-2025,tracy-arm-2025,Tracy Arm landslide and tsunami,2025-08-10,2025,57.850000000000001,-133.06999999999999,57.75,227,129,908,0.98391580581665039,1065.8546142578125,11.867883417243538,tracy-arm-2025,True,,1,True
tracy-arm-2025,tracy-arm-2025,Tracy Arm landslide and tsunami,2025-08-10,2025,57.850000000000001,-133.06999999999999,58,227,128,908,0.9774022102355957,1244.1136474609375,17.18375484154334,tracy-arm-2025,True,,2,False
tracy-arm-2025,tracy-arm-2025,Tracy Arm landslide and tsunami,2025-08-10,2025,57.850000000000001,-133.06999999999999,58,226.75,128,907,0.90084552764892578,921.04254150390625,19.777848863581234,tracy-arm-2025,True,,3,False
tracy-arm-2025,tracy-arm-2025,Tracy Arm landslide and tsunami,2025-08-10,2025,57.850000000000001,-133.06999999999999,57.75,226.75,129,907,0.78995668888092041,716.77984619140625,15.407695408423974,tracy-arm-2025,True,,4,False
yigong-2000,yigong-2000,Yigong rock avalanche,2000-04-09,2000,30.177499999999998,94.940299999999993,30,94.75,240,379,0.9968184232711792,3890.7294921875,26.921608673718023,yigong-2000,True,,1,True
yigong-2000,yigong-2000,Yigong rock avalanche,2000-04-09,2000,30.177499999999998,94.940299999999993,30,95,240,380,0.99443638324737549,3632.88623046875,20.555887588322765,yigong-2000,True,,2,False
yigong-2000,yigong-2000,Yigong rock avalanche,2000-04-09,2000,30.177499999999998,94.940299999999993,30.25,94.75,239,379,0.99328434467315674,3961.971435546875,19.984036680174736,yigong-2000,True,,3,False
yigong-2000,yigong-2000,Yigong rock avalanche,2000-04-09,2000,30.177499999999998,94.940299999999993,30.25,95,239,380,0.98074901103973389,3829.139892578125,9.8943349251536024,yigong-2000,True,,4,False
kolka-2002,kolka-2002,Kolka-Karmadon rock-ice avalanche,2002-09-20,2002,42.729999999999997,44.439999999999998,42.5,44.25,190,177,0.99958539009094238,2353.689208984375,29.930003173522771,kolka-2002,True,,1,True
kolka-2002,kolka-2002,Kolka-Karmadon rock-ice avalanche,2002-09-20,2002,42.729999999999997,44.439999999999998,42.75,44.25,189,177,0.99922549724578857,2178.20166015625,15.675116462591477,kolka-2002,True,,2,False
kolka-2002,kolka-2002,Kolka-Karmadon rock-ice avalanche,2002-09-20,2002,42.729999999999997,44.439999999999998,42.75,44.5,189,178,0.99912333488464355,2111.5029296875,5.381021784635359,kolka-2002,True,,3,False
kolka-2002,kolka-2002,Kolka-Karmadon rock-ice avalanche,2002-09-20,2002,42.729999999999997,44.439999999999998,42.5,44.5,190,178,0.99874162673950195,2397.587890625,26.041859316257582,kolka-2002,True,,4,False
steller-2005,steller-2005,Mount Steller rock-ice avalanche,2005-09-14,2005,60.520000000000003,-143.09,60.5,217,118,868,0.99967992305755615,1089.8748779296875,5.4051299343559673,steller-2005,True,,1,True
steller-2005,steller-2005,Mount Steller rock-ice avalanche,2005-09-14,2005,60.520000000000003,-143.09,60.5,216.75,118,867,0.9989471435546875,1135.6932373046875,9.0360362694290615,steller-2005,True,,2,False
steller-2005,steller-2005,Mount Steller rock-ice avalanche,2005-09-14,2005,60.520000000000003,-143.09,60.75,216.75,117,867,0.99591004848480225,1413.111328125,27.021921406294627,steller-2005,True,,3,False
steller-2005,steller-2005,Mount Steller rock-ice avalanche,2005-09-14,2005,60.520000000000003,-143.09,60.75,217,117,868,0.99382007122039795,1311.09912109375,26.041398899817548,steller-2005,True,,4,False
flat-creek-2013,flat-creek,Flat Creek glacier detachment,2013-08-05,2013,61.5,-141.53999999999999,61.25,218.5,115,874,0.99321663379669189,2312.568359375,27.880276717584088,flat-creek-2013,True,,1,True
flat-creek-2013,flat-creek,Flat Creek glacier detachment,2013-08-05,2013,61.5,-141.53999999999999,61.25,218.25,115,873,0.97928535938262939,2080.015380859375,29.965191746657784,flat-creek-2013,True,,2,False
flat-creek-2013,flat-creek,Flat Creek glacier detachment,2013-08-05,2013,61.5,-141.53999999999999,61.5,218.25,114,873,0.97415125370025635,2290.404296875,11.142098185760476,flat-creek-2013,True,,3,False
flat-creek-2013,flat-creek,Flat Creek glacier detachment,2013-08-05,2013,61.5,-141.53999999999999,61.5,218.5,114,874,0.96436047554016113,2164.240234375,2.1223053005080903,flat-creek-2013,True,,4,False
hillary-2014,hillary-2014,Hillary Ridge rock avalanche,2014-07-14,2014,-43.616500000000002,170.14269999999999,-43.75,170,535,680,0.99761509895324707,1285.2313232421875,18.762538827872582,hillary-2014,True,,1,True
hillary-2014,hillary-2014,Hillary Ridge rock avalanche,2014-07-14,2014,-43.616500000000002,170.14269999999999,-43.5,170.25,534,681,0.98925900459289551,1171.264892578125,15.574625413107253,hillary-2014,True,,2,False
hillary-2014,hillary-2014,Hillary Ridge rock avalanche,2014-07-14,2014,-43.616500000000002,170.14269999999999,-43.75,170.25,535,681,0.963234543800354,1425.5777587890625,17.169945933878537,hillary-2014,True,,3,False
hillary-2014,hillary-2014,Hillary Ridge rock avalanche,2014-07-14,2014,-43.616500000000002,170.14269999999999,-43.5,170,534,680,0.71066117286682129,680.03863525390625,17.321467881361198,hillary-2014,True,,4,False
sedongpu-2018,sedongpu,Sedongpu glacier avalanche,2018-10-16,2018,29.800000000000001,94.920000000000002,29.75,94.75,241,379,0.99839675426483154,4129.89990234375,17.323960715081327,sedongpu-2017-oct,False,site-sedongpu,1,True
sedongpu-2018,sedongpu,Sedongpu glacier avalanche,2018-10-16,2018,29.800000000000001,94.920000000000002,29.75,95,241,380,0.99773681163787842,3888.558349609375,9.5146187131888311,sedongpu-2017-oct,False,site-sedongpu,2,False
sedongpu-2018,sedongpu,Sedongpu glacier avalanche,2018-10-16,2018,29.800000000000001,94.920000000000002,30,94.75,240,379,0.9968184232711792,3890.7294921875,27.624407493535323,sedongpu-2017-oct,False,site-sedongpu,3,False
sedongpu-2018,sedongpu,Sedongpu glacier avalanche,2018-10-16,2018,29.800000000000001,94.920000000000002,30,95,240,380,0.99443638324737549,3632.88623046875,23.53806552350721,sedongpu-2017-oct,False,site-sedongpu,4,False
chamoli-2021,chamoli-2021,Ronti Peak Chamoli rock-ice avalanche,2021-02-07,2021,30.375,79.731999999999999,30.5,79.75,238,319,1,4018.28759765625,14.006080426353915,chamoli-2021,True,,1,True
chamoli-2021,chamoli-2021,Ronti Peak Chamoli rock-ice avalanche,2021-02-07,2021,30.375,79.731999999999999,30.25,79.75,239,319,1,3488.9453125,14.006352643172546,chamoli-2021,True,,2,False
chamoli-2021,chamoli-2021,Ronti Peak Chamoli rock-ice avalanche,2021-02-07,2021,30.375,79.731999999999999,30.5,79.5,238,318,1,3092.831787109375,26.227739125191277,chamoli-2021,True,,3,False
chamoli-2021,chamoli-2021,Ronti Peak Chamoli rock-ice avalanche,2021-02-07,2021,30.375,79.731999999999999,30.25,79.5,239,318,1,2529.56201171875,26.251877408528365,chamoli-2021,True,,4,False
bukadaban-2022,bukadaban-2022,Bukadaban East glacier detachment,2022-11-01,2022,35.969000000000001,90.869,36,91,216,364,0.9997868537902832,5173.970703125,12.280588803584795,bukadaban-2022,True,,1,True
bukadaban-2022,bukadaban-2022,Bukadaban East glacier detachment,2022-11-01,2022,35.969000000000001,90.869,36,90.75,216,363,0.97920668125152588,5114.7666015625,11.248363689497902,bukadaban-2022,True,,2,False
bukadaban-2022,bukadaban-2022,Bukadaban East glacier detachment,2022-11-01,2022,35.969000000000001,90.869,35.75,91,217,364,0.93525516986846924,5109.34033203125,27.062426914417554,bukadaban-2022,True,,3,False
bukadaban-2022,bukadaban-2022,Bukadaban East glacier detachment,2022-11-01,2022,35.969000000000001,90.869,35.75,90.75,217,363,0.91509711742401123,5123.888671875,26.60847523530839,bukadaban-2022,True,,4,False
baige-2018-oct,baige-2018,Baige October landslide,2018-10-10,2018,31.0823,98.710999999999999,31,98.75,236,395,1,4096.7529296875,9.8768750870599344,baige-2018-nov,True,cascade-baige-2018,1,True
baige-2018-oct,baige-2018,Baige October landslide,2018-10-10,2018,31.0823,98.710999999999999,31.25,98.75,235,395,1,3966.236328125,19.013006215378564,baige-2018-nov,True,cascade-baige-2018,2,False
baige-2018-oct,baige-2018,Baige October landslide,2018-10-10,2018,31.0823,98.710999999999999,31,98.5,236,394,1,4168.521484375,22.087297691704418,baige-2018-nov,True,cascade-baige-2018,3,False
baige-2018-oct,baige-2018,Baige October landslide,2018-10-10,2018,31.0823,98.710999999999999,31.25,98.5,235,394,1,4079.079833984375,27.400071420367315,baige-2018-nov,True,cascade-baige-2018,4,False
baige-2018-nov,baige-2018,Baige November repeat landslide,2018-11-03,2018,31.0823,98.710999999999999,31,98.75,236,395,1,4096.7529296875,9.8768750870599344,baige-2018-nov,False,cascade-baige-2018,1,True
baige-2018-nov,baige-2018,Baige November repeat landslide,2018-11-03,2018,31.0823,98.710999999999999,31.25,98.75,235,395,1,3966.236328125,19.013006215378564,baige-2018-nov,False,cascade-baige-2018,2,False
baige-2018-nov,baige-2018,Baige November repeat landslide,2018-11-03,2018,31.0823,98.710999999999999,31,98.5,236,394,1,4168.521484375,22.087297691704418,baige-2018-nov,False,cascade-baige-2018,3,False
baige-2018-nov,baige-2018,Baige November repeat landslide,2018-11-03,2018,31.0823,98.710999999999999,31.25,98.5,235,394,1,4079.079833984375,27.400071420367315,baige-2018-nov,False,cascade-baige-2018,4,False
seti-2012,seti-2012,Seti Annapurna IV rock-ice avalanche,2012-05-05,2012,28.5304,84.051000000000002,28.5,84.25,246,337,1,3952.525146484375,19.735130596267538,seti-2012,True,,1,True
seti-2012,seti-2012,Seti Annapurna IV rock-ice avalanche,2012-05-05,2012,28.5304,84.051000000000002,28.75,84.25,245,337,0.99999940395355225,5177.58154296875,31.199503211927812,seti-2012,True,,2,False
seti-2012,seti-2012,Seti Annapurna IV rock-ice avalanche,2012-05-05,2012,28.5304,84.051000000000002,28.5,84,246,336,0.99989116191864014,3964.663330078125,6.0213712437935598,seti-2012,True,,3,False
seti-2012,seti-2012,Seti Annapurna IV rock-ice avalanche,2012-05-05,2012,28.5304,84.051000000000002,28.75,84,245,336,0.99984562397003174,4892.728515625,24.920470574316205,seti-2012,True,,4,False
yulong-2004,yulong,Yulong Ganheba rock-ice avalanche,2004-03-12,2004,27.090638999999999,100.18447,27.25,100.25,251,401,0.99806582927703857,3001.6064453125,18.868666249741398,yulong-2004,True,site-yulong,1,True
yulong-2004,yulong,Yulong Ganheba rock-ice avalanche,2004-03-12,2004,27.090638999999999,100.18447,27.25,100,251,400,0.9972003698348999,3177.860595703125,25.436527820686898,yulong-2004,True,site-yulong,2,False
yulong-2004,yulong,Yulong Ganheba rock-ice avalanche,2004-03-12,2004,27.090638999999999,100.18447,27,100,252,400,0.99384224414825439,2881.00390625,20.864726104234087,yulong-2004,True,site-yulong,3,False
yulong-2004,yulong,Yulong Ganheba rock-ice avalanche,2004-03-12,2004,27.090638999999999,100.18447,27,100.25,252,401,0.99234306812286377,2845.901123046875,11.987306164173907,yulong-2004,True,site-yulong,4,False
aru-1-2016,aru,Aru-1 glacier detachment,2016-07-17,2016,34.018816000000001,82.243666000000005,34,82,224,328,0.95740175247192383,5193.44775390625,22.557042051944361,aru-1-2016,True,site-aru,1,True
aru-1-2016,aru,Aru-1 glacier detachment,2016-07-17,2016,34.018816000000001,82.243666000000005,34.25,82,223,328,0.93551599979400635,5252.79296875,34.114192295232442,aru-1-2016,True,site-aru,2,False
aru-1-2016,aru,Aru-1 glacier detachment,2016-07-17,2016,34.018816000000001,82.243666000000005,34,82.25,224,329,0.92455828189849854,5236.49462890625,2.1721753179930925,aru-1-2016,True,site-aru,3,False
aru-1-2016,aru,Aru-1 glacier detachment,2016-07-17,2016,34.018816000000001,82.243666000000005,34.25,82.25,223,329,0.89114201068878174,5242.40771484375,25.713097391858735,aru-1-2016,True,site-aru,4,False
aru-2-2016,aru,Aru-2 glacier detachment,2016-09-21,2016,34.005935999999998,82.254925999999998,34.25,82.5,223,330,0.96875643730163574,5180.6376953125,35.289788236751782,aru-1-2016,False,site-aru,1,True
aru-2-2016,aru,Aru-2 glacier detachment,2016-09-21,2016,34.005935999999998,82.254925999999998,34,82.5,224,330,0.94120371341705322,5181.44189453125,22.600936385970634,aru-1-2016,False,site-aru,2,False
aru-2-2016,aru,Aru-2 glacier detachment,2016-09-21,2016,34.005935999999998,82.254925999999998,34,82.25,224,329,0.92455828189849854,5236.49462890625,0.80116444005990994,aru-1-2016,False,site-aru,3,False
aru-2-2016,aru,Aru-2 glacier detachment,2016-09-21,2016,34.005935999999998,82.254925999999998,34.25,82.25,223,329,0.89114201068878174,5242.40771484375,27.142466009528675,aru-1-2016,False,site-aru,4,False
naltar-2021,naltar-2021,Upper Naltar rock-ice avalanche,2021-07-05,2021,36.220481999999997,74.085185999999993,36.25,74.25,215,297,0.99996578693389893,3749.946533203125,15.14209600136617,naltar-2021,True,,1,True
naltar-2021,naltar-2021,Upper Naltar rock-ice avalanche,2021-07-05,2021,36.220481999999997,74.085185999999993,36,74.25,216,297,0.99996566772460938,3321.5556640625,28.6402725083456,naltar-2021,True,,2,False
naltar-2021,naltar-2021,Upper Naltar rock-ice avalanche,2021-07-05,2021,36.220481999999997,74.085185999999993,36,74,216,296,0.99991786479949951,3643.4990234375,25.683031811025845,naltar-2021,True,,3,False
naltar-2021,naltar-2021,Upper Naltar rock-ice avalanche,2021-07-05,2021,36.220481999999997,74.085185999999993,36.25,74,215,296,0.99989235401153564,3749.156005859375,8.3154780228841503,naltar-2021,True,,4,False
sedongpu-2017-oct,sedongpu,Sedongpu October 2017 avalanche,2017-10-22,2017,29.818611000000001,94.951749000000007,29.75,94.75,241,379,0.99839675426483154,4129.89990234375,20.91140508531446,sedongpu-2017-oct,True,site-sedongpu,1,True
sedongpu-2017-oct,sedongpu,Sedongpu October 2017 avalanche,2017-10-22,2017,29.818611000000001,94.951749000000007,29.75,95,241,380,0.99773681163787842,3888.558349609375,8.9379986261568103,sedongpu-2017-oct,True,site-sedongpu,2,False
sedongpu-2017-oct,sedongpu,Sedongpu October 2017 avalanche,2017-10-22,2017,29.818611000000001,94.951749000000007,30,94.75,240,379,0.9968184232711792,3890.7294921875,28.016852284225664,sedongpu-2017-oct,True,site-sedongpu,3,False
sedongpu-2017-oct,sedongpu,Sedongpu October 2017 avalanche,2017-10-22,2017,29.818611000000001,94.951749000000007,30,95,240,380,0.99443638324737549,3632.88623046875,20.6987718518848,sedongpu-2017-oct,True,site-sedongpu,4,False
sedongpu-2021-mar,sedongpu,Sedongpu March 2021 rock-ice avalanche,2021-03-22,2021,29.819987000000001,94.947811999999999,29.75,94.75,241,379,0.99839675426483154,4129.89990234375,20.615264614815388,sedongpu-2017-oct,False,site-sedongpu,1,True
sedongpu-2021-mar,sedongpu,Sedongpu March 2021 rock-ice avalanche,2021-03-22,2021,29.819987000000001,94.947811999999999,29.75,95,241,380,0.99773681163787842,3888.558349609375,9.2697509384910326,sedongpu-2017-oct,False,site-sedongpu,2,False
sedongpu-2021-mar,sedongpu,Sedongpu March 2021 rock-ice avalanche,2021-03-22,2021,29.819987000000001,94.947811999999999,30,94.75,240,379,0.9968184232711792,3890.7294921875,27.643738765079114,sedongpu-2017-oct,False,site-sedongpu,3,False
sedongpu-2021-mar,sedongpu,Sedongpu March 2021 rock-ice avalanche,2021-03-22,2021,29.819987000000001,94.947811999999999,30,95,240,380,0.99443638324737549,3632.88623046875,20.638889471522056,sedongpu-2017-oct,False,site-sedongpu,4,False
