region,key,digest,south,west,centroid_count,catalog_area_km2
01,rgi7.0|01|south=+58|west=-155,005183c21b8b2a67edf336600e1070fb8146902d6bda46564a0bcb1cf7f70c67,58,-155,136,467.3016465578679
01,rgi7.0|01|south=+69|west=-146,02e517bf3f56ece4c07edbd42342580459d4043295361b2bb6b4459c39e7721e,69,-146,62,26.481918517586962
01,rgi7.0|01|south=+58|west=-154,07a69508b8e59f7b5a6fc0a74bf8be93bb68983047f90ab7c68893e93cb8eaeb,58,-154,111,329.13578333905355
01,rgi7.0|01|south=+60|west=-151,07b09de55861b772140ad91919915701de81863b81de8d7533b794926481a13c,60,-151,93,236.16413587781784
01,rgi7.0|01|south=+68|west=-149,0e85b95a5f07fdddeeb555533862358f6e29ce316467985a925d81e2fa0ecffb,68,-149,52,18.25723994837921
01,rgi7.0|01|south=+52|west=-175,1201cf4fd0577653d9890d0da774def8227411cf12ae581916932e7b39d56a4a,52,-175,12,13.35117634411224
01,rgi7.0|01|south=+61|west=-142,148c740e7e6e96993ae57026fc9791632716b1fe2f3f6cc897250ab7438ae88e,61,-142,394,2332.584232142865
01,rgi7.0|01|south=+57|west=-158,18e5a905766871762df6d39ddaa0be79cf2dcf626281561a0c8fd93276183b88,57,-158,21,14.117551018175373
01,rgi7.0|01|south=+60|west=-136,1f169d4bcb3ecbd04b9a6e32475979554bc3d1db6241cd97002901b3b37b6698,60,-136,88,23.775499953794352
01,rgi7.0|01|south=+60|west=-153,1f73375f705e4a2ad370c70462cd28364b361bdfb07b0765b4a4f78b153b2af4,60,-153,420,1032.235939867342
01,rgi7.0|01|south=+59|west=-149,1f85de92452aae74c5f5940da967d6b747d2e5aa0f1d2b6737b4a5e2fa333244,59,-149,17,2.971819175583076
01,rgi7.0|01|south=+60|west=-149,21d5027223e4cfb3918080eebcf304104ad8b64ec3498cb6c01315f7ae0d49de,60,-149,742,1835.2716067270937
01,rgi7.0|01|south=+60|west=-140,237a733045191d7a3d20a004a457a141649accffa28778d859016a48170d34b0,60,-140,138,5071.004377341176
01,rgi7.0|01|south=+54|west=-165,242a3cef5d2b2eabff7599cd36b9ed0000833c365edff7cdcc7df97dae1b98a6,54,-165,16,116.60731500449526
01,rgi7.0|01|south=+57|west=-133,26903b582eba4ed8d437eb0a4f7f43677f22e0e998f55dd460970574cb51d1ea,57,-133,827,3364.4509888369043
01,rgi7.0|01|south=+60|west=-160,28b584bfe9daf3ad3c497dea2e2c094c34824e5bd9681254869daf33d047f863,60,-160,35,22.40611054131288
01,rgi7.0|01|south=+63|west=-145,32a614d566a4a357de5b58c1d98f665b9e81bd00d1ed483219afd5c82d89c993,63,-145,174,321.7910237249586
01,rgi7.0|01|south=+67|west=-155,34694bb67e3c89f27db6dfeb4039cefa518878a88677b5e20da76635f943f6db,67,-155,46,15.792841254226097
01,rgi7.0|01|south=+63|west=-148,358bac725a6f0e86c85e8d4beae3901c9edb4c0d6b98e64ce6d60dae26797725,63,-148,165,634.8198124733083
01,rgi7.0|01|south=+55|west=-161,361e65e9e7e53378ce3f95d36ddd4a100148d1f49fbe68eaa3b2377e67f4939e,55,-161,38,24.086519118328958
01,rgi7.0|01|south=+62|west=-143,37b17dba8765d997e0f7c1abfb788b53834492a4303497561c1c57164c56bb31,62,-143,222,229.14368981288098
01,rgi7.0|01|south=+59|west=-152,3d29ebd1591411f160275f238e1554cf6c8d178bfbaf40b226c4fa3366044960,59,-152,113,65.38712392283747
01,rgi7.0|01|south=+60|west=-139,3e5848f854451fb3abd2ce7091f50fe78fdbb98dbb53fbe862207ce51311984c,60,-139,451,2026.9344067175684
01,rgi7.0|01|south=+60|west=-148,42206eb30a7896f03db758f8d6a87046d20a68e008be55c96d5b9ebd3dc7be44,60,-148,114,38.84461066826462
01,rgi7.0|01|south=+63|west=-149,46e1e32336ac01dd9b29c8ab6570191c77949d8cbda359f021fb1aef13bacdf5,63,-149,14,4.061438858618275
01,rgi7.0|01|south=+55|west=-131,48709c846b404a5afb6713c8da2c97542a30a9a5afef70ff42b640206e3c65e1,55,-131,253,204.20444565664667
01,rgi7.0|01|south=+61|west=-152,493adcfe87e87380ba64ba24f93118ed176a4e0a1db691423b93469d061bf33c,61,-152,37,19.790156692305228
01,rgi7.0|01|south=+60|west=-144,4fc15c3eac66ad518d6bf3efdb6365a7d009cbe9e5440555fe642a0a374ce42f,60,-144,315,2978.04161107644
01,rgi7.0|01|south=+61|west=-144,503422b715dfa6c204bdb95bb7b00306f00ef64adcd9d575b34cfc909a8ec950,61,-144,345,1885.639133851961
01,rgi7.0|01|south=+56|west=-160,505445df46f8ad6dc688976a857e6f03fa5f69878881a9ceb332c5fa1ef0c7bd,56,-160,45,311.255377241117
01,rgi7.0|01|south=+62|west=-154,5055ee6b47c57937daaaa910115b979761e2f5968234917a72099c3e5e78d66b,62,-154,25,8.667310162253452
01,rgi7.0|01|south=+68|west=-150,50b85debc20d0f00c5a3b054b2c60492db93d8d7696878e2de613c8ae606d2a4,68,-150,49,15.905357418046195
01,rgi7.0|01|south=+61|west=-146,51862b9cd3ac650a517c1a2765f0b7fb59d4a1d32907e4d934d8a261f96352da,61,-146,333,466.4723253702946
01,rgi7.0|01|south=+69|west=-145,518cea5dabe97f3a36a1ab4d3dfea10fd162c5d58077a31e0cdd1724140f3c8b,69,-145,160,128.75758383387523
01,rgi7.0|01|south=+61|west=-148,520c5a6e31c90792fef21778e088106b73c7be20133900954461db7cd06e3a04,61,-148,381,2580.639611397155
01,rgi7.0|01|south=+60|west=-138,53f50e24e71efc972927a308063360f03c74100bdd1933fb0c2ffcc15b259807,60,-138,179,152.17611653555733
01,rgi7.0|01|south=+68|west=-148,55542dcfb6f40eb06fec46a11abc79e7086ceea575a0a06735b6de30433f7fed,68,-148,13,3.190159353230743
01,rgi7.0|01|south=+60|west=-137,564f33506b2e79fa853956555bea03c5d76fa239166c8be6741a8a486414880d,60,-137,45,39.37093198435549
01,rgi7.0|01|south=+56|west=-135,56c06d9113bb9a8f91c73e6a401c92f81f910e2bb101c74fecb1204ddb4f9ef5,56,-135,67,26.32925592858132
01,rgi7.0|01|south=+58|west=-134,570457a6446ea83ec03fc08a60569b9b09781b12a5339a92667ceae7b5bd3897,58,-134,742,1204.2189257149394
01,rgi7.0|01|south=+56|west=-131,57f694a01d587c99d82b6edd8af246b7e4662d8d4d27dff21bc79da96b1966a0,56,-131,868,1407.5216820229064
01,rgi7.0|01|south=+62|west=-150,583a5c51d95f6fb68f9c4205d9b63e1fe27aff6b38b1c7ef92c25f4680dafb5c,62,-150,16,11.193396537633307
01,rgi7.0|01|south=+60|west=-150,59b24ae6315fdbbe5e9571c49ac37e267d6bd8c3dc6a37c21351ce4532352a19,60,-150,532,618.4115928431737
01,rgi7.0|01|south=+62|west=-151,5b90cb55a7d7ea2b41594544bce6f53e9bd8e7897468f9dd36accf2cb467ccdf,62,-151,92,688.7821631768736
01,rgi7.0|01|south=+59|west=-154,604cb83f6b082337477ed827e1307a3776f4a5853313399271622344d5c42acd,59,-154,97,39.55447144861374
01,rgi7.0|01|south=+61|west=-150,60cfb53891ff2f99d27b499b45c2b29721e4ec2cc36e5dcf811262e206639977,61,-150,96,36.63606606757503
01,rgi7.0|01|south=+56|west=-159,61a4a5b171bd94bc595481eb3aba524e404d5960292ca4e0528167023e0dcb90,56,-159,47,16.43832834657678
01,rgi7.0|01|south=+63|west=-147,6264455b8d170a3ddad7d70908a7f5bbe51a6e22eefc8b1df41eca779e99e87f,63,-147,268,985.226700641
01,rgi7.0|01|south=+68|west=-147,62c82ecd239d44c3dbf6a27e132b92ce354e8552c41f4a91b642c6d5b3c2848d,68,-147,12,2.217225832048714
01,rgi7.0|01|south=+61|west=-149,655257b5f2b70162be3f1cf5643a1e619991d66de1e48b79d890ffda9c94766f,61,-149,657,1570.3602258430226
01,rgi7.0|01|south=+56|west=-130,69bb15ba20f9790ee72b9aa3eb6c3d559cf004cec2793ab8592116825a976bac,56,-130,551,553.4900083518388
01,rgi7.0|01|south=+55|west=-160,6c7e8b0fd94bc6bc706eb9144b7d1d6f2ced10344ea84b3dd8502fa14f2d99d8,55,-160,22,44.42577064794286
01,rgi7.0|01|south=+55|west=-129,6cc7b819f6005508fc67007c86627c7f660228ef5918cb3944737febca25a010,55,-129,15,7.123520797615699
01,rgi7.0|01|south=+55|west=-130,6dcb245936228245b63f2f1e54c1c6cd80b2a07d869ec4e90c1bc3215d9d02a6,55,-130,451,759.8529969302386
01,rgi7.0|01|south=+62|west=-153,6ed7acc3cb03900b0f347ac210505411098c6bda9c2a6df2188cc1923d86f60c,62,-153,377,615.5671679311714
01,rgi7.0|01|south=+59|west=-137,7105f57a1ab5f4b2063beef6a1d169dc263011a08af394576c93abf8f5c7531e,59,-137,631,1902.5882381226188
01,rgi7.0|01|south=+57|west=-154,7138f43d826a400367ecda36d243a023bca8669ec5f862325ed586ef16973d39,57,-154,69,27.45690059163347
01,rgi7.0|01|south=+59|west=-138,72b7a57ea217114091474855e28a7b9c87d353271ee36076a64698e10afd3c7b,59,-138,535,2076.416714220668
01,rgi7.0|01|south=+61|west=-143,733dee2662b139e5f4b8b58875571971949ecb98802206bd823ca1d18e0103b5,61,-143,408,1456.285662902164
01,rgi7.0|01|south=+55|west=-163,745ec075822af36f0f9c58942327547793d6d36c63b1542485e74320d9d78315,55,-163,42,33.02801052716257
01,rgi7.0|01|south=+58|west=-132,797777c600a2006700c584cfce72b0c718d957881929559a30c0fa6c427b4a29,58,-132,22,10.004110022804717
01,rgi7.0|01|south=+61|west=-145,7b51e5bc83e06d5c8d9035fe661f3b3e84fc2a99ac138ed9e533879af2164b63,61,-145,291,581.0029371461518
01,rgi7.0|01|south=+54|west=-130,7bbac7ce637937bd4f5b8c504c7af1fe682729ed46e947fb6699c0b58e5e818a,54,-130,157,88.96717948663627
01,rgi7.0|01|south=+56|west=-133,7c287984aaffff3745aca934b62532d7deea2519cbcdcd28d1403de590fc2d20,56,-133,160,871.7722115615227
01,rgi7.0|01|south=+68|west=-155,7c3fd8faf4aff8e2cbd8c28c0e5c5f57e671fc152d87c570a50ca778c7336741,68,-155,17,3.099764134646347
01,rgi7.0|01|south=+63|west=-152,834fd5fc6116d7a7e730a188208a2d7492839166735f31078e6b4ccaa43d8cd9,63,-152,89,320.39935123508604
01,rgi7.0|01|south=+68|west=-151,85e8a2e18e7d9731ee0ca117e8e928e8674f54f23bc1ee5f6b8645953a0097fa,68,-151,64,18.090321715118662
01,rgi7.0|01|south=+59|west=-139,87d9035f7ef8669618a3902e7f8486d1b0e75db2ad21324408cef3843f4a544a,59,-139,556,2794.3724516154484
01,rgi7.0|01|south=+62|west=-149,8a62d0c394cbb12bd2c0982843cc47649be4fc28794f3fe1beba2e0a1ac8aa0a,62,-149,184,297.8331320174765
01,rgi7.0|01|south=+62|west=-144,928c7abb41500e47465e393502a4b25ad4825ca5aeacc09accdd071b73ea4ee7,62,-144,162,608.5323415898524
01,rgi7.0|01|south=+58|west=-135,932a89e5cea5e5e6f9dce23d10a57a0941356f82783c998fa6b425344211f1c9,58,-135,388,1859.0964041948534
01,rgi7.0|01|south=+53|west=-167,951feef162db19268f1f6992035b244de8a07d88b895690e12914a9710231fae,53,-167,58,57.507228047419154
01,rgi7.0|01|south=+60|west=-147,959b7143c66211b692e1c554db44d70fff5c4a58642d2c4e5ce53bc24e1e3092,60,-147,55,72.92726993715331
01,rgi7.0|01|south=+60|west=-145,9642b32ddd369aff0754fd980394db34d2be86bb830a85f4f865494998201294,60,-145,277,826.6195828089886
01,rgi7.0|01|south=+57|west=-130,96a41bc176d9b5a2b2f9a66883837627f252f4018f493280ddc67c11bb88ac41,57,-130,207,137.53610152972422
01,rgi7.0|01|south=+58|west=-136,9fbc6168977f43ae571d3944967b5186de6db4a3440ece804d94954341ac3aa8,58,-136,240,199.57206653071194
01,rgi7.0|01|south=+68|west=-145,9fc84fe3eb4ee94a58cc0705da55a11b615c0d37f8366bafbef5a5e2fcaef398,68,-145,25,8.681908964181861
01,rgi7.0|01|south=+60|west=-142,a190bd87fbaba2375bfbe4742f553ca8d3a09f3d828c114aa295296316248d79,60,-142,339,3768.2151573629635
01,rgi7.0|01|south=+61|west=-140,a593ecc90e2e25cb35f899fd7397125c80fd5626062275892e3bd33c45c74794,61,-140,171,649.589531251727
01,rgi7.0|01|south=+59|west=-148,a5c66319c7a8e0cee62838f82a278906941363855b6cfc01d30c5434bc6a2eda,59,-148,20,2.312687478249675
01,rgi7.0|01|south=+57|west=-132,ab199f8bd2d08052aa09701c0aed49398aec1f7202f47b0f228ff48948a254d8,57,-132,629,938.6723598576061
01,rgi7.0|01|south=+60|west=-154,ac983292e3b7e93f462f55d5e4d2807fa57a51f7630fdf031af290bbda0891a0,60,-154,988,1316.4665547946938
01,rgi7.0|01|south=+59|west=-135,adc254b4882f5e275f05ea90a7b82abf769af4c5d69194e7a4479f392b3c6e3d,59,-135,467,1656.4238000202656
01,rgi7.0|01|south=+62|west=-142,adfb947a8f66c4701ed714f7f6679834f74905a0810012e0a3aa9c3283540615,62,-142,47,51.24233459511969
01,rgi7.0|01|south=+61|west=-147,aee7a3348007a90c4c9df70611280960b5e1a81396020e72ba3ab71e4991e052,61,-147,351,1224.8840375146067
01,rgi7.0|01|south=+53|west=-169,b0619eeb4437bc1f06c9c9a3c9de47c96f8a2fc028c1e0ec8a7e716dd1db0b8e,53,-169,23,43.99800486973061
01,rgi7.0|01|south=+61|west=-141,b2ff7ac6c8c77d0f65508bfa521df623a5699dce6b37b3559ded8ebda59b8d71,61,-141,291,1736.724921698704
01,rgi7.0|01|south=+61|west=-153,b3379619d4bc35e7fd6a67e7598d9220439730d7eb44ae5b13c43ae0d5f043fe,61,-153,510,1904.9401892503324
01,rgi7.0|01|south=+69|west=-144,b7f583b23f8bcf809b8f7062cb0fe24c94e38af5553d8424b1cd48241f8bad6c,69,-144,149,107.98270391790184
01,rgi7.0|01|south=+57|west=-135,b96f15287e64019816dce3869f13efe7c2c8139a328a8bac05e2f834c019bfd0,57,-135,54,31.889951693836284
01,rgi7.0|01|south=+60|west=-141,b9bbb92e0eb4c32bb72da3c1754e4dc025e96600b5237cdd17d5eca10e8b8b21,60,-141,239,5928.643887200636
01,rgi7.0|01|south=+55|west=-162,bdfe2c351a1b2265eeb95502d37d747b1c56a775a53c1a1b2965f18e47e717c2,55,-162,29,58.53535365356052
01,rgi7.0|01|south=+59|west=-134,be1b7e172cb7753dd9a415498342d159ddaa0a325862598796852177bef5506e,59,-134,14,16.773264598924033
01,rgi7.0|01|south=+57|west=-131,c40d285ed1d1209852e64a140067285d0a300f8999003129fe1cba1648944547,57,-131,292,286.2819441225265
01,rgi7.0|01|south=+59|west=-151,c4f5c07701ee6e79137d38f4b8adde97a99afe5d83dc63e20723f735f0f42ffd,59,-151,407,1257.7157578721603
01,rgi7.0|01|south=+63|west=-151,c4f64799ddf231aee7445cfb13d580aa7704d991e32e21944838af3f7901f795,63,-151,187,915.1168849703471
01,rgi7.0|01|south=+60|west=-143,c9b1639c1e538657938c70146e136b516a29e424890cb33820109c2ae74ce824,60,-143,620,3659.3343808822783
01,rgi7.0|01|south=+57|west=-157,cbe31a04d490ada8c2f9a5dd1c075535aa9c16434e9b2671bfa24c7e6cfb343e,57,-157,74,111.04045052623646
01,rgi7.0|01|south=+60|west=-146,ce4e06fe416f34d970c4fa309d4a208ac00037bfbb3187d7c650d511d920a31e,60,-146,273,1225.5876927026861
01,rgi7.0|01|south=+57|west=-129,cead782325976e9b8e14f68453e31006791fd279fb92acbe3d1d2893f174c9d7,57,-129,57,16.990824565606456
01,rgi7.0|01|south=+58|west=-138,cf0121018ba7e74b0ffe7b97f78d001571dc6d8644d5e787eedc54016c8cfe70,58,-138,309,1510.6950971841936
01,rgi7.0|01|south=+59|west=-140,d0d7674a88333fa8250a5556e80374a8e3d8517d2a261be383659af4a8cdd570,59,-140,237,345.26570288389274
01,rgi7.0|01|south=+61|west=-154,d10c2cf40bb3596f73bc6715beebe4095a3da564e0314fa71e13e5a7743b0e10,61,-154,665,660.9008744828886
01,rgi7.0|01|south=+57|west=-136,d449283859c41d12971c3866f9a7700c7e2dd2b62207c0609dacd22d77ec13a5,57,-136,42,19.0885529225312
01,rgi7.0|01|south=+58|west=-156,d536922f72c08c769a779c4a9009077a04a62065d0b472238209b6114e2e538a,58,-156,58,118.71327290413886
01,rgi7.0|01|south=+62|west=-145,d6e89b55d44f028d9b60a8e4044043102d93946646c3a37ef18993784602642f,62,-145,112,530.3637317054047
01,rgi7.0|01|south=+54|west=-164,d7405a2209c162c3528230bb88057e315eaffbcd74bf52a2affa5c1ec7fee9a0,54,-164,38,116.7634644388428
01,rgi7.0|01|south=+63|west=-150,da08711e373eb8a2ae3704d452ef05473599e16c20cccef68ef3ff0731039090,63,-150,79,74.97827009783369
01,rgi7.0|01|south=+58|west=-133,da2922d348060fee2d41d275713c999b953c690867d036520d2f3dc81772ae2c,58,-133,415,515.585130682881
01,rgi7.0|01|south=+61|west=-155,dcfb35bd6f1a26b920b50a7264ade4914ec49ee14b02f86ebbc7b7ae22c19dc9,61,-155,123,105.12688103100659
01,rgi7.0|01|south=+59|west=-160,dfe580363657b273755b58a44b2019ea71eac885b7053af56bda7cd7aed3485c,59,-160,46,14.501233831076336
01,rgi7.0|01|south=+57|west=-134,e1f57471af46ed3c5f065cdec8d3f28da4c8682d6179538b5df70e47ff96dc7b,57,-134,289,282.16086517597284
01,rgi7.0|01|south=+68|west=-146,e695fc029eb5c57348057fb8b431273bcde00024f1b3b00259444445c407def1,68,-146,10,2.127696408178178
01,rgi7.0|01|south=+59|west=-150,eb3a05c108f7edcbb74a6054b971213e277b637111a3db7137b724192227e547,59,-150,75,325.79848447628353
01,rgi7.0|01|south=+61|west=-139,eb9f3c4dbb11565bd9ab9ccbb891bd95d0b0e6fc6f9716f4f2911289226f0aac,61,-139,33,11.35008748471669
01,rgi7.0|01|south=+63|west=-146,ef921ba8452d2ae6528fd73e9c5dd7c4823107526810b758a2aa208f878a7e9a,63,-146,221,705.9235568854198
01,rgi7.0|01|south=+59|west=-136,f053517273dd13179c3a1eacf987c217563ceae3774b20f0e2ad141dbb9b5fb1,59,-136,844,1305.0433334685372
01,rgi7.0|01|south=+57|west=-153,f17866150ad0033f48c812c89b5a76b3d926aa5b515c744aa8b674c6fa028980,57,-153,16,2.071727845645398
01,rgi7.0|01|south=+62|west=-152,f1d714cc06c646da8c0d43869644890c6e83fc2e86cc6179ef22b85d80513a5f,62,-152,227,1198.6459433635769
01,rgi7.0|01|south=+56|west=-129,f7454771b5c6f6a1e430fd825d44e2ed97cf282d1a1d46de72a9fe1860e1950f,56,-129,33,7.346592692917449
01,rgi7.0|01|south=+56|west=-132,fb50cf7d0c528ba301c5071576dfd214a5f9c950e04d8c000136d930b4df4f2f,56,-132,795,1127.5243471762358
01,rgi7.0|01|south=+62|west=-155,fc92c9ec8bf37ba5b4c694fda1136f53b0c520d8ba3fc743e8b37244ad5ecdcb,62,-155,25,18.869475498827605
01,rgi7.0|01|south=+68|west=-144,fecb5b63258d45613d8c2b24ae91752cd36c5c8f31239ab27ca6f13d1d293a49,68,-144,15,3.229264482827146
01,rgi7.0|01|south=+58|west=-137,ff5affab5883310b5a3f8aa0647d5a0559a282e679579e2dd2b8fce71a7924c5,58,-137,262,871.5023522226703
11,rgi7.0|11|south=+45|west=+007,0a75db72f96d14931d6e78c41cb17310ce639e04c55629de12d0424500b92f11,45,7,450,344.7363151875078
11,rgi7.0|11|south=+46|west=+012,4494c47fd1c92881fcc314e9a8d290268891008f6940b19ec9821172bd568992,46,12,84,11.096652594396984
11,rgi7.0|11|south=+46|west=+007,60cc187b32a4ef068c54eb17116efbfeefe1e7e64d6babd6fe50501c7be5f773,46,7,477,407.1265805134388
11,rgi7.0|11|south=+46|west=+010,66979252d0ac8ab56e79d5671a6f5dfe834179cf5aac9291fefa49c85ecf047b,46,10,553,296.3389317874015
11,rgi7.0|11|south=+46|west=+011,6d3ecaaacf3ad21ab524d2d484c483dbd0b1bceae73110d409d0f32c06c2d564,46,11,138,55.49846449972724
11,rgi7.0|11|south=+46|west=+009,6f491c1b7a4d8c8a50fa8bd82c539f43d963347c0c9324d1624042539080ec96,46,9,373,128.19033996778734
11,rgi7.0|11|south=+47|west=+011,73d0d857bdf8b1bcc2f38d1166c96fc41b3309d20ea75afa99b556745d8b15c7,47,11,137,49.72261610722008
11,rgi7.0|11|south=+42|west=-001,7f885d4c7bebc7033937abab5dded1942a1b6015cfa3e840aa7796f305a4b5be,42,-1,13,1.266423971895506
11,rgi7.0|11|south=+44|west=+006,8604b8786462ef7a137c162b631db3f3c4cb29747e75bcfded42f6b1585f0728,44,6,287,65.06882700195555
11,rgi7.0|11|south=+47|west=+012,877249c7462c39ccf8bec503da8d9d7811abc64d1173a2b4bbb36e1186eb9cec,47,12,274,135.17155219367325
11,rgi7.0|11|south=+47|west=+013,ca8a83bc22730a62b0b23454cba44750bbd9817918e473c7662593f926f6e569,47,13,68,18.18487496521334
11,rgi7.0|11|south=+46|west=+008,d8c04cb1341bc6098b813b77f884232c797175a755e158091dde4a8525981574,46,8,724,343.5484329268853
11,rgi7.0|11|south=+47|west=+010,da47dfb3593f2071ccc8bbdcaff9549baf1c53f358bdaaba62be26bd999f2d29,47,10,74,9.369981824047946
11,rgi7.0|11|south=+46|west=+006,dd650f4b1f07f6bac4e46c409af34ecf39b9c27b2d9da0f9a8550ab546b1c08f,46,6,38,8.785938416598201
11,rgi7.0|11|south=+45|west=+006,e5ad352552e38f92f2c8460be56fcd8aa00d9f2db2f20cdc335e7980d3dc8b60,45,6,312,242.6133033315229
11,rgi7.0|11|south=+42|west=+000,ea5f75bc96d1f4f6747442645103409fd3ad6a6c8659681e2b1ee1e0fd1ab27d,42,0,31,2.891445083482706
13,rgi7.0|13|south=+43|west=+094,002eae9c6e63bb8b86dcc306c8866842861c87de413942ea69d7d3c31cbc1715,43,94,142,105.7422673575804
13,rgi7.0|13|south=+42|west=+094,004bdf56b52f0d2aa7a2c63d3b7498f1692a804083caef5442bffb1f16b5e4bc,42,94,22,8.223427741398975
13,rgi7.0|13|south=+43|west=+089,020c8af334fbfb244c18feff30ca0dbb78f5137abc6138488a96f4b5f21805f9,43,89,129,27.910549031148655
13,rgi7.0|13|south=+32|west=+102,022214d1a29850c504802167647a1158d3c6cc30fa571e54c816b111b749a752,32,102,14,1.478751333756417
13,rgi7.0|13|south=+35|west=+095,031e954e9875c0ce95c9a50eecc72568181552308f4a6ab166477fa2999a7b68,35,95,42,6.33299886916884
13,rgi7.0|13|south=+33|west=+092,0366e639a84e9cdbf8f74f94d6de82243fde9828d4cd3a7022bafdda90cf1132,33,92,128,137.8100220416015
13,rgi7.0|13|south=+29|west=+087,043461b3af4a08e49bf11de6f25aa8b9bffbf58b2308cfd8309dac559ad727f9,29,87,112,13.626194616378214
13,rgi7.0|13|south=+39|west=+072,05133b1d323309d032d0ee4a799b74e918cd00427782c9f9700081ddfa61b797,39,72,1505,1297.812174920906
13,rgi7.0|13|south=+37|west=+087,0528ebce80eccd2c5a4f41234234d6daf3396f3d654759c3404530234381ebbc,37,87,485,258.4313384464884
13,rgi7.0|13|south=+41|west=+071,06c2cd83b7e9a60f31b4d6b98db41b111dde02e9dd02272d24afd43d5a6e00aa,41,71,202,20.80012051249317
13,rgi7.0|13|south=+36|west=+084,07fc31ac63c64d9f076acf90ae01e57a7dc9533a163791ed770c3ad2ce836cac,36,84,254,176.77990395188564
13,rgi7.0|13|south=+45|west=+080,09293b783b72faaffbe2cd8dc4c8e0fbd324a7c009531e91b03e5f815aecc437,45,80,256,195.91289565552438
13,rgi7.0|13|south=+36|west=+078,092960f1fa0fa2685e10d04fa1ff1c4aea2516b7b154ab54394b92b0245e5758,36,78,1145,635.4820631816149
13,rgi7.0|13|south=+29|west=+095,0946edc463319caf1d32aacec71778bdd858c931bacabfcfc48755db7998cc51,29,95,41,97.97262279792042
13,rgi7.0|13|south=+42|west=+080,0a29fca38e0c8255366ac764cccb3f3446be4741785bbeb6d6f55be9de8915e7,42,80,996,1865.0088801538793
13,rgi7.0|13|south=+43|west=+077,0b6e1e0bed04d694ec448d68cbfaf1efae224dfedd74b3e033d8105ee2308cca,43,77,246,225.37002373370382
13,rgi7.0|13|south=+38|west=+089,0dfa029c87fafd632c44a34d3f04966219fe16194bfe4419cbd4fd4ca69bb6d8,38,89,173,99.19017205289757
13,rgi7.0|13|south=+43|west=+087,0e2b01528bd4a3675751026d2f620666db2879a843be061d8044699008babb99,43,87,136,32.265411739219125
13,rgi7.0|13|south=+35|west=+093,11d73dbe05a2a89845843ff10612a61e54a41df9331c0a015cce993754686e0b,35,93,177,104.84659202454216
13,rgi7.0|13|south=+38|west=+069,12a1c691649cb46b4bad83b3e2366b8fc8cae364f3877aee19d0a930a197f2dd,38,69,134,26.463332655791962
13,rgi7.0|13|south=+34|west=+079,1352d95a71fca33909dd0e4afa6f98d7f9692481f5dda440732b0795d785676d,34,79,395,304.37924506320553
13,rgi7.0|13|south=+41|west=+079,13bff9000a59dce87c9c4effc95f452ca91efaacdd4511a1964575594d09a144,41,79,471,524.6620160344286
13,rgi7.0|13|south=+32|west=+103,15cfb7e9e09563a58baee31b3bc8fa07d1ae7bd89a79ac0959e153b4120c109c,32,103,12,1.550495696212986
13,rgi7.0|13|south=+33|west=+080,16a88687959023c16061d587797e7ebd1a9b54fd19616304d655507541517d4a,33,80,16,3.581974099573875
13,rgi7.0|13|south=+29|west=+088,17913d6e5c76ab4293fba2267448830d756808697c6350d0b6171854bbab1d28,29,88,74,32.79083525830319
13,rgi7.0|13|south=+29|west=+090,18f12697c364c3c0547c84e4e71e9f59369933e822fbdfde363cf339153578fe,29,90,318,105.48743781952182
13,rgi7.0|13|south=+29|west=+093,18f4ebf4fb39cd7ce6a6058d0fdd19ea303528a36d23a0ad75c9a568c89f3e41,29,93,497,121.54501226507551
13,rgi7.0|13|south=+35|west=+080,1a803e4c55c0ab03f43416a73fd1340688160e8963384432c4aab2c4fc455556,35,80,1052,2065.3680937661734
13,rgi7.0|13|south=+42|west=+085,1acbfff204fc555b7f389db057e1ba6c1a4bfb3f030b02be40a3e10d1688e472,42,85,321,152.12861807727904
13,rgi7.0|13|south=+39|west=+097,1cefd2e9e08c3c4836e30db7f6f9fa21d739e12c5667617c3977cb31e37c2f6f,39,97,149,43.53985405497825
13,rgi7.0|13|south=+42|west=+077,2116d7e2b1aa02098793dbfcdb4e0e386d3adc3159f8b7b85aa6de169cd05463,42,77,433,279.4277456014453
13,rgi7.0|13|south=+37|west=+072,2487edadbb463cb1166281c120784414af7c724ee46261c06db8fd9a31287c6c,37,72,1648,827.7626784165742
13,rgi7.0|13|south=+35|west=+088,25862969e60ad0f0c0c533325c87bbb7bbdfb3f30c2dec35640c7914bed5a233,35,88,61,32.786650641789535
13,rgi7.0|13|south=+39|west=+071,26ff7d8c4ba568553ba7928c8200977d596cb9ac352333243fc6b032fd2fbbac,39,71,1283,852.9823765062899
13,rgi7.0|13|south=+35|west=+078,279e95bde28328ca050213bb265add83d3dab384535de30ea62ef9c73b5ed6c5,35,78,859,408.98238979674784
13,rgi7.0|13|south=+34|west=+082,28aae27d1e784336ebe52bc59c823452f22961024fd6c4da15d0e9b98d68642d,34,82,190,263.75634887648783
13,rgi7.0|13|south=+43|west=+076,28f3454364ba2e6b0702400380be327cedfc909c640551d19cce8873d0df6ef1,43,76,16,2.545133502282918
13,rgi7.0|13|south=+32|west=+091,2b358ae67e654e901013473c3d3eb43114186a3bd0da4b78793a7b83c54934fc,32,91,40,42.78374715186543
13,rgi7.0|13|south=+30|west=+087,2ee138b0c3a38b0179434acdaa5c9f1817e19cf4e7ebb14d8adf36f739f142e2,30,87,44,7.020876507912081
13,rgi7.0|13|south=+34|west=+084,2ef538289d14849bec7a29f6b75589854459c60934c1cacb69e957e4541a83c0,34,84,13,2.789311509610318
13,rgi7.0|13|south=+30|west=+082,2f426b1aaeb7921756892cbf4342741bc8d46f565c13ef51fe3a301616acc315,30,82,413,343.42179154180513
13,rgi7.0|13|south=+31|west=+095,30c6bc16dff177c5770025b488f42b4df0b388d569e0f25b60a61a610a40f74b,31,95,355,106.91775415758244
13,rgi7.0|13|south=+43|west=+093,33811846ef032aec02e8dea62a5df4f68bafbd5d5fed83233675bff745685bdc,43,93,60,14.447652016209625
13,rgi7.0|13|south=+28|west=+091,34eaea154aa316f109440d661433d16bf82787dbb4c33f7946b2d0e1917146a1,28,91,77,24.19632822660484
13,rgi7.0|13|south=+42|west=+079,369e92a26376eeb9dadf00e6729875e9dc7c1ad3f0f0aed95d40b7bf9d4b381d,42,79,728,612.1803288097443
13,rgi7.0|13|south=+37|west=+086,37a909d90e3c390629cafcd5e0a44d6f72371a6f590f85922b199dc84b7976f1,37,86,72,19.116711665495636
13,rgi7.0|13|south=+39|west=+098,38b2a5a808ae31f3db5ed005724614b78a69b31088061fb4de01fb1e86690b51,39,98,449,169.7601854642579
13,rgi7.0|13|south=+31|west=+085,39600daaa3447d763eef5b34c0e246565c95612d2c9073ae9ead3e5ceb22c56b,31,85,69,52.91553712483617
13,rgi7.0|13|south=+35|west=+091,3b79d15761b49f141a0bd87b2dd12ea280485354f78fcde1fd9a3f0d51ead335,35,91,85,113.28612257543524
13,rgi7.0|13|south=+35|west=+094,3b7b5ed71c7e22a0b485aa097eaebd87d1809f6339142bcffe1b03f6d499cd54,35,94,322,158.70517434731917
13,rgi7.0|13|south=+36|west=+076,3bddf00775b588b7a423551396b53558c99c962c30f45c77ae4220818b952edb,36,76,257,121.8160469077089
13,rgi7.0|13|south=+34|west=+086,3d28ce8394e9bd3e6649311f482003d7358504cbb77f7acec21a07f8cbfbe8d6,34,86,23,21.272110438467916
13,rgi7.0|13|south=+41|west=+075,3df3d3884ff6faaeac70e644cfeb5d62f9c5b94fdd20a93ac835d61616f78618,41,75,57,24.5781239293907
13,rgi7.0|13|south=+35|west=+097,3e01851a3867ac10aacda8d48ddf7d3a8224a6301da6c6b32156a1c02d9d08e9,35,97,29,3.268781590280446
13,rgi7.0|13|south=+35|west=+092,3ea95c6c8a88b9840950abfc8356f2824a7815ad81b523b800c63ca23d604763,35,92,62,40.796693954045445
13,rgi7.0|13|south=+42|west=+082,3eec9b7b9ad32943e52f9499265a08a9f406c143cfaf7eb24cf8429437953761,42,82,844,303.112126163853
13,rgi7.0|13|south=+34|west=+099,3ef5c96114f7c215755bef4727d1874c94f9394ceabd465b00c453ae9e61688f,34,99,86,100.56366147362507
13,rgi7.0|13|south=+36|west=+072,3f67bee55f8c1c49b93c02b81bd2a54adf09b29a1a6314edc763df42528ec109,36,72,13,1.879447656664397
13,rgi7.0|13|south=+33|west=+094,3f88ac42391e0a2d4b2d7fb725d8dfdfda0aa7226625ad575dcb1c669a8edf64,33,94,326,160.39050570306264
13,rgi7.0|13|south=+42|west=+073,402704c23fb2ce36ea289565f0c69f9ea990d2401f6641bffb1f38031252999d,42,73,410,62.35485865104618
13,rgi7.0|13|south=+34|west=+085,40f677f2308e6f03793bc0f94d5521b54769ae42a2227170049e97c676b826d0,34,85,145,342.04419585415917
13,rgi7.0|13|south=+45|west=+081,43087fa28200f76bbc7066311b7b1cee3b8737d0981e75566cb2faded42d2807,45,81,88,22.421307550398154
13,rgi7.0|13|south=+30|west=+091,447fb1a0de4e00d9f465ee575b4d4a1831fca4445165ffc31fe03d154175baf7,30,91,255,118.1005425707301
13,rgi7.0|13|south=+38|west=+097,45bdce6371b813ee0c08d5de090d15628ca6637d23f4fa60c2929eedf1810d57,38,97,594,450.75020253779235
13,rgi7.0|13|south=+32|west=+079,45e85b34e3b2b276ddcd376fa5d7187921f039ab99f57b5601f40fe6ac8ccd47,32,79,29,4.805234645604889
13,rgi7.0|13|south=+35|west=+077,467b944ed4f6ac09ff2a556470764c05b49643ce88102bc41d9b33ce1607b806,35,77,45,40.008410424530716
13,rgi7.0|13|south=+31|west=+082,46c027604fe7379d1f16890118df208e1467ef8d33dc12ee005b6ab9c4b9a3b8,31,82,147,85.25157965101022
13,rgi7.0|13|south=+41|west=+078,4940ee130c212ae68269b125bb7e61f8b8ca78be3a30398b6d6a2c9ad1f65239,41,78,977,676.1988403511226
13,rgi7.0|13|south=+33|west=+091,4a27606cd5891ebcd5244aaac2c5b92450fae7e682adec7f80beddeced466d19,33,91,302,764.7883817314424
13,rgi7.0|13|south=+38|west=+071,4af1f69e54bb281c4550e46d7aea566383bb24019a1e2c200599a450080c5409,38,71,1727,1215.5660685839655
13,rgi7.0|13|south=+33|west=+079,4b0bc6829a7f11770f9bb9a87232e308db63d45599a89b1d98efcb763e31c640,33,79,583,154.30162066083145
13,rgi7.0|13|south=+29|west=+094,4e406d972217b03caf8a59328d116b2549e24a41a952e8442a16da33d229e7f7,29,94,197,168.90474184328076
13,rgi7.0|13|south=+43|west=+083,4e828922376fd8fb7ce0ad2456a921a3cf05bb544e255851745785d889cad195,43,83,444,310.55695157968114
13,rgi7.0|13|south=+36|west=+083,4f2db383017c68b06492e17b9e214c9ede534e975b15e7d4b08abfff5759a550,36,83,77,24.31685637717233
13,rgi7.0|13|south=+31|west=+088,4fc4ef91af376c94b71fd5feb24e009384295dd9656e98d55a3856464374e36a,31,88,21,5.592672026093248
13,rgi7.0|13|south=+38|west=+067,50a8ac589e394da760fade2162db182d424c9514c3c17f8b28d88a5936ffc449,38,67,146,12.250952017085108
13,rgi7.0|13|south=+33|west=+090,5242f9496340c58da3954c366780a74b289a09e2de49e6ab614370931efe58df,33,90,92,279.19320747529633
13,rgi7.0|13|south=+39|west=+073,532f0cac1084ace970b84c5539cb646d9911d35ea5445a296344da3573ba8daa,39,73,934,865.8984268904952
13,rgi7.0|13|south=+36|west=+087,53740e4d4fb61c0b203d15605d0542a3b99b09724a265b6bcee726db57d7f12b,36,87,230,661.1044450996809
13,rgi7.0|13|south=+36|west=+071,54a10c76eaa9480689a83714ab7bae4539b243865a04b03904bad3926b8b971c,36,71,405,141.2072123380571
13,rgi7.0|13|south=+38|west=+098,554e10653b085809d08e1f0b494510571f5445fb91b2e1d49160f8aa166d6bbd,38,98,334,119.92430962523312
13,rgi7.0|13|south=+38|west=+095,5632faaad9a188f3c96aa51d4a8ee7f3c42a75f1c72c0d44f737453adef396f0,38,95,274,137.49324001386472
13,rgi7.0|13|south=+37|west=+101,5680a936435672bff62d1dd9fda6d63bf808e4708d34b5bdc6a0dbf6c4daea22,37,101,150,48.01253858967548
13,rgi7.0|13|south=+32|west=+092,56e434166fc93a4e9560c8d94af700ace2714b667ec49d1b00b6412ad186526b,32,92,449,285.5379017496369
13,rgi7.0|13|south=+40|west=+075,5754c4e1ba31101bb9df024fd45e2627531b6d83a1369f47f6635669ec5521db,40,75,201,75.65790386582772
13,rgi7.0|13|south=+38|west=+099,58692394b3792b960368c7a883dc47652df91f30439f6cfeb47c5251263d3214,38,99,248,48.23525461025573
13,rgi7.0|13|south=+30|west=+084,591a2abf7ad1004daa676810df97cf85a1cf5289fb031418c044edebc42ac1ab,30,84,237,95.8335919778014
13,rgi7.0|13|south=+38|west=+072,5ac9db24d31fea90b3700b339e98b7cea235dde5f8092dae260678f66cf80d91,38,72,2184,2483.364155244899
13,rgi7.0|13|south=+31|west=+094,5dc75ff661665d52e8db6b09f2f055a788ab8578e48158d3b979602282feef3c,31,94,287,190.4042417920605
13,rgi7.0|13|south=+29|west=+083,5efef2ffbf809392edc0773086f3e66c4e0aab1a94b5a7598206376edf192515,29,83,261,102.39299142605314
13,rgi7.0|13|south=+33|west=+085,60acd41d52fb05718de583affac33d3a6f6962aecc9a498e5ce464c5efb335b1,33,85,32,21.777380993631283
13,rgi7.0|13|south=+28|west=+084,61888fe4da729ff9280b8f6f33ed7e716a15d9ec02cd5a962975c29aa7101e4e,28,84,142,115.95521427592143
13,rgi7.0|13|south=+40|west=+074,627ff0ba02a80176ee1ceadf0a24e8d612e7546791ce461878deecbc0253187c,40,74,669,188.09684173815867
13,rgi7.0|13|south=+42|west=+078,63c376d73c97213265f9f0b4a48c55428540594e40ea44dc6ff7fd0ec4bab57c,42,78,815,615.9753186782384
13,rgi7.0|13|south=+39|west=+070,659d80e8bfb2432d726f82fb2adf49760b3d16a42bc2fada16f0063991a1f743,39,70,1215,732.094217751394
13,rgi7.0|13|south=+40|west=+072,6d425b8cd9e59941472451d2b268ed4daa717c3ea75c9c565d9b1a1b0276e5f1,40,72,29,4.84160083516138
13,rgi7.0|13|south=+37|west=+071,71e034409870919b48ebe9d6c7672ab645cef6f16a4f46a56a22fdc64113e7f9,37,71,1084,356.49922035452
13,rgi7.0|13|south=+33|west=+095,72fcbea51cad4765194e47dd2a03fb492007f62c9d53f8ae1be2533ed995a4f5,33,95,315,61.575860615907786
13,rgi7.0|13|south=+33|west=+101,734b0eafaf11584e58eb83ed6484b3136f3921d1feda8587ff5f117476286944,33,101,12,2.657167404970844
13,rgi7.0|13|south=+36|west=+077,73dad2aea5dfde51d316be216151b8a74c1fd616b97f817427c962dafa8c6863,36,77,1038,727.4885149564183
13,rgi7.0|13|south=+35|west=+082,7545bb365016f36dde29b851138964dff797354b86cd6d965d09376bb2c5371e,35,82,367,481.6672415743167
13,rgi7.0|13|south=+42|west=+083,79cc454ca4a34b77bfb6462561884ba462b33a77d12bbb9b1eb2f5ef231fe44b,42,83,434,149.08327815890559
13,rgi7.0|13|south=+42|west=+086,7a28a615c0af55c560d6f279252a7b8734bf43e6bf8d3bdced40a1319507e11a,42,86,50,13.088879901454048
13,rgi7.0|13|south=+44|west=+080,7c8cae51d31e7567d921ac9b9da440d18b4c7deb0614cdbdf72208b983dcf7e6,44,80,511,185.29202256977777
13,rgi7.0|13|south=+42|west=+071,7e2335e6866a1255fbf74e912684a1de73cd093165c567a6c5a4833914993ed4,42,71,350,80.28511780352002
13,rgi7.0|13|south=+40|west=+073,816c5821a9e8c86a122d8c99eba9c83f8fecb0987c04a04347ec359f7de42417,40,73,178,28.012096543096582
13,rgi7.0|13|south=+34|west=+078,827d982855cc7da334b1cec34d35956458365d975980ea06e0aaf2edf8029bf0,34,78,273,87.19684715612061
13,rgi7.0|13|south=+32|west=+087,82bfe44d5218566b064e3865eabb0427b0e99a923fdcae2928769e53a8d54913,32,87,59,66.37207219176933
13,rgi7.0|13|south=+42|west=+070,82d74060d5e04d2ef4511cb04c7045dba4473986c669c823c9332abb9c44c94a,42,70,347,80.23011820814116
13,rgi7.0|13|south=+37|west=+073,85358c0d5a96412d81b79bc0e41ffec8e53a3dae0670318cda4b690effe6db08,37,73,1575,585.3940887761438
13,rgi7.0|13|south=+41|west=+073,8572298af980291ef9ce9a342be030b2148c97d1643e71c52e3214b369b3046f,41,73,107,11.561426594980404
13,rgi7.0|13|south=+32|west=+095,8575802db25db8752ff46064e272454c5f5c2098de8e392a6021ebed0bee3811,32,95,102,14.295849243022943
13,rgi7.0|13|south=+41|west=+076,860d2cc1c756d0f984d9371288dd48dc0187b1076ea2e81c8097eeea22d47387,41,76,701,265.32767070413104
13,rgi7.0|13|south=+36|west=+080,86ee32f74eca522686fd7b665f023ae5fb1095a5665023e4a6f0916f423e0e0d,36,80,170,101.51586847760196
13,rgi7.0|13|south=+41|west=+077,86f4086171f3a738df4b35c40e44d177a2212cb6752dd35bd66cf2e37b60af9a,41,77,1898,1041.5179855111426
13,rgi7.0|13|south=+33|west=+087,87563c4466ec67b2483d9aab308185455ffe35dd230ca9e4088538e3c94d0458,33,87,18,5.694273540515034
13,rgi7.0|13|south=+30|west=+094,8903dca2d0cdd46736d2487b43c71d8b110ca75f1304c6d457e14250abafc685,30,94,1543,1664.6741433410978
13,rgi7.0|13|south=+36|west=+085,896f854e1e400308e04d4eb4e2b41195f3b0dc75b4ab0f1bf85d76c0c6e7072d,36,85,101,46.08008424274136
13,rgi7.0|13|south=+44|west=+083,89a855a0ba9cebb1922c66e4b14210a03969763da173b6fe4f6586304569024f,44,83,447,234.56262171277083
13,rgi7.0|13|south=+28|west=+085,8a455ca4e8153871e92c118c4bb37c9b73a0f68bffb0d027c65f5167d740aad4,28,85,14,5.637751025229869
13,rgi7.0|13|south=+42|west=+072,8ac5e22e20531713ff4e6181e6a4b1fdf15f150b467b176272add30f33002c10,42,72,272,53.68727737003223
13,rgi7.0|13|south=+28|west=+090,8ad36ea812460c452051905315b590b9f5986353ddccdf30e0d0b21ead39d959,28,90,213,322.74051821314276
13,rgi7.0|13|south=+38|west=+068,8af36e9ee58cab2b60a1446a217226863ad23539394b93fb1422014e13c0572a,38,68,458,94.92593703040535
13,rgi7.0|13|south=+34|west=+090,8b975ba4bac875b5754249de9cebae09e75d80ff8e3a05e5c09a82359e1a3e2b,34,90,33,12.96461194594492
13,rgi7.0|13|south=+30|west=+088,8bbcf999084c526d5ebdd03c75724feddc46502c3d1a8fde4f0ace6530ea3e2c,30,88,198,109.68962618263717
13,rgi7.0|13|south=+37|west=+075,8c60ef89e63e8506b96c3f01dac7c2ccb70c32d646c3d177d7a71e9241c8c09a,37,75,463,129.67548982000156
13,rgi7.0|13|south=+41|west=+074,8d9d6850e9124991fc9005821ac31bdc4fe030e8e74bc4b39df804544a450ad9,41,74,52,3.567428301690009
13,rgi7.0|13|south=+41|west=+080,8eab9a521b6281d72ffa6e795ff2f3e95ed603cedc5a565435836142b588cbbc,41,80,360,564.9990783090807
13,rgi7.0|13|south=+36|west=+079,8ec1f0f65f47283cf31ba98757decff62528af9df1a90af2c81d40355a466ae5,36,79,535,658.8103459004374
13,rgi7.0|13|south=+35|west=+085,8ec938e54e9be1077b62d4505aef9e92f598b61fd9810dfc4a9258608b4a354d,35,85,46,89.0977796097308
13,rgi7.0|13|south=+43|west=+084,8f7da861b9cdcaa038baa813c0d81fb15f33d2a79fa6911d09d1acb2f41b7750,43,84,933,480.98588564546844
13,rgi7.0|13|south=+30|west=+097,91fc56b625ad686bfa2c0f3c8bb5d0d75638ec9856e67605ff703938447afe7f,30,97,31,4.26424622188502
13,rgi7.0|13|south=+39|west=+069,930ac658c8de0f095528bf2947f0317485caafcc380df1900bc80af9d99000b8,39,69,1035,299.56163912201447
13,rgi7.0|13|south=+32|west=+094,93906b4189925b5b4a9e66613eef94ee75c9b832773397155db5880b7bb2bdc8,32,94,210,34.91664931289698
13,rgi7.0|13|south=+38|west=+073,9433a8b80aa34f384894bba8f865a792d5e04746a56bf5049449767825420b1a,38,73,1621,567.1146854875991
13,rgi7.0|13|south=+39|west=+096,947a000f33040633e28cd57f85b3a3ef47890d30b513bf13595eee85fead3549,39,96,227,133.71336795316708
13,rgi7.0|13|south=+41|west=+072,95fe1dbc89b94843cf8d7ed33d2da7dae49e84ed082eb1de23abb4d64e089296,41,72,98,10.246425866635793
13,rgi7.0|13|south=+36|west=+082,96c1fd072941b125bc17062592b5fea5c0a8d3027bdb1600f3f1858e580db34c,36,82,506,172.83971210194795
13,rgi7.0|13|south=+37|west=+076,9852244a0342b2dd2ad11d7af9ff45b8fcee723ac3c9d0e966313aa47d1da191,37,76,66,11.467685884776895
13,rgi7.0|13|south=+44|west=+082,98922f7a119f21b1a183217bf37fd1da7ee3c21142bb3c801a2d5fb95dcc775b,44,82,18,1.323501866937622
13,rgi7.0|13|south=+29|west=+089,998afa477eabbdaebf7939e04263df438b3fa1c7f702332aebd43b9fca346f09,29,89,97,17.41179715840168
13,rgi7.0|13|south=+38|west=+096,9a0684643daa8fc360635d2698398db20e64f7ab39c391a00ec75828e1a76775,38,96,359,355.4444531616951
13,rgi7.0|13|south=+37|west=+102,9a8f3797353ed6b9f6a128916b13c4519b516e017b70593f4daa6dbd2a1d8c97,37,102,54,8.495203729608312
13,rgi7.0|13|south=+37|west=+097,9b7dea18dba20751c86578ce383006632864c8db9a69c5198a51e3cdd615fd52,37,97,34,5.59381352094829
13,rgi7.0|13|south=+37|west=+090,9cd26f9d9a1169e54153dd4da91e9764458669b2b29cbe0956dcc68542f36c36,37,90,189,70.53837300311555
13,rgi7.0|13|south=+33|west=+081,9ebd06bd894e7e4524accf8d25da6ef2204c9fc333fb87562ff7db4169991a06,33,81,61,29.969073560296735
13,rgi7.0|13|south=+43|west=+088,9f4c4924b75e57a5b0257f76e11db6df91b5c57ccd956160636c0c1b23959d62,43,88,285,124.78602711749205
13,rgi7.0|13|south=+42|west=+075,9f84d35df4ac2235642a86e7385449cf30e4719336e470ddd7fc0e1b64d3ec3c,42,75,215,70.00617154189379
13,rgi7.0|13|south=+30|west=+085,a3699cb4903af3fb9f1373ca05f5cfc962590e647c883f66d0483350b7822fc6,30,85,94,36.56135981512973
13,rgi7.0|13|south=+30|west=+096,a57f388f1578f79526a49f5faf6b524505aba0c13e7d8a16b2d2592e06345d94,30,96,160,20.283562699209707
13,rgi7.0|13|south=+31|west=+083,a58041a7da9e640afadd3bfa5ee0ff12817e46bcfdbfbb1461d6e0300126ee4d,31,83,255,271.0929261331776
13,rgi7.0|13|south=+39|west=+095,a5d5d28af4c181b439022ca9caadcdec0f3dcbc7800397f0563c80526a26bac3,39,95,149,75.97781868463649
13,rgi7.0|13|south=+30|west=+083,a5fe6d57c73e2955f4224010160bcd36d15b0ab21e55eff39e2a3dac65928215,30,83,532,240.63079548386122
13,rgi7.0|13|south=+37|west=+085,a65bc39d616c4bd88fb78665a5c345d99124b08b3c1d70bf04bd8c39dc8bc9c1,37,85,187,107.88130147001668
13,rgi7.0|13|south=+39|west=+067,aa1b9b925a06eedd95c8dc297851009718ca989b444b23c3d5156e014e0d5fea,39,67,170,23.5551686340959
13,rgi7.0|13|south=+29|west=+082,aa2181f28d716ec4b883158567f92910fd844586c3b88404d81420f4fab3daa2,29,82,50,55.94526026170431
13,rgi7.0|13|south=+32|west=+083,aabe7047b1baa86797f787dbe5a3fc6445ddf60b6be19663b2e9a7115f3253dd,32,83,10,1.97195069394553
13,rgi7.0|13|south=+36|west=+086,ab0de7307fd5bf0f9868a619da534abd0249c7bd50024431a58e50b06afc7b40,36,86,25,4.537386422877075
13,rgi7.0|13|south=+33|west=+082,ac6613d14369bf608511ff4dc1b62d65f340381b48ff7f374fae3a2bb1bc8b02,33,82,120,116.28928090913492
13,rgi7.0|13|south=+35|west=+079,af5d628cc1de60d590558b2de2ec0e7764582b1aceb8ac4734aefa40719e6150,35,79,710,545.235407791015
13,rgi7.0|13|south=+28|west=+089,af9c24b625a577acf071c6c2d75b559ae4e45a32547c2d9e429fa02594c4f55b,28,89,64,72.75710134036106
13,rgi7.0|13|south=+37|west=+089,aff17760dd1f118bf3ad11a1689dbd56f49e6436d7d432e251997130cf2347fe,37,89,30,14.363509830312768
13,rgi7.0|13|south=+33|west=+086,b08df32fbc7136d1091a1a06cdba9465076d963c9283e635fbd2fb3cc96ac51d,33,86,42,44.08041877714524
13,rgi7.0|13|south=+36|west=+091,b244604f207aeaa0e775b2b420c311fed462ca921a0198f8c65cec0a8b0dfd94,36,91,337,446.3102865465484
13,rgi7.0|13|south=+28|west=+092,b39bcce3605385343a284bcf7ddebc483bf1b1516f0f91691ca594c475656824,28,92,22,2.619156594876363
13,rgi7.0|13|south=+43|west=+085,b69e6831550d4c5c6b6139d2d72c35de822c82f22646236951c7a799eb6f230c,43,85,1163,761.0793319864018
13,rgi7.0|13|south=+38|west=+088,b971e32380cafb284c8d5a2e206491cc3bd5d6113d1ae1f4d0a2bc0f2d31569c,38,88,91,50.0304230498268
13,rgi7.0|13|south=+33|west=+078,bac16cedec73f149edeb4ea4809d14f25098d1f5bbb49272f9e2547ae7b4baa1,33,78,350,134.1465018313861
13,rgi7.0|13|south=+35|west=+096,bc98218b11fc702b0d989dacc6c94b42817e9e9a082096a1fc812e21ffca7852,35,96,65,11.021228044785618
13,rgi7.0|13|south=+29|west=+086,bdfe82c0fce895b9214998c111581b06af2f6895bc2203605f8ec29e16dbf3a3,29,86,197,44.541130768809985
13,rgi7.0|13|south=+36|west=+090,be7e6f7e618e446ae36b09d898dbc7539ff757f2d700ff435da0dc960ddb3090,36,90,187,350.2856502603379
13,rgi7.0|13|south=+32|west=+098,bf1f2f8f887e58f57788e4359ce57b864c93de700a3c7dac3f7c55b7298720b8,32,98,48,22.14786111713665
13,rgi7.0|13|south=+40|west=+077,bf423c92743217d19aed5e1185c17eecd0beac71a95b584f1210dec9448b30ad,40,77,98,104.92996381591404
13,rgi7.0|13|south=+30|west=+093,c17cca9ff7198036d924dbe6de7aea68425aafb2b576fe53a389f90d0d762126,30,93,1877,1180.1736373149542
13,rgi7.0|13|south=+29|west=+092,c1e29360cc36a207ad0de023d81da2966b534e393af33cf76649d134cc7fb54e,29,92,645,108.87442892911096
13,rgi7.0|13|south=+28|west=+093,c20c6672a9c15649a87c3a9005ca47d13260733463989c701506aba22c399646,28,93,123,74.48896996604265
13,rgi7.0|13|south=+31|west=+098,c2713bf44243087c00d9ebdcf7b21b8734bffbc75749373c675a2188ae3f6752,31,98,48,7.773803092467686
13,rgi7.0|13|south=+37|west=+074,c41abecf8df5a0fc97795102a0a9d95b24b2e632e1ec77b47c0d4195367e5ef5,37,74,370,71.15512090109532
13,rgi7.0|13|south=+39|west=+074,c561336ece8ef4a213803337bfc7d9d83259c58aa5b77d91b3104a8f2f4617d6,39,74,509,359.5133550832202
13,rgi7.0|13|south=+45|west=+079,c65ed83028c8029a5e911988c48657657559619081fadde3a49f314dae5901c1,45,79,74,17.646352916787666
13,rgi7.0|13|south=+40|west=+076,c8d7c108af674b5a9023a2f9c992c0a87d9d6f8aecb25c5bf01d152714742e93,40,76,238,43.02052134916868
13,rgi7.0|13|south=+32|west=+081,ca573b486c5ea263995227b889e862ef6d7a81a3a419d4790e133390da6a5c02,32,81,71,35.61749004392146
13,rgi7.0|13|south=+31|west=+086,cb6ca22f8e85f63aebbe54d101393234d00eb0a247ec3eeab8d0cbc88b49ef63,31,86,53,19.851810478505243
13,rgi7.0|13|south=+34|west=+081,d2f5679c2430a441a0fcf639e63eba1ec32adde370bfe2b8da59059b881ddfe7,34,81,384,261.91437431138274
13,rgi7.0|13|south=+30|west=+092,d51e6df3c3178d1d8ec09ab22f5f6875f465cb466204282a0b2a1a826ef3a210,30,92,217,28.662768052691764
13,rgi7.0|13|south=+31|west=+081,d6cd6d66b972eb81e2dab8aa44192fab8c1a87abdec34de2e4b937e6921de57f,31,81,20,1.6993833647800871
13,rgi7.0|13|south=+37|west=+088,dacb1aa92e1a4caf6deefdac660688cdccd5683f8c74418f2ecf1dc556bc9eb5,37,88,168,114.41578441795265
13,rgi7.0|13|south=+30|west=+090,dbde43ee11d3b9c929bf001a06d4882f1751dcd8df79e3b2c0fff666241ccfd1,30,90,767,542.7912546019145
13,rgi7.0|13|south=+36|west=+093,dcb9d516367da522e55d2de2916d08163543d1926e244239c9c4d8be08d726b3,36,93,25,3.596651489923986
13,rgi7.0|13|south=+44|west=+079,ddedddd646e501be381fb72c482c22c60b1bd6af944f6d2831c88b16e397e414,44,79,519,226.95625424750364
13,rgi7.0|13|south=+41|west=+070,dfc8bd07a30d6c8539419bf3c846cd9b51d934abc6cac8409633eaa5809ab392,41,70,133,11.388181773481353
13,rgi7.0|13|south=+30|west=+089,e2d2aa2d4def2b2f0fe91912e298ef2e549d8d3dc2d7da2304fbfafaa67820cf,30,89,139,33.23735865120756
13,rgi7.0|13|south=+38|west=+075,e4093144df5d726cb19dd6d557ff808b45ebd8e6c88dda9166d6fb6d1fe0b212,38,75,886,1095.2855976322628
13,rgi7.0|13|south=+32|west=+080,e49f8adb3534c654286bbf607f8c771f25e20c7055043a2714b7ab1b52269157,32,80,181,78.7310056795845
13,rgi7.0|13|south=+42|west=+074,e4a2eafb9fdf71357b1f0cefd9def4ac4147ff1d1ee2d10eccb34877665fe750,42,74,571,227.74534114141542
13,rgi7.0|13|south=+28|west=+087,e5892bde1da9bffc182c876eb5883fa9ed61e83ba50107cc8beb22c1c62a9059,28,87,42,12.285632645190695
13,rgi7.0|13|south=+39|west=+093,e5d92050a1619bec8faa9b3a851f8ae540dbd901568acbd53b474cf51ea75d74,39,93,74,40.76721795654697
13,rgi7.0|13|south=+36|west=+092,e708d1537b9251b06a5647e5374f45d6c813db729a9a1f33ba1d1b419622caef,36,92,63,25.461724287315928
13,rgi7.0|13|south=+30|west=+095,e7519c4096ed12db0e00273c7261c0cb9f20bae107d0256c3c196085927f5152,30,95,259,266.67325583533477
13,rgi7.0|13|south=+44|west=+084,e82ec500d3efada04d602e0895a8a084f1453252922d2986a0f3b673a8d13980,44,84,65,24.103917041780395
13,rgi7.0|13|south=+32|west=+096,e86dd9fe8d29bf211ea755da7d590a8063f1713d93c9e06aa52a339c53291ef6,32,96,50,9.882515691991822
13,rgi7.0|13|south=+42|west=+084,ea8c57d117d7d509c512b959797d0fbb00508954fa60854c2397f3bdf42501f0,42,84,186,56.91307262309851
13,rgi7.0|13|south=+33|west=+089,eabbcdd4e6eb96bfdb8931a7067519774bdcbc1bc7f9ff757d18d133fe7ac29b,33,89,108,376.29478180067844
13,rgi7.0|13|south=+33|west=+088,eb39492ec0bde7a0f17a00d1b5ab3f8418f9ac097723d0fdc7b3d7c1b7e3fc00,33,88,57,44.613587721779425
13,rgi7.0|13|south=+38|west=+070,eb3e54d3a5f290fc09e7825632383c322cfea2f92deb7aee5642cdafe7dbd2ee,38,70,519,116.27744565662155
13,rgi7.0|13|south=+35|west=+081,ebd3df58f2b311a2bf884042d94256b55999a00a4fbc9596fb02e87ed7265bb5,35,81,761,1981.6940196670337
13,rgi7.0|13|south=+42|west=+076,ec60239924be9d81880e4eacc0da610e0fdf5acd8c98bc2b8e94eaffacaa0d26,42,76,358,131.41124686924718
13,rgi7.0|13|south=+39|west=+068,ec86e628efa86e6ab5e7403783d57fcc15a8f2c7b2f353f2520897702a7900dc,39,68,400,61.410502045870984
13,rgi7.0|13|south=+41|west=+081,ecdd8c181b1031cab3e4cbe2f48b215321786b1349d95c031b7b395f34519fae,41,81,35,23.412863503446783
13,rgi7.0|13|south=+38|west=+100,ed0cd7182ad37dc27e8c9959485f21535494de78f1ff1e0d65eb36990e188097,38,100,146,25.02711567427941
13,rgi7.0|13|south=+38|west=+074,ee40138dc8c917abc846d3c25e40fc860b76c50f0614e6fa065e0871332c415f,38,74,364,99.61323470237915
13,rgi7.0|13|south=+32|west=+093,f12dd0bfed13bb9fe0f187d8acce6fcd11a76781d81ac2477580bbf24dc18834,32,93,177,47.722899823211776
13,rgi7.0|13|south=+37|west=+070,f17f277d846924d1e386df55c3425a6f38aa6a8767a211e9c8fa1fa057f9a0d6,37,70,143,58.54680858795031
13,rgi7.0|13|south=+36|west=+089,f268a4b195fa5b596a180c004e899d466d7eb53de24ca97dddf6f8700cd1f797,36,89,302,71.85802811218822
13,rgi7.0|13|south=+35|west=+089,f37555936c0edfacf29a0035a9e0c6882ee424cce290fc2c8c29015c33b0bc62,35,89,49,160.806695911443
13,rgi7.0|13|south=+35|west=+090,f4be3de58bf16f6c038243f3cb4e95dac99d0b3433abf6c053c5d978b6b061e6,35,90,103,248.0871701878412
13,rgi7.0|13|south=+31|west=+099,f64b3bae6143856a9f89d3065805a095a4e4363c9280e53af7d63a06cc4e63bd,31,99,24,2.878861523570339
13,rgi7.0|13|south=+42|west=+081,f6c8681c5318955c63abb9b91661643d2b021da7e30340cb8d826328d78a0d33,42,81,1130,862.4995356929064
13,rgi7.0|13|south=+28|west=+088,f73f43a0d40f6e281cc65584756e2685219e217c2357886ddbb915003ef1798d,28,88,32,2.864207862478419
13,rgi7.0|13|south=+34|west=+089,f9b95069e11fbb6c82b07d0ffef52169fb3d8cc042df281ef1cb1c19be64f06f,34,89,75,109.2374311777699
13,rgi7.0|13|south=+34|west=+080,fb4e16789fa415a20160b87475c509b948edb80e51e098e968dd01d62cf20ef5,34,80,414,451.59660671202
13,rgi7.0|13|south=+37|west=+091,fb74f8122a8a4cce453f274f6ee235d862e283de178eb576d0683b89ac83e34d,37,91,32,10.258713957102817
13,rgi7.0|13|south=+29|west=+085,fc2036466eded8bd91c51997099422f6d0c672af11d67d24c1c66ea7c4b34962,29,85,231,51.536505765841305
13,rgi7.0|13|south=+36|west=+081,fc66233faf294038be70741e34993bb68608afce4a680e0ff139293ab4df1623,36,81,156,70.18541373693618
13,rgi7.0|13|south=+31|west=+093,fcfdd4b1f6c98b42e4bbe1fa6feed623b13766ef1059ba034738c90301cf2b56,31,93,449,104.6740296052934
13,rgi7.0|13|south=+30|west=+086,fd418e14867bb1c23ba936c20d999ffa90c57909db89549311b57898eb01d1e0,30,86,248,132.736454123819
13,rgi7.0|13|south=+29|west=+084,fe6378c725d3c4c0eb3f556225e8e7efc4e6bb323b2674828a2f888bd08370d4,29,84,255,137.66942008779742
13,rgi7.0|13|south=+43|west=+086,ff6c4e6962988bd8205bdab2b39f9fb712dc5393293a0ad5cc8546d615b6444c,43,86,670,180.1645970517093
