cell_key,south,west,dominant_region,eligible_region_cells
rgi7.0|global|south=+054|west=-0131,54,-131,01,103
rgi7.0|global|south=+055|west=-0130,55,-130,01,103
rgi7.0|global|south=+055|west=-0131,55,-131,01,103
rgi7.0|global|south=+055|west=-0132,55,-132,01,103
rgi7.0|global|south=+055|west=-0161,55,-161,01,103
rgi7.0|global|south=+056|west=-0130,56,-130,01,103
rgi7.0|global|south=+056|west=-0131,56,-131,01,103
rgi7.0|global|south=+056|west=-0132,56,-132,01,103
rgi7.0|global|south=+056|west=-0133,56,-133,01,103
rgi7.0|global|south=+057|west=-0129,57,-129,01,103
rgi7.0|global|south=+057|west=-0130,57,-130,01,103
rgi7.0|global|south=+057|west=-0131,57,-131,01,103
rgi7.0|global|south=+057|west=-0132,57,-132,01,103
rgi7.0|global|south=+057|west=-0133,57,-133,01,103
rgi7.0|global|south=+057|west=-0134,57,-134,01,103
rgi7.0|global|south=+057|west=-0135,57,-135,01,103
rgi7.0|global|south=+057|west=-0158,57,-158,01,103
rgi7.0|global|south=+058|west=-0130,58,-130,01,103
rgi7.0|global|south=+058|west=-0132,58,-132,01,103
rgi7.0|global|south=+058|west=-0133,58,-133,01,103
rgi7.0|global|south=+058|west=-0134,58,-134,01,103
rgi7.0|global|south=+058|west=-0135,58,-135,01,103
rgi7.0|global|south=+058|west=-0136,58,-136,01,103
rgi7.0|global|south=+058|west=-0154,58,-154,01,103
rgi7.0|global|south=+058|west=-0156,58,-156,01,103
rgi7.0|global|south=+059|west=-0134,59,-134,01,103
rgi7.0|global|south=+059|west=-0135,59,-135,01,103
rgi7.0|global|south=+059|west=-0136,59,-136,01,103
rgi7.0|global|south=+059|west=-0137,59,-137,01,103
rgi7.0|global|south=+059|west=-0138,59,-138,01,103
rgi7.0|global|south=+059|west=-0153,59,-153,01,103
rgi7.0|global|south=+059|west=-0154,59,-154,01,103
rgi7.0|global|south=+059|west=-0155,59,-155,01,103
rgi7.0|global|south=+059|west=-0160,59,-160,01,103
rgi7.0|global|south=+060|west=-0136,60,-136,01,103
rgi7.0|global|south=+060|west=-0137,60,-137,01,103
rgi7.0|global|south=+060|west=-0138,60,-138,01,103
rgi7.0|global|south=+060|west=-0139,60,-139,01,103
rgi7.0|global|south=+060|west=-0140,60,-140,01,103
rgi7.0|global|south=+060|west=-0141,60,-141,01,103
rgi7.0|global|south=+060|west=-0148,60,-148,01,103
rgi7.0|global|south=+060|west=-0149,60,-149,01,103
rgi7.0|global|south=+060|west=-0150,60,-150,01,103
rgi7.0|global|south=+060|west=-0151,60,-151,01,103
rgi7.0|global|south=+060|west=-0153,60,-153,01,103
rgi7.0|global|south=+060|west=-0155,60,-155,01,103
rgi7.0|global|south=+060|west=-0160,60,-160,01,103
rgi7.0|global|south=+061|west=-0139,61,-139,01,103
rgi7.0|global|south=+061|west=-0140,61,-140,01,103
rgi7.0|global|south=+061|west=-0141,61,-141,01,103
rgi7.0|global|south=+061|west=-0142,61,-142,01,103
rgi7.0|global|south=+061|west=-0143,61,-143,01,103
rgi7.0|global|south=+061|west=-0144,61,-144,01,103
rgi7.0|global|south=+061|west=-0145,61,-145,01,103
rgi7.0|global|south=+061|west=-0146,61,-146,01,103
rgi7.0|global|south=+061|west=-0147,61,-147,01,103
rgi7.0|global|south=+061|west=-0148,61,-148,01,103
rgi7.0|global|south=+061|west=-0149,61,-149,01,103
rgi7.0|global|south=+061|west=-0150,61,-150,01,103
rgi7.0|global|south=+061|west=-0152,61,-152,01,103
rgi7.0|global|south=+061|west=-0153,61,-153,01,103
rgi7.0|global|south=+061|west=-0154,61,-154,01,103
rgi7.0|global|south=+061|west=-0155,61,-155,01,103
rgi7.0|global|south=+062|west=-0141,62,-141,01,103
rgi7.0|global|south=+062|west=-0142,62,-142,01,103
rgi7.0|global|south=+062|west=-0143,62,-143,01,103
rgi7.0|global|south=+062|west=-0144,62,-144,01,103
rgi7.0|global|south=+062|west=-0145,62,-145,01,103
rgi7.0|global|south=+062|west=-0149,62,-149,01,103
rgi7.0|global|south=+062|west=-0150,62,-150,01,103
rgi7.0|global|south=+062|west=-0151,62,-151,01,103
rgi7.0|global|south=+062|west=-0152,62,-152,01,103
rgi7.0|global|south=+062|west=-0153,62,-153,01,103
rgi7.0|global|south=+062|west=-0154,62,-154,01,103
rgi7.0|global|south=+062|west=-0155,62,-155,01,103
rgi7.0|global|south=+063|west=-0145,63,-145,01,103
rgi7.0|global|south=+063|west=-0146,63,-146,01,103
rgi7.0|global|south=+063|west=-0147,63,-147,01,103
rgi7.0|global|south=+063|west=-0148,63,-148,01,103
rgi7.0|global|south=+063|west=-0149,63,-149,01,103
rgi7.0|global|south=+063|west=-0150,63,-150,01,103
rgi7.0|global|south=+063|west=-0151,63,-151,01,103
rgi7.0|global|south=+063|west=-0152,63,-152,01,103
rgi7.0|global|south=+067|west=-0151,67,-151,01,103
rgi7.0|global|south=+067|west=-0154,67,-154,01,103
rgi7.0|global|south=+067|west=-0155,67,-155,01,103
rgi7.0|global|south=+067|west=-0156,67,-156,01,103
rgi7.0|global|south=+068|west=-0144,68,-144,01,103
rgi7.0|global|south=+068|west=-0145,68,-145,01,103
rgi7.0|global|south=+068|west=-0146,68,-146,01,103
rgi7.0|global|south=+068|west=-0147,68,-147,01,103
rgi7.0|global|south=+068|west=-0148,68,-148,01,103
rgi7.0|global|south=+068|west=-0149,68,-149,01,103
rgi7.0|global|south=+068|west=-0150,68,-150,01,103
rgi7.0|global|south=+068|west=-0151,68,-151,01,103
rgi7.0|global|south=+068|west=-0152,68,-152,01,103
rgi7.0|global|south=+068|west=-0153,68,-153,01,103
rgi7.0|global|south=+068|west=-0154,68,-154,01,103
rgi7.0|global|south=+068|west=-0155,68,-155,01,103
rgi7.0|global|south=+068|west=-0156,68,-156,01,103
rgi7.0|global|south=+069|west=-0144,69,-144,01,103
rgi7.0|global|south=+069|west=-0145,69,-145,01,103
rgi7.0|global|south=+069|west=-0146,69,-146,01,103
rgi7.0|global|south=+036|west=-0119,36,-119,02,128
rgi7.0|global|south=+037|west=-0108,37,-108,02,128
rgi7.0|global|south=+037|west=-0119,37,-119,02,128
rgi7.0|global|south=+037|west=-0120,37,-120,02,128
rgi7.0|global|south=+038|west=-0107,38,-107,02,128
rgi7.0|global|south=+038|west=-0115,38,-115,02,128
rgi7.0|global|south=+038|west=-0120,38,-120,02,128
rgi7.0|global|south=+039|west=-0106,39,-106,02,128
rgi7.0|global|south=+039|west=-0107,39,-107,02,128
rgi7.0|global|south=+040|west=-0106,40,-106,02,128
rgi7.0|global|south=+040|west=-0107,40,-107,02,128
rgi7.0|global|south=+040|west=-0122,40,-122,02,128
rgi7.0|global|south=+040|west=-0123,40,-123,02,128
rgi7.0|global|south=+040|west=-0124,40,-124,02,128
rgi7.0|global|south=+041|west=-0123,41,-123,02,128
rgi7.0|global|south=+041|west=-0124,41,-124,02,128
rgi7.0|global|south=+042|west=-0110,42,-110,02,128
rgi7.0|global|south=+043|west=-0110,43,-110,02,128
rgi7.0|global|south=+043|west=-0111,43,-111,02,128
rgi7.0|global|south=+043|west=-0116,43,-116,02,128
rgi7.0|global|south=+044|west=-0108,44,-108,02,128
rgi7.0|global|south=+044|west=-0110,44,-110,02,128
rgi7.0|global|south=+044|west=-0111,44,-111,02,128
rgi7.0|global|south=+044|west=-0115,44,-115,02,128
rgi7.0|global|south=+044|west=-0116,44,-116,02,128
rgi7.0|global|south=+044|west=-0122,44,-122,02,128
rgi7.0|global|south=+045|west=-0110,45,-110,02,128
rgi7.0|global|south=+045|west=-0111,45,-111,02,128
rgi7.0|global|south=+045|west=-0112,45,-112,02,128
rgi7.0|global|south=+045|west=-0118,45,-118,02,128
rgi7.0|global|south=+045|west=-0122,45,-122,02,128
rgi7.0|global|south=+046|west=-0111,46,-111,02,128
rgi7.0|global|south=+046|west=-0122,46,-122,02,128
rgi7.0|global|south=+046|west=-0123,46,-123,02,128
rgi7.0|global|south=+047|west=-0113,47,-113,02,128
rgi7.0|global|south=+047|west=-0121,47,-121,02,128
rgi7.0|global|south=+047|west=-0122,47,-122,02,128
rgi7.0|global|south=+047|west=-0124,47,-124,02,128
rgi7.0|global|south=+048|west=-0114,48,-114,02,128
rgi7.0|global|south=+048|west=-0115,48,-115,02,128
rgi7.0|global|south=+048|west=-0116,48,-116,02,128
rgi7.0|global|south=+048|west=-0121,48,-121,02,128
rgi7.0|global|south=+048|west=-0122,48,-122,02,128
rgi7.0|global|south=+049|west=-0116,49,-116,02,128
rgi7.0|global|south=+049|west=-0117,49,-117,02,128
rgi7.0|global|south=+049|west=-0118,49,-118,02,128
rgi7.0|global|south=+049|west=-0122,49,-122,02,128
rgi7.0|global|south=+049|west=-0123,49,-123,02,128
rgi7.0|global|south=+049|west=-0124,49,-124,02,128
rgi7.0|global|south=+050|west=-0116,50,-116,02,128
rgi7.0|global|south=+050|west=-0117,50,-117,02,128
rgi7.0|global|south=+050|west=-0118,50,-118,02,128
rgi7.0|global|south=+050|west=-0119,50,-119,02,128
rgi7.0|global|south=+050|west=-0122,50,-122,02,128
rgi7.0|global|south=+050|west=-0123,50,-123,02,128
rgi7.0|global|south=+050|west=-0124,50,-124,02,128
rgi7.0|global|south=+050|west=-0125,50,-125,02,128
rgi7.0|global|south=+050|west=-0126,50,-126,02,128
rgi7.0|global|south=+050|west=-0127,50,-127,02,128
rgi7.0|global|south=+051|west=-0116,51,-116,02,128
rgi7.0|global|south=+051|west=-0117,51,-117,02,128
rgi7.0|global|south=+051|west=-0118,51,-118,02,128
rgi7.0|global|south=+051|west=-0119,51,-119,02,128
rgi7.0|global|south=+051|west=-0120,51,-120,02,128
rgi7.0|global|south=+051|west=-0124,51,-124,02,128
rgi7.0|global|south=+051|west=-0125,51,-125,02,128
rgi7.0|global|south=+051|west=-0126,51,-126,02,128
rgi7.0|global|south=+051|west=-0127,51,-127,02,128
rgi7.0|global|south=+052|west=-0117,52,-117,02,128
rgi7.0|global|south=+052|west=-0118,52,-118,02,128
rgi7.0|global|south=+052|west=-0119,52,-119,02,128
rgi7.0|global|south=+052|west=-0120,52,-120,02,128
rgi7.0|global|south=+052|west=-0121,52,-121,02,128
rgi7.0|global|south=+052|west=-0126,52,-126,02,128
rgi7.0|global|south=+052|west=-0127,52,-127,02,128
rgi7.0|global|south=+052|west=-0128,52,-128,02,128
rgi7.0|global|south=+053|west=-0119,53,-119,02,128
rgi7.0|global|south=+053|west=-0120,53,-120,02,128
rgi7.0|global|south=+053|west=-0121,53,-121,02,128
rgi7.0|global|south=+053|west=-0122,53,-122,02,128
rgi7.0|global|south=+053|west=-0127,53,-127,02,128
rgi7.0|global|south=+053|west=-0128,53,-128,02,128
rgi7.0|global|south=+053|west=-0129,53,-129,02,128
rgi7.0|global|south=+053|west=-0130,53,-130,02,128
rgi7.0|global|south=+054|west=-0121,54,-121,02,128
rgi7.0|global|south=+054|west=-0122,54,-122,02,128
rgi7.0|global|south=+054|west=-0127,54,-127,02,128
rgi7.0|global|south=+054|west=-0128,54,-128,02,128
rgi7.0|global|south=+054|west=-0129,54,-129,02,128
rgi7.0|global|south=+054|west=-0130,54,-130,02,128
rgi7.0|global|south=+055|west=-0123,55,-123,02,128
rgi7.0|global|south=+055|west=-0124,55,-124,02,128
rgi7.0|global|south=+055|west=-0126,55,-126,02,128
rgi7.0|global|south=+055|west=-0127,55,-127,02,128
rgi7.0|global|south=+055|west=-0128,55,-128,02,128
rgi7.0|global|south=+055|west=-0129,55,-129,02,128
rgi7.0|global|south=+056|west=-0124,56,-124,02,128
rgi7.0|global|south=+056|west=-0126,56,-126,02,128
rgi7.0|global|south=+056|west=-0127,56,-127,02,128
rgi7.0|global|south=+056|west=-0128,56,-128,02,128
rgi7.0|global|south=+056|west=-0129,56,-129,02,128
rgi7.0|global|south=+057|west=-0124,57,-124,02,128
rgi7.0|global|south=+057|west=-0125,57,-125,02,128
rgi7.0|global|south=+057|west=-0126,57,-126,02,128
rgi7.0|global|south=+057|west=-0127,57,-127,02,128
rgi7.0|global|south=+057|west=-0128,57,-128,02,128
rgi7.0|global|south=+058|west=-0127,58,-127,02,128
rgi7.0|global|south=+058|west=-0128,58,-128,02,128
rgi7.0|global|south=+058|west=-0129,58,-129,02,128
rgi7.0|global|south=+060|west=-0129,60,-129,02,128
rgi7.0|global|south=+061|west=-0128,61,-128,02,128
rgi7.0|global|south=+061|west=-0129,61,-129,02,128
rgi7.0|global|south=+061|west=-0130,61,-130,02,128
rgi7.0|global|south=+061|west=-0132,61,-132,02,128
rgi7.0|global|south=+062|west=-0127,62,-127,02,128
rgi7.0|global|south=+062|west=-0128,62,-128,02,128
rgi7.0|global|south=+062|west=-0129,62,-129,02,128
rgi7.0|global|south=+062|west=-0130,62,-130,02,128
rgi7.0|global|south=+062|west=-0131,62,-131,02,128
rgi7.0|global|south=+063|west=-0130,63,-130,02,128
rgi7.0|global|south=+063|west=-0131,63,-131,02,128
rgi7.0|global|south=+063|west=-0132,63,-132,02,128
rgi7.0|global|south=+064|west=-0130,64,-130,02,128
rgi7.0|global|south=+064|west=-0131,64,-131,02,128
rgi7.0|global|south=+064|west=-0132,64,-132,02,128
rgi7.0|global|south=+064|west=-0133,64,-133,02,128
rgi7.0|global|south=+064|west=-0134,64,-134,02,128
rgi7.0|global|south=+065|west=-0134,65,-134,02,128
rgi7.0|global|south=+074|west=-0081,74,-81,03,139
rgi7.0|global|south=+074|west=-0082,74,-82,03,139
rgi7.0|global|south=+074|west=-0083,74,-83,03,139
rgi7.0|global|south=+074|west=-0084,74,-84,03,139
rgi7.0|global|south=+074|west=-0085,74,-85,03,139
rgi7.0|global|south=+074|west=-0086,74,-86,03,139
rgi7.0|global|south=+074|west=-0087,74,-87,03,139
rgi7.0|global|south=+074|west=-0088,74,-88,03,139
rgi7.0|global|south=+074|west=-0090,74,-90,03,139
rgi7.0|global|south=+075|west=-0081,75,-81,03,139
rgi7.0|global|south=+075|west=-0082,75,-82,03,139
rgi7.0|global|south=+075|west=-0083,75,-83,03,139
rgi7.0|global|south=+075|west=-0084,75,-84,03,139
rgi7.0|global|south=+075|west=-0085,75,-85,03,139
rgi7.0|global|south=+075|west=-0086,75,-86,03,139
rgi7.0|global|south=+075|west=-0087,75,-87,03,139
rgi7.0|global|south=+075|west=-0115,75,-115,03,139
rgi7.0|global|south=+075|west=-0116,75,-116,03,139
rgi7.0|global|south=+076|west=-0080,76,-80,03,139
rgi7.0|global|south=+076|west=-0081,76,-81,03,139
rgi7.0|global|south=+076|west=-0082,76,-82,03,139
rgi7.0|global|south=+076|west=-0083,76,-83,03,139
rgi7.0|global|south=+076|west=-0084,76,-84,03,139
rgi7.0|global|south=+076|west=-0085,76,-85,03,139
rgi7.0|global|south=+076|west=-0086,76,-86,03,139
rgi7.0|global|south=+076|west=-0087,76,-87,03,139
rgi7.0|global|south=+076|west=-0088,76,-88,03,139
rgi7.0|global|south=+076|west=-0089,76,-89,03,139
rgi7.0|global|south=+076|west=-0090,76,-90,03,139
rgi7.0|global|south=+076|west=-0091,76,-91,03,139
rgi7.0|global|south=+076|west=-0092,76,-92,03,139
rgi7.0|global|south=+076|west=-0093,76,-93,03,139
rgi7.0|global|south=+076|west=-0095,76,-95,03,139
rgi7.0|global|south=+076|west=-0096,76,-96,03,139
rgi7.0|global|south=+077|west=-0078,77,-78,03,139
rgi7.0|global|south=+077|west=-0079,77,-79,03,139
rgi7.0|global|south=+077|west=-0080,77,-80,03,139
rgi7.0|global|south=+077|west=-0081,77,-81,03,139
rgi7.0|global|south=+077|west=-0082,77,-82,03,139
rgi7.0|global|south=+077|west=-0083,77,-83,03,139
rgi7.0|global|south=+077|west=-0084,77,-84,03,139
rgi7.0|global|south=+077|west=-0085,77,-85,03,139
rgi7.0|global|south=+077|west=-0086,77,-86,03,139
rgi7.0|global|south=+077|west=-0087,77,-87,03,139
rgi7.0|global|south=+078|west=-0076,78,-76,03,139
rgi7.0|global|south=+078|west=-0077,78,-77,03,139
rgi7.0|global|south=+078|west=-0078,78,-78,03,139
rgi7.0|global|south=+078|west=-0079,78,-79,03,139
rgi7.0|global|south=+078|west=-0080,78,-80,03,139
rgi7.0|global|south=+078|west=-0081,78,-81,03,139
rgi7.0|global|south=+078|west=-0082,78,-82,03,139
rgi7.0|global|south=+078|west=-0083,78,-83,03,139
rgi7.0|global|south=+078|west=-0084,78,-84,03,139
rgi7.0|global|south=+078|west=-0085,78,-85,03,139
rgi7.0|global|south=+078|west=-0086,78,-86,03,139
rgi7.0|global|south=+078|west=-0089,78,-89,03,139
rgi7.0|global|south=+078|west=-0090,78,-90,03,139
rgi7.0|global|south=+078|west=-0091,78,-91,03,139
rgi7.0|global|south=+078|west=-0092,78,-92,03,139
rgi7.0|global|south=+078|west=-0093,78,-93,03,139
rgi7.0|global|south=+078|west=-0094,78,-94,03,139
rgi7.0|global|south=+079|west=-0072,79,-72,03,139
rgi7.0|global|south=+079|west=-0073,79,-73,03,139
rgi7.0|global|south=+079|west=-0074,79,-74,03,139
rgi7.0|global|south=+079|west=-0075,79,-75,03,139
rgi7.0|global|south=+079|west=-0076,79,-76,03,139
rgi7.0|global|south=+079|west=-0077,79,-77,03,139
rgi7.0|global|south=+079|west=-0079,79,-79,03,139
rgi7.0|global|south=+079|west=-0080,79,-80,03,139
rgi7.0|global|south=+079|west=-0082,79,-82,03,139
rgi7.0|global|south=+079|west=-0083,79,-83,03,139
rgi7.0|global|south=+079|west=-0084,79,-84,03,139
rgi7.0|global|south=+079|west=-0088,79,-88,03,139
rgi7.0|global|south=+079|west=-0089,79,-89,03,139
rgi7.0|global|south=+079|west=-0090,79,-90,03,139
rgi7.0|global|south=+079|west=-0091,79,-91,03,139
rgi7.0|global|south=+079|west=-0092,79,-92,03,139
rgi7.0|global|south=+079|west=-0093,79,-93,03,139
rgi7.0|global|south=+079|west=-0094,79,-94,03,139
rgi7.0|global|south=+079|west=-0095,79,-95,03,139
rgi7.0|global|south=+079|west=-0096,79,-96,03,139
rgi7.0|global|south=+079|west=-0099,79,-99,03,139
rgi7.0|global|south=+079|west=-0100,79,-100,03,139
rgi7.0|global|south=+080|west=-0068,80,-68,03,139
rgi7.0|global|south=+080|west=-0069,80,-69,03,139
rgi7.0|global|south=+080|west=-0070,80,-70,03,139
rgi7.0|global|south=+080|west=-0071,80,-71,03,139
rgi7.0|global|south=+080|west=-0072,80,-72,03,139
rgi7.0|global|south=+080|west=-0073,80,-73,03,139
rgi7.0|global|south=+080|west=-0074,80,-74,03,139
rgi7.0|global|south=+080|west=-0075,80,-75,03,139
rgi7.0|global|south=+080|west=-0076,80,-76,03,139
rgi7.0|global|south=+080|west=-0077,80,-77,03,139
rgi7.0|global|south=+080|west=-0078,80,-78,03,139
rgi7.0|global|south=+080|west=-0079,80,-79,03,139
rgi7.0|global|south=+080|west=-0080,80,-80,03,139
rgi7.0|global|south=+080|west=-0081,80,-81,03,139
rgi7.0|global|south=+080|west=-0082,80,-82,03,139
rgi7.0|global|south=+080|west=-0083,80,-83,03,139
rgi7.0|global|south=+080|west=-0084,80,-84,03,139
rgi7.0|global|south=+080|west=-0085,80,-85,03,139
rgi7.0|global|south=+080|west=-0086,80,-86,03,139
rgi7.0|global|south=+080|west=-0091,80,-91,03,139
rgi7.0|global|south=+080|west=-0092,80,-92,03,139
rgi7.0|global|south=+080|west=-0093,80,-93,03,139
rgi7.0|global|south=+080|west=-0094,80,-94,03,139
rgi7.0|global|south=+080|west=-0095,80,-95,03,139
rgi7.0|global|south=+081|west=-0067,81,-67,03,139
rgi7.0|global|south=+081|west=-0068,81,-68,03,139
rgi7.0|global|south=+081|west=-0069,81,-69,03,139
rgi7.0|global|south=+081|west=-0070,81,-70,03,139
rgi7.0|global|south=+081|west=-0071,81,-71,03,139
rgi7.0|global|south=+081|west=-0072,81,-72,03,139
rgi7.0|global|south=+081|west=-0073,81,-73,03,139
rgi7.0|global|south=+081|west=-0074,81,-74,03,139
rgi7.0|global|south=+081|west=-0076,81,-76,03,139
rgi7.0|global|south=+081|west=-0077,81,-77,03,139
rgi7.0|global|south=+081|west=-0078,81,-78,03,139
rgi7.0|global|south=+081|west=-0079,81,-79,03,139
rgi7.0|global|south=+081|west=-0080,81,-80,03,139
rgi7.0|global|south=+081|west=-0081,81,-81,03,139
rgi7.0|global|south=+081|west=-0082,81,-82,03,139
rgi7.0|global|south=+081|west=-0083,81,-83,03,139
rgi7.0|global|south=+081|west=-0086,81,-86,03,139
rgi7.0|global|south=+081|west=-0087,81,-87,03,139
rgi7.0|global|south=+081|west=-0088,81,-88,03,139
rgi7.0|global|south=+081|west=-0089,81,-89,03,139
rgi7.0|global|south=+081|west=-0090,81,-90,03,139
rgi7.0|global|south=+081|west=-0091,81,-91,03,139
rgi7.0|global|south=+082|west=-0070,82,-70,03,139
rgi7.0|global|south=+082|west=-0071,82,-71,03,139
rgi7.0|global|south=+082|west=-0072,82,-72,03,139
rgi7.0|global|south=+082|west=-0073,82,-73,03,139
rgi7.0|global|south=+082|west=-0074,82,-74,03,139
rgi7.0|global|south=+082|west=-0075,82,-75,03,139
rgi7.0|global|south=+082|west=-0076,82,-76,03,139
rgi7.0|global|south=+082|west=-0077,82,-77,03,139
rgi7.0|global|south=+082|west=-0078,82,-78,03,139
rgi7.0|global|south=+082|west=-0079,82,-79,03,139
rgi7.0|global|south=+058|west=-0065,58,-65,04,58
rgi7.0|global|south=+062|west=-0067,62,-67,04,58
rgi7.0|global|south=+062|west=-0068,62,-68,04,58
rgi7.0|global|south=+063|west=-0065,63,-65,04,58
rgi7.0|global|south=+063|west=-0066,63,-66,04,58
rgi7.0|global|south=+063|west=-0067,63,-67,04,58
rgi7.0|global|south=+064|west=-0064,64,-64,04,58
rgi7.0|global|south=+064|west=-0065,64,-65,04,58
rgi7.0|global|south=+064|west=-0066,64,-66,04,58
rgi7.0|global|south=+064|west=-0067,64,-67,04,58
rgi7.0|global|south=+065|west=-0064,65,-64,04,58
rgi7.0|global|south=+065|west=-0065,65,-65,04,58
rgi7.0|global|south=+065|west=-0066,65,-66,04,58
rgi7.0|global|south=+066|west=-0062,66,-62,04,58
rgi7.0|global|south=+066|west=-0063,66,-63,04,58
rgi7.0|global|south=+066|west=-0065,66,-65,04,58
rgi7.0|global|south=+066|west=-0066,66,-66,04,58
rgi7.0|global|south=+066|west=-0067,66,-67,04,58
rgi7.0|global|south=+067|west=-0066,67,-66,04,58
rgi7.0|global|south=+067|west=-0068,67,-68,04,58
rgi7.0|global|south=+067|west=-0069,67,-69,04,58
rgi7.0|global|south=+068|west=-0069,68,-69,04,58
rgi7.0|global|south=+068|west=-0070,68,-70,04,58
rgi7.0|global|south=+068|west=-0071,68,-71,04,58
rgi7.0|global|south=+069|west=-0068,69,-68,04,58
rgi7.0|global|south=+069|west=-0069,69,-69,04,58
rgi7.0|global|south=+069|west=-0070,69,-70,04,58
rgi7.0|global|south=+069|west=-0071,69,-71,04,58
rgi7.0|global|south=+069|west=-0072,69,-72,04,58
rgi7.0|global|south=+069|west=-0073,69,-73,04,58
rgi7.0|global|south=+069|west=-0074,69,-74,04,58
rgi7.0|global|south=+069|west=-0075,69,-75,04,58
rgi7.0|global|south=+070|west=-0072,70,-72,04,58
rgi7.0|global|south=+070|west=-0073,70,-73,04,58
rgi7.0|global|south=+070|west=-0074,70,-74,04,58
rgi7.0|global|south=+070|west=-0075,70,-75,04,58
rgi7.0|global|south=+071|west=-0076,71,-76,04,58
rgi7.0|global|south=+071|west=-0077,71,-77,04,58
rgi7.0|global|south=+071|west=-0078,71,-78,04,58
rgi7.0|global|south=+071|west=-0079,71,-79,04,58
rgi7.0|global|south=+071|west=-0080,71,-80,04,58
rgi7.0|global|south=+071|west=-0081,71,-81,04,58
rgi7.0|global|south=+072|west=-0078,72,-78,04,58
rgi7.0|global|south=+072|west=-0080,72,-80,04,58
rgi7.0|global|south=+072|west=-0081,72,-81,04,58
rgi7.0|global|south=+072|west=-0082,72,-82,04,58
rgi7.0|global|south=+072|west=-0083,72,-83,04,58
rgi7.0|global|south=+072|west=-0084,72,-84,04,58
rgi7.0|global|south=+072|west=-0085,72,-85,04,58
rgi7.0|global|south=+072|west=-0086,72,-86,04,58
rgi7.0|global|south=+073|west=-0080,73,-80,04,58
rgi7.0|global|south=+073|west=-0081,73,-81,04,58
rgi7.0|global|south=+073|west=-0082,73,-82,04,58
rgi7.0|global|south=+073|west=-0083,73,-83,04,58
rgi7.0|global|south=+073|west=-0084,73,-84,04,58
rgi7.0|global|south=+073|west=-0085,73,-85,04,58
rgi7.0|global|south=+073|west=-0086,73,-86,04,58
rgi7.0|global|south=+073|west=-0087,73,-87,04,58
rgi7.0|global|south=+060|west=-0045,60,-45,05,220
rgi7.0|global|south=+061|west=-0044,61,-44,05,220
rgi7.0|global|south=+061|west=-0045,61,-45,05,220
rgi7.0|global|south=+061|west=-0046,61,-46,05,220
rgi7.0|global|south=+061|west=-0049,61,-49,05,220
rgi7.0|global|south=+062|west=-0044,62,-44,05,220
rgi7.0|global|south=+062|west=-0049,62,-49,05,220
rgi7.0|global|south=+063|west=-0042,63,-42,05,220
rgi7.0|global|south=+063|west=-0043,63,-43,05,220
rgi7.0|global|south=+063|west=-0044,63,-44,05,220
rgi7.0|global|south=+063|west=-0050,63,-50,05,220
rgi7.0|global|south=+063|west=-0051,63,-51,05,220
rgi7.0|global|south=+064|west=-0042,64,-42,05,220
rgi7.0|global|south=+064|west=-0051,64,-51,05,220
rgi7.0|global|south=+064|west=-0052,64,-52,05,220
rgi7.0|global|south=+065|west=-0040,65,-40,05,220
rgi7.0|global|south=+065|west=-0051,65,-51,05,220
rgi7.0|global|south=+065|west=-0052,65,-52,05,220
rgi7.0|global|south=+065|west=-0053,65,-53,05,220
rgi7.0|global|south=+066|west=-0036,66,-36,05,220
rgi7.0|global|south=+066|west=-0037,66,-37,05,220
rgi7.0|global|south=+066|west=-0038,66,-38,05,220
rgi7.0|global|south=+066|west=-0039,66,-39,05,220
rgi7.0|global|south=+066|west=-0050,66,-50,05,220
rgi7.0|global|south=+066|west=-0051,66,-51,05,220
rgi7.0|global|south=+066|west=-0052,66,-52,05,220
rgi7.0|global|south=+066|west=-0053,66,-53,05,220
rgi7.0|global|south=+067|west=-0034,67,-34,05,220
rgi7.0|global|south=+067|west=-0035,67,-35,05,220
rgi7.0|global|south=+067|west=-0053,67,-53,05,220
rgi7.0|global|south=+068|west=-0034,68,-34,05,220
rgi7.0|global|south=+068|west=-0035,68,-35,05,220
rgi7.0|global|south=+069|west=-0026,69,-26,05,220
rgi7.0|global|south=+069|west=-0027,69,-27,05,220
rgi7.0|global|south=+069|west=-0028,69,-28,05,220
rgi7.0|global|south=+069|west=-0029,69,-29,05,220
rgi7.0|global|south=+069|west=-0030,69,-30,05,220
rgi7.0|global|south=+069|west=-0031,69,-31,05,220
rgi7.0|global|south=+069|west=-0053,69,-53,05,220
rgi7.0|global|south=+070|west=-0024,70,-24,05,220
rgi7.0|global|south=+070|west=-0025,70,-25,05,220
rgi7.0|global|south=+070|west=-0026,70,-26,05,220
rgi7.0|global|south=+070|west=-0027,70,-27,05,220
rgi7.0|global|south=+070|west=-0028,70,-28,05,220
rgi7.0|global|south=+070|west=-0029,70,-29,05,220
rgi7.0|global|south=+070|west=-0030,70,-30,05,220
rgi7.0|global|south=+070|west=-0031,70,-31,05,220
rgi7.0|global|south=+070|west=-0051,70,-51,05,220
rgi7.0|global|south=+070|west=-0052,70,-52,05,220
rgi7.0|global|south=+070|west=-0053,70,-53,05,220
rgi7.0|global|south=+070|west=-0054,70,-54,05,220
rgi7.0|global|south=+070|west=-0055,70,-55,05,220
rgi7.0|global|south=+071|west=-0022,71,-22,05,220
rgi7.0|global|south=+071|west=-0023,71,-23,05,220
rgi7.0|global|south=+071|west=-0024,71,-24,05,220
rgi7.0|global|south=+071|west=-0025,71,-25,05,220
rgi7.0|global|south=+071|west=-0026,71,-26,05,220
rgi7.0|global|south=+071|west=-0027,71,-27,05,220
rgi7.0|global|south=+071|west=-0028,71,-28,05,220
rgi7.0|global|south=+071|west=-0029,71,-29,05,220
rgi7.0|global|south=+071|west=-0030,71,-30,05,220
rgi7.0|global|south=+071|west=-0051,71,-51,05,220
rgi7.0|global|south=+071|west=-0053,71,-53,05,220
rgi7.0|global|south=+071|west=-0054,71,-54,05,220
rgi7.0|global|south=+071|west=-0055,71,-55,05,220
rgi7.0|global|south=+072|west=-0022,72,-22,05,220
rgi7.0|global|south=+072|west=-0023,72,-23,05,220
rgi7.0|global|south=+072|west=-0024,72,-24,05,220
rgi7.0|global|south=+072|west=-0025,72,-25,05,220
rgi7.0|global|south=+072|west=-0026,72,-26,05,220
rgi7.0|global|south=+072|west=-0027,72,-27,05,220
rgi7.0|global|south=+072|west=-0028,72,-28,05,220
rgi7.0|global|south=+072|west=-0029,72,-29,05,220
rgi7.0|global|south=+072|west=-0030,72,-30,05,220
rgi7.0|global|south=+072|west=-0053,72,-53,05,220
rgi7.0|global|south=+072|west=-0054,72,-54,05,220
rgi7.0|global|south=+072|west=-0055,72,-55,05,220
rgi7.0|global|south=+073|west=-0022,73,-22,05,220
rgi7.0|global|south=+073|west=-0023,73,-23,05,220
rgi7.0|global|south=+073|west=-0024,73,-24,05,220
rgi7.0|global|south=+073|west=-0025,73,-25,05,220
rgi7.0|global|south=+073|west=-0026,73,-26,05,220
rgi7.0|global|south=+073|west=-0027,73,-27,05,220
rgi7.0|global|south=+073|west=-0028,73,-28,05,220
rgi7.0|global|south=+073|west=-0029,73,-29,05,220
rgi7.0|global|south=+073|west=-0056,73,-56,05,220
rgi7.0|global|south=+073|west=-0057,73,-57,05,220
rgi7.0|global|south=+074|west=-0022,74,-22,05,220
rgi7.0|global|south=+074|west=-0023,74,-23,05,220
rgi7.0|global|south=+074|west=-0024,74,-24,05,220
rgi7.0|global|south=+074|west=-0025,74,-25,05,220
rgi7.0|global|south=+074|west=-0026,74,-26,05,220
rgi7.0|global|south=+074|west=-0027,74,-27,05,220
rgi7.0|global|south=+074|west=-0028,74,-28,05,220
rgi7.0|global|south=+074|west=-0029,74,-29,05,220
rgi7.0|global|south=+074|west=-0056,74,-56,05,220
rgi7.0|global|south=+074|west=-0057,74,-57,05,220
rgi7.0|global|south=+075|west=-0020,75,-20,05,220
rgi7.0|global|south=+075|west=-0021,75,-21,05,220
rgi7.0|global|south=+075|west=-0022,75,-22,05,220
rgi7.0|global|south=+075|west=-0023,75,-23,05,220
rgi7.0|global|south=+075|west=-0024,75,-24,05,220
rgi7.0|global|south=+075|west=-0025,75,-25,05,220
rgi7.0|global|south=+075|west=-0058,75,-58,05,220
rgi7.0|global|south=+075|west=-0059,75,-59,05,220
rgi7.0|global|south=+076|west=-0020,76,-20,05,220
rgi7.0|global|south=+076|west=-0021,76,-21,05,220
rgi7.0|global|south=+076|west=-0023,76,-23,05,220
rgi7.0|global|south=+076|west=-0024,76,-24,05,220
rgi7.0|global|south=+076|west=-0025,76,-25,05,220
rgi7.0|global|south=+076|west=-0026,76,-26,05,220
rgi7.0|global|south=+076|west=-0027,76,-27,05,220
rgi7.0|global|south=+076|west=-0061,76,-61,05,220
rgi7.0|global|south=+076|west=-0066,76,-66,05,220
rgi7.0|global|south=+076|west=-0067,76,-67,05,220
rgi7.0|global|south=+077|west=-0020,77,-20,05,220
rgi7.0|global|south=+077|west=-0021,77,-21,05,220
rgi7.0|global|south=+077|west=-0022,77,-22,05,220
rgi7.0|global|south=+077|west=-0023,77,-23,05,220
rgi7.0|global|south=+077|west=-0024,77,-24,05,220
rgi7.0|global|south=+077|west=-0025,77,-25,05,220
rgi7.0|global|south=+077|west=-0026,77,-26,05,220
rgi7.0|global|south=+077|west=-0066,77,-66,05,220
rgi7.0|global|south=+077|west=-0067,77,-67,05,220
rgi7.0|global|south=+077|west=-0068,77,-68,05,220
rgi7.0|global|south=+077|west=-0069,77,-69,05,220
rgi7.0|global|south=+077|west=-0070,77,-70,05,220
rgi7.0|global|south=+077|west=-0071,77,-71,05,220
rgi7.0|global|south=+077|west=-0072,77,-72,05,220
rgi7.0|global|south=+077|west=-0073,77,-73,05,220
rgi7.0|global|south=+078|west=-0019,78,-19,05,220
rgi7.0|global|south=+078|west=-0020,78,-20,05,220
rgi7.0|global|south=+078|west=-0022,78,-22,05,220
rgi7.0|global|south=+078|west=-0023,78,-23,05,220
rgi7.0|global|south=+078|west=-0024,78,-24,05,220
rgi7.0|global|south=+078|west=-0072,78,-72,05,220
rgi7.0|global|south=+078|west=-0073,78,-73,05,220
rgi7.0|global|south=+079|west=-0018,79,-18,05,220
rgi7.0|global|south=+079|west=-0019,79,-19,05,220
rgi7.0|global|south=+079|west=-0020,79,-20,05,220
rgi7.0|global|south=+079|west=-0021,79,-21,05,220
rgi7.0|global|south=+079|west=-0022,79,-22,05,220
rgi7.0|global|south=+079|west=-0023,79,-23,05,220
rgi7.0|global|south=+079|west=-0064,79,-64,05,220
rgi7.0|global|south=+080|west=-0019,80,-19,05,220
rgi7.0|global|south=+080|west=-0020,80,-20,05,220
rgi7.0|global|south=+080|west=-0021,80,-21,05,220
rgi7.0|global|south=+080|west=-0022,80,-22,05,220
rgi7.0|global|south=+080|west=-0023,80,-23,05,220
rgi7.0|global|south=+080|west=-0025,80,-25,05,220
rgi7.0|global|south=+080|west=-0027,80,-27,05,220
rgi7.0|global|south=+080|west=-0028,80,-28,05,220
rgi7.0|global|south=+080|west=-0060,80,-60,05,220
rgi7.0|global|south=+080|west=-0061,80,-61,05,220
rgi7.0|global|south=+080|west=-0062,80,-62,05,220
rgi7.0|global|south=+080|west=-0063,80,-63,05,220
rgi7.0|global|south=+080|west=-0064,80,-64,05,220
rgi7.0|global|south=+080|west=-0065,80,-65,05,220
rgi7.0|global|south=+080|west=-0067,80,-67,05,220
rgi7.0|global|south=+081|west=-0018,81,-18,05,220
rgi7.0|global|south=+081|west=-0019,81,-19,05,220
rgi7.0|global|south=+081|west=-0021,81,-21,05,220
rgi7.0|global|south=+081|west=-0022,81,-22,05,220
rgi7.0|global|south=+081|west=-0023,81,-23,05,220
rgi7.0|global|south=+081|west=-0024,81,-24,05,220
rgi7.0|global|south=+081|west=-0025,81,-25,05,220
rgi7.0|global|south=+081|west=-0026,81,-26,05,220
rgi7.0|global|south=+081|west=-0027,81,-27,05,220
rgi7.0|global|south=+081|west=-0028,81,-28,05,220
rgi7.0|global|south=+081|west=-0029,81,-29,05,220
rgi7.0|global|south=+081|west=-0030,81,-30,05,220
rgi7.0|global|south=+081|west=-0031,81,-31,05,220
rgi7.0|global|south=+081|west=-0032,81,-32,05,220
rgi7.0|global|south=+081|west=-0033,81,-33,05,220
rgi7.0|global|south=+081|west=-0034,81,-34,05,220
rgi7.0|global|south=+081|west=-0035,81,-35,05,220
rgi7.0|global|south=+081|west=-0036,81,-36,05,220
rgi7.0|global|south=+081|west=-0037,81,-37,05,220
rgi7.0|global|south=+081|west=-0044,81,-44,05,220
rgi7.0|global|south=+081|west=-0045,81,-45,05,220
rgi7.0|global|south=+081|west=-0046,81,-46,05,220
rgi7.0|global|south=+081|west=-0048,81,-48,05,220
rgi7.0|global|south=+081|west=-0049,81,-49,05,220
rgi7.0|global|south=+081|west=-0050,81,-50,05,220
rgi7.0|global|south=+081|west=-0051,81,-51,05,220
rgi7.0|global|south=+081|west=-0052,81,-52,05,220
rgi7.0|global|south=+081|west=-0053,81,-53,05,220
rgi7.0|global|south=+081|west=-0054,81,-54,05,220
rgi7.0|global|south=+081|west=-0055,81,-55,05,220
rgi7.0|global|south=+081|west=-0056,81,-56,05,220
rgi7.0|global|south=+081|west=-0057,81,-57,05,220
rgi7.0|global|south=+081|west=-0058,81,-58,05,220
rgi7.0|global|south=+081|west=-0059,81,-59,05,220
rgi7.0|global|south=+081|west=-0060,81,-60,05,220
rgi7.0|global|south=+081|west=-0061,81,-61,05,220
rgi7.0|global|south=+081|west=-0062,81,-62,05,220
rgi7.0|global|south=+081|west=-0063,81,-63,05,220
rgi7.0|global|south=+081|west=-0064,81,-64,05,220
rgi7.0|global|south=+081|west=-0065,81,-65,05,220
rgi7.0|global|south=+082|west=-0026,82,-26,05,220
rgi7.0|global|south=+082|west=-0028,82,-28,05,220
rgi7.0|global|south=+082|west=-0029,82,-29,05,220
rgi7.0|global|south=+082|west=-0030,82,-30,05,220
rgi7.0|global|south=+082|west=-0031,82,-31,05,220
rgi7.0|global|south=+082|west=-0032,82,-32,05,220
rgi7.0|global|south=+082|west=-0033,82,-33,05,220
rgi7.0|global|south=+082|west=-0034,82,-34,05,220
rgi7.0|global|south=+082|west=-0035,82,-35,05,220
rgi7.0|global|south=+082|west=-0036,82,-36,05,220
rgi7.0|global|south=+082|west=-0037,82,-37,05,220
rgi7.0|global|south=+082|west=-0038,82,-38,05,220
rgi7.0|global|south=+082|west=-0039,82,-39,05,220
rgi7.0|global|south=+082|west=-0040,82,-40,05,220
rgi7.0|global|south=+082|west=-0041,82,-41,05,220
rgi7.0|global|south=+082|west=-0042,82,-42,05,220
rgi7.0|global|south=+082|west=-0043,82,-43,05,220
rgi7.0|global|south=+082|west=-0044,82,-44,05,220
rgi7.0|global|south=+082|west=-0045,82,-45,05,220
rgi7.0|global|south=+082|west=-0046,82,-46,05,220
rgi7.0|global|south=+082|west=-0047,82,-47,05,220
rgi7.0|global|south=+064|west=-0018,64,-18,06,7
rgi7.0|global|south=+064|west=-0019,64,-19,06,7
rgi7.0|global|south=+064|west=-0020,64,-20,06,7
rgi7.0|global|south=+064|west=-0021,64,-21,06,7
rgi7.0|global|south=+065|west=-0018,65,-18,06,7
rgi7.0|global|south=+065|west=-0019,65,-19,06,7
rgi7.0|global|south=+065|west=-0020,65,-20,06,7
rgi7.0|global|south=+077|west=+0015,77,15,07,22
rgi7.0|global|south=+077|west=+0021,77,21,07,22
rgi7.0|global|south=+077|west=+0022,77,22,07,22
rgi7.0|global|south=+078|west=+0013,78,13,07,22
rgi7.0|global|south=+078|west=+0014,78,14,07,22
rgi7.0|global|south=+078|west=+0015,78,15,07,22
rgi7.0|global|south=+078|west=+0016,78,16,07,22
rgi7.0|global|south=+078|west=+0017,78,17,07,22
rgi7.0|global|south=+078|west=+0018,78,18,07,22
rgi7.0|global|south=+078|west=+0019,78,19,07,22
rgi7.0|global|south=+078|west=+0020,78,20,07,22
rgi7.0|global|south=+078|west=+0021,78,21,07,22
rgi7.0|global|south=+078|west=+0022,78,22,07,22
rgi7.0|global|south=+079|west=+0013,79,13,07,22
rgi7.0|global|south=+079|west=+0014,79,14,07,22
rgi7.0|global|south=+079|west=+0015,79,15,07,22
rgi7.0|global|south=+079|west=+0016,79,16,07,22
rgi7.0|global|south=+079|west=+0017,79,17,07,22
rgi7.0|global|south=+079|west=+0018,79,18,07,22
rgi7.0|global|south=+079|west=+0019,79,19,07,22
rgi7.0|global|south=+079|west=+0020,79,20,07,22
rgi7.0|global|south=+079|west=+0022,79,22,07,22
rgi7.0|global|south=+059|west=+0007,59,7,08,33
rgi7.0|global|south=+060|west=+0006,60,6,08,33
rgi7.0|global|south=+060|west=+0007,60,7,08,33
rgi7.0|global|south=+060|west=+0008,60,8,08,33
rgi7.0|global|south=+061|west=+0005,61,5,08,33
rgi7.0|global|south=+061|west=+0007,61,7,08,33
rgi7.0|global|south=+061|west=+0008,61,8,08,33
rgi7.0|global|south=+062|west=+0007,62,7,08,33
rgi7.0|global|south=+062|west=+0008,62,8,08,33
rgi7.0|global|south=+062|west=+0009,62,9,08,33
rgi7.0|global|south=+062|west=+0012,62,12,08,33
rgi7.0|global|south=+063|west=+0012,63,12,08,33
rgi7.0|global|south=+065|west=+0012,65,12,08,33
rgi7.0|global|south=+065|west=+0013,65,13,08,33
rgi7.0|global|south=+065|west=+0014,65,14,08,33
rgi7.0|global|south=+065|west=+0015,65,15,08,33
rgi7.0|global|south=+066|west=+0013,66,13,08,33
rgi7.0|global|south=+066|west=+0014,66,14,08,33
rgi7.0|global|south=+066|west=+0015,66,15,08,33
rgi7.0|global|south=+066|west=+0017,66,17,08,33
rgi7.0|global|south=+067|west=+0014,67,14,08,33
rgi7.0|global|south=+067|west=+0015,67,15,08,33
rgi7.0|global|south=+067|west=+0016,67,16,08,33
rgi7.0|global|south=+067|west=+0017,67,17,08,33
rgi7.0|global|south=+067|west=+0018,67,18,08,33
rgi7.0|global|south=+068|west=+0015,68,15,08,33
rgi7.0|global|south=+068|west=+0017,68,17,08,33
rgi7.0|global|south=+068|west=+0018,68,18,08,33
rgi7.0|global|south=+068|west=+0019,68,19,08,33
rgi7.0|global|south=+068|west=+0020,68,20,08,33
rgi7.0|global|south=+069|west=+0019,69,19,08,33
rgi7.0|global|south=+069|west=+0020,69,20,08,33
rgi7.0|global|south=+070|west=+0023,70,23,08,33
rgi7.0|global|south=+072|west=+0054,72,54,09,33
rgi7.0|global|south=+072|west=+0055,72,55,09,33
rgi7.0|global|south=+073|west=+0055,73,55,09,33
rgi7.0|global|south=+073|west=+0056,73,56,09,33
rgi7.0|global|south=+074|west=+0055,74,55,09,33
rgi7.0|global|south=+074|west=+0056,74,56,09,33
rgi7.0|global|south=+074|west=+0057,74,57,09,33
rgi7.0|global|south=+074|west=+0058,74,58,09,33
rgi7.0|global|south=+075|west=+0059,75,59,09,33
rgi7.0|global|south=+075|west=+0060,75,60,09,33
rgi7.0|global|south=+078|west=+0097,78,97,09,33
rgi7.0|global|south=+078|west=+0098,78,98,09,33
rgi7.0|global|south=+078|west=+0099,78,99,09,33
rgi7.0|global|south=+078|west=+0100,78,100,09,33
rgi7.0|global|south=+078|west=+0101,78,101,09,33
rgi7.0|global|south=+078|west=+0102,78,102,09,33
rgi7.0|global|south=+078|west=+0103,78,103,09,33
rgi7.0|global|south=+078|west=+0104,78,104,09,33
rgi7.0|global|south=+079|west=+0093,79,93,09,33
rgi7.0|global|south=+079|west=+0094,79,94,09,33
rgi7.0|global|south=+079|west=+0095,79,95,09,33
rgi7.0|global|south=+079|west=+0096,79,96,09,33
rgi7.0|global|south=+079|west=+0097,79,97,09,33
rgi7.0|global|south=+079|west=+0098,79,98,09,33
rgi7.0|global|south=+080|west=+0049,80,49,09,33
rgi7.0|global|south=+080|west=+0050,80,50,09,33
rgi7.0|global|south=+080|west=+0092,80,92,09,33
rgi7.0|global|south=+080|west=+0093,80,93,09,33
rgi7.0|global|south=+080|west=+0094,80,94,09,33
rgi7.0|global|south=+080|west=+0095,80,95,09,33
rgi7.0|global|south=+080|west=+0096,80,96,09,33
rgi7.0|global|south=+080|west=+0097,80,97,09,33
rgi7.0|global|south=+080|west=+0098,80,98,09,33
rgi7.0|global|south=+046|west=+0091,46,91,10,127
rgi7.0|global|south=+046|west=+0092,46,92,10,127
rgi7.0|global|south=+046|west=+0093,46,93,10,127
rgi7.0|global|south=+047|west=+0085,47,85,10,127
rgi7.0|global|south=+047|west=+0089,47,89,10,127
rgi7.0|global|south=+047|west=+0090,47,90,10,127
rgi7.0|global|south=+047|west=+0091,47,91,10,127
rgi7.0|global|south=+047|west=+0092,47,92,10,127
rgi7.0|global|south=+047|west=+0097,47,97,10,127
rgi7.0|global|south=+048|west=+0085,48,85,10,127
rgi7.0|global|south=+048|west=+0087,48,87,10,127
rgi7.0|global|south=+048|west=+0088,48,88,10,127
rgi7.0|global|south=+048|west=+0089,48,89,10,127
rgi7.0|global|south=+048|west=+0090,48,90,10,127
rgi7.0|global|south=+049|west=+0085,49,85,10,127
rgi7.0|global|south=+049|west=+0086,49,86,10,127
rgi7.0|global|south=+049|west=+0087,49,87,10,127
rgi7.0|global|south=+049|west=+0088,49,88,10,127
rgi7.0|global|south=+049|west=+0089,49,89,10,127
rgi7.0|global|south=+049|west=+0091,49,91,10,127
rgi7.0|global|south=+050|west=+0083,50,83,10,127
rgi7.0|global|south=+050|west=+0084,50,84,10,127
rgi7.0|global|south=+050|west=+0085,50,85,10,127
rgi7.0|global|south=+050|west=+0087,50,87,10,127
rgi7.0|global|south=+050|west=+0088,50,88,10,127
rgi7.0|global|south=+050|west=+0089,50,89,10,127
rgi7.0|global|south=+050|west=+0090,50,90,10,127
rgi7.0|global|south=+051|west=+0086,51,86,10,127
rgi7.0|global|south=+051|west=+0087,51,87,10,127
rgi7.0|global|south=+051|west=+0088,51,88,10,127
rgi7.0|global|south=+051|west=+0089,51,89,10,127
rgi7.0|global|south=+051|west=+0100,51,100,10,127
rgi7.0|global|south=+052|west=+0098,52,98,10,127
rgi7.0|global|south=+052|west=+0099,52,99,10,127
rgi7.0|global|south=+053|west=+0089,53,89,10,127
rgi7.0|global|south=+053|west=+0095,53,95,10,127
rgi7.0|global|south=+053|west=+0096,53,96,10,127
rgi7.0|global|south=+053|west=+0157,53,157,10,127
rgi7.0|global|south=+054|west=+0088,54,88,10,127
rgi7.0|global|south=+054|west=+0089,54,89,10,127
rgi7.0|global|south=+054|west=+0096,54,96,10,127
rgi7.0|global|south=+054|west=+0157,54,157,10,127
rgi7.0|global|south=+054|west=+0159,54,159,10,127
rgi7.0|global|south=+055|west=+0108,55,108,10,127
rgi7.0|global|south=+055|west=+0157,55,157,10,127
rgi7.0|global|south=+055|west=+0158,55,158,10,127
rgi7.0|global|south=+055|west=+0160,55,160,10,127
rgi7.0|global|south=+055|west=+0161,55,161,10,127
rgi7.0|global|south=+056|west=+0116,56,116,10,127
rgi7.0|global|south=+056|west=+0117,56,117,10,127
rgi7.0|global|south=+056|west=+0158,56,158,10,127
rgi7.0|global|south=+056|west=+0159,56,159,10,127
rgi7.0|global|south=+056|west=+0160,56,160,10,127
rgi7.0|global|south=+056|west=+0161,56,161,10,127
rgi7.0|global|south=+057|west=+0116,57,116,10,127
rgi7.0|global|south=+057|west=+0117,57,117,10,127
rgi7.0|global|south=+057|west=+0118,57,118,10,127
rgi7.0|global|south=+057|west=+0159,57,159,10,127
rgi7.0|global|south=+057|west=+0160,57,160,10,127
rgi7.0|global|south=+058|west=+0160,58,160,10,127
rgi7.0|global|south=+058|west=+0161,58,161,10,127
rgi7.0|global|south=+059|west=+0161,59,161,10,127
rgi7.0|global|south=+059|west=+0162,59,162,10,127
rgi7.0|global|south=+061|west=+0141,61,141,10,127
rgi7.0|global|south=+061|west=+0142,61,142,10,127
rgi7.0|global|south=+061|west=+0143,61,143,10,127
rgi7.0|global|south=+061|west=+0160,61,160,10,127
rgi7.0|global|south=+061|west=+0162,61,162,10,127
rgi7.0|global|south=+061|west=+0167,61,167,10,127
rgi7.0|global|south=+061|west=+0169,61,169,10,127
rgi7.0|global|south=+061|west=+0170,61,170,10,127
rgi7.0|global|south=+061|west=+0171,61,171,10,127
rgi7.0|global|south=+061|west=+0172,61,172,10,127
rgi7.0|global|south=+062|west=+0140,62,140,10,127
rgi7.0|global|south=+062|west=+0141,62,141,10,127
rgi7.0|global|south=+062|west=+0170,62,170,10,127
rgi7.0|global|south=+062|west=+0171,62,171,10,127
rgi7.0|global|south=+062|west=+0174,62,174,10,127
rgi7.0|global|south=+063|west=+0059,63,59,10,127
rgi7.0|global|south=+064|west=+0059,64,59,10,127
rgi7.0|global|south=+064|west=+0060,64,60,10,127
rgi7.0|global|south=+064|west=+0146,64,146,10,127
rgi7.0|global|south=+065|west=+0059,65,59,10,127
rgi7.0|global|south=+065|west=+0060,65,60,10,127
rgi7.0|global|south=+065|west=+0061,65,61,10,127
rgi7.0|global|south=+065|west=+0062,65,62,10,127
rgi7.0|global|south=+065|west=+0139,65,139,10,127
rgi7.0|global|south=+065|west=+0140,65,140,10,127
rgi7.0|global|south=+065|west=+0141,65,141,10,127
rgi7.0|global|south=+065|west=+0143,65,143,10,127
rgi7.0|global|south=+065|west=+0146,65,146,10,127
rgi7.0|global|south=+065|west=-0174,65,-174,10,127
rgi7.0|global|south=+066|west=+0064,66,64,10,127
rgi7.0|global|south=+066|west=+0065,66,65,10,127
rgi7.0|global|south=+066|west=+0139,66,139,10,127
rgi7.0|global|south=+066|west=+0140,66,140,10,127
rgi7.0|global|south=+066|west=+0141,66,141,10,127
rgi7.0|global|south=+066|west=+0144,66,144,10,127
rgi7.0|global|south=+066|west=+0179,66,179,10,127
rgi7.0|global|south=+066|west=-0177,66,-177,10,127
rgi7.0|global|south=+066|west=-0178,66,-178,10,127
rgi7.0|global|south=+066|west=-0179,66,-179,10,127
rgi7.0|global|south=+066|west=-0180,66,-180,10,127
rgi7.0|global|south=+067|west=+0065,67,65,10,127
rgi7.0|global|south=+067|west=+0066,67,66,10,127
rgi7.0|global|south=+067|west=+0127,67,127,10,127
rgi7.0|global|south=+067|west=+0128,67,128,10,127
rgi7.0|global|south=+067|west=+0138,67,138,10,127
rgi7.0|global|south=+068|west=+0065,68,65,10,127
rgi7.0|global|south=+068|west=+0066,68,66,10,127
rgi7.0|global|south=+068|west=+0089,68,89,10,127
rgi7.0|global|south=+068|west=+0128,68,128,10,127
rgi7.0|global|south=+068|west=+0129,68,129,10,127
rgi7.0|global|south=+069|west=+0088,69,88,10,127
rgi7.0|global|south=+069|west=+0089,69,89,10,127
rgi7.0|global|south=+069|west=+0090,69,90,10,127
rgi7.0|global|south=+069|west=+0091,69,91,10,127
rgi7.0|global|south=+069|west=+0093,69,93,10,127
rgi7.0|global|south=+069|west=+0128,69,128,10,127
rgi7.0|global|south=+070|west=+0094,70,94,10,127
rgi7.0|global|south=+075|west=+0106,75,106,10,127
rgi7.0|global|south=+075|west=+0107,75,107,10,127
rgi7.0|global|south=+075|west=+0108,75,108,10,127
rgi7.0|global|south=+075|west=+0109,75,109,10,127
rgi7.0|global|south=+075|west=+0110,75,110,10,127
rgi7.0|global|south=+076|west=+0107,76,107,10,127
rgi7.0|global|south=+076|west=+0108,76,108,10,127
rgi7.0|global|south=+042|west=+0000,42,0,11,18
rgi7.0|global|south=+044|west=+0005,44,5,11,18
rgi7.0|global|south=+044|west=+0006,44,6,11,18
rgi7.0|global|south=+044|west=+0007,44,7,11,18
rgi7.0|global|south=+045|west=+0005,45,5,11,18
rgi7.0|global|south=+045|west=+0006,45,6,11,18
rgi7.0|global|south=+046|west=+0006,46,6,11,18
rgi7.0|global|south=+046|west=+0008,46,8,11,18
rgi7.0|global|south=+046|west=+0009,46,9,11,18
rgi7.0|global|south=+046|west=+0010,46,10,11,18
rgi7.0|global|south=+046|west=+0011,46,11,11,18
rgi7.0|global|south=+046|west=+0013,46,13,11,18
rgi7.0|global|south=+047|west=+0008,47,8,11,18
rgi7.0|global|south=+047|west=+0009,47,9,11,18
rgi7.0|global|south=+047|west=+0010,47,10,11,18
rgi7.0|global|south=+047|west=+0011,47,11,11,18
rgi7.0|global|south=+047|west=+0012,47,12,11,18
rgi7.0|global|south=+047|west=+0013,47,13,11,18
rgi7.0|global|south=+030|west=+0051,30,51,12,13
rgi7.0|global|south=+032|west=+0049,32,49,12,13
rgi7.0|global|south=+032|west=+0050,32,50,12,13
rgi7.0|global|south=+035|west=+0052,35,52,12,13
rgi7.0|global|south=+036|west=+0050,36,50,12,13
rgi7.0|global|south=+036|west=+0051,36,51,12,13
rgi7.0|global|south=+037|west=+0043,37,43,12,13
rgi7.0|global|south=+038|west=+0035,38,35,12,13
rgi7.0|global|south=+038|west=+0042,38,42,12,13
rgi7.0|global|south=+039|west=+0039,39,39,12,13
rgi7.0|global|south=+043|west=+0041,43,41,12,13
rgi7.0|global|south=+043|west=+0042,43,42,12,13
rgi7.0|global|south=+043|west=+0043,43,43,12,13
rgi7.0|global|south=+028|west=+0093,28,93,13,225
rgi7.0|global|south=+029|west=+0084,29,84,13,225
rgi7.0|global|south=+029|west=+0085,29,85,13,225
rgi7.0|global|south=+029|west=+0086,29,86,13,225
rgi7.0|global|south=+029|west=+0087,29,87,13,225
rgi7.0|global|south=+029|west=+0088,29,88,13,225
rgi7.0|global|south=+029|west=+0089,29,89,13,225
rgi7.0|global|south=+029|west=+0090,29,90,13,225
rgi7.0|global|south=+029|west=+0093,29,93,13,225
rgi7.0|global|south=+029|west=+0094,29,94,13,225
rgi7.0|global|south=+030|west=+0082,30,82,13,225
rgi7.0|global|south=+030|west=+0083,30,83,13,225
rgi7.0|global|south=+030|west=+0084,30,84,13,225
rgi7.0|global|south=+030|west=+0085,30,85,13,225
rgi7.0|global|south=+030|west=+0086,30,86,13,225
rgi7.0|global|south=+030|west=+0087,30,87,13,225
rgi7.0|global|south=+030|west=+0088,30,88,13,225
rgi7.0|global|south=+030|west=+0089,30,89,13,225
rgi7.0|global|south=+030|west=+0090,30,90,13,225
rgi7.0|global|south=+030|west=+0091,30,91,13,225
rgi7.0|global|south=+030|west=+0092,30,92,13,225
rgi7.0|global|south=+030|west=+0093,30,93,13,225
rgi7.0|global|south=+030|west=+0094,30,94,13,225
rgi7.0|global|south=+030|west=+0096,30,96,13,225
rgi7.0|global|south=+030|west=+0097,30,97,13,225
rgi7.0|global|south=+031|west=+0082,31,82,13,225
rgi7.0|global|south=+031|west=+0083,31,83,13,225
rgi7.0|global|south=+031|west=+0085,31,85,13,225
rgi7.0|global|south=+031|west=+0086,31,86,13,225
rgi7.0|global|south=+031|west=+0087,31,87,13,225
rgi7.0|global|south=+031|west=+0088,31,88,13,225
rgi7.0|global|south=+031|west=+0091,31,91,13,225
rgi7.0|global|south=+031|west=+0092,31,92,13,225
rgi7.0|global|south=+031|west=+0093,31,93,13,225
rgi7.0|global|south=+031|west=+0094,31,94,13,225
rgi7.0|global|south=+031|west=+0095,31,95,13,225
rgi7.0|global|south=+031|west=+0096,31,96,13,225
rgi7.0|global|south=+031|west=+0098,31,98,13,225
rgi7.0|global|south=+032|west=+0080,32,80,13,225
rgi7.0|global|south=+032|west=+0081,32,81,13,225
rgi7.0|global|south=+032|west=+0083,32,83,13,225
rgi7.0|global|south=+032|west=+0086,32,86,13,225
rgi7.0|global|south=+032|west=+0087,32,87,13,225
rgi7.0|global|south=+032|west=+0091,32,91,13,225
rgi7.0|global|south=+032|west=+0092,32,92,13,225
rgi7.0|global|south=+032|west=+0093,32,93,13,225
rgi7.0|global|south=+032|west=+0094,32,94,13,225
rgi7.0|global|south=+032|west=+0095,32,95,13,225
rgi7.0|global|south=+032|west=+0096,32,96,13,225
rgi7.0|global|south=+032|west=+0098,32,98,13,225
rgi7.0|global|south=+032|west=+0102,32,102,13,225
rgi7.0|global|south=+032|west=+0103,32,103,13,225
rgi7.0|global|south=+033|west=+0079,33,79,13,225
rgi7.0|global|south=+033|west=+0080,33,80,13,225
rgi7.0|global|south=+033|west=+0081,33,81,13,225
rgi7.0|global|south=+033|west=+0082,33,82,13,225
rgi7.0|global|south=+033|west=+0083,33,83,13,225
rgi7.0|global|south=+033|west=+0084,33,84,13,225
rgi7.0|global|south=+033|west=+0085,33,85,13,225
rgi7.0|global|south=+033|west=+0086,33,86,13,225
rgi7.0|global|south=+033|west=+0087,33,87,13,225
rgi7.0|global|south=+033|west=+0088,33,88,13,225
rgi7.0|global|south=+033|west=+0089,33,89,13,225
rgi7.0|global|south=+033|west=+0090,33,90,13,225
rgi7.0|global|south=+033|west=+0091,33,91,13,225
rgi7.0|global|south=+033|west=+0092,33,92,13,225
rgi7.0|global|south=+033|west=+0093,33,93,13,225
rgi7.0|global|south=+033|west=+0094,33,94,13,225
rgi7.0|global|south=+033|west=+0095,33,95,13,225
rgi7.0|global|south=+033|west=+0101,33,101,13,225
rgi7.0|global|south=+034|west=+0079,34,79,13,225
rgi7.0|global|south=+034|west=+0081,34,81,13,225
rgi7.0|global|south=+034|west=+0082,34,82,13,225
rgi7.0|global|south=+034|west=+0084,34,84,13,225
rgi7.0|global|south=+034|west=+0085,34,85,13,225
rgi7.0|global|south=+034|west=+0089,34,89,13,225
rgi7.0|global|south=+034|west=+0090,34,90,13,225
rgi7.0|global|south=+034|west=+0091,34,91,13,225
rgi7.0|global|south=+034|west=+0093,34,93,13,225
rgi7.0|global|south=+034|west=+0095,34,95,13,225
rgi7.0|global|south=+034|west=+0099,34,99,13,225
rgi7.0|global|south=+035|west=+0078,35,78,13,225
rgi7.0|global|south=+035|west=+0080,35,80,13,225
rgi7.0|global|south=+035|west=+0081,35,81,13,225
rgi7.0|global|south=+035|west=+0082,35,82,13,225
rgi7.0|global|south=+035|west=+0085,35,85,13,225
rgi7.0|global|south=+035|west=+0088,35,88,13,225
rgi7.0|global|south=+035|west=+0089,35,89,13,225
rgi7.0|global|south=+035|west=+0090,35,90,13,225
rgi7.0|global|south=+035|west=+0091,35,91,13,225
rgi7.0|global|south=+035|west=+0092,35,92,13,225
rgi7.0|global|south=+035|west=+0093,35,93,13,225
rgi7.0|global|south=+035|west=+0094,35,94,13,225
rgi7.0|global|south=+035|west=+0095,35,95,13,225
rgi7.0|global|south=+035|west=+0096,35,96,13,225
rgi7.0|global|south=+035|west=+0098,35,98,13,225
rgi7.0|global|south=+035|west=+0099,35,99,13,225
rgi7.0|global|south=+036|west=+0077,36,77,13,225
rgi7.0|global|south=+036|west=+0078,36,78,13,225
rgi7.0|global|south=+036|west=+0079,36,79,13,225
rgi7.0|global|south=+036|west=+0080,36,80,13,225
rgi7.0|global|south=+036|west=+0081,36,81,13,225
rgi7.0|global|south=+036|west=+0082,36,82,13,225
rgi7.0|global|south=+036|west=+0083,36,83,13,225
rgi7.0|global|south=+036|west=+0084,36,84,13,225
rgi7.0|global|south=+036|west=+0085,36,85,13,225
rgi7.0|global|south=+036|west=+0086,36,86,13,225
rgi7.0|global|south=+036|west=+0087,36,87,13,225
rgi7.0|global|south=+036|west=+0088,36,88,13,225
rgi7.0|global|south=+036|west=+0089,36,89,13,225
rgi7.0|global|south=+036|west=+0090,36,90,13,225
rgi7.0|global|south=+036|west=+0091,36,91,13,225
rgi7.0|global|south=+036|west=+0092,36,92,13,225
rgi7.0|global|south=+036|west=+0093,36,93,13,225
rgi7.0|global|south=+036|west=+0094,36,94,13,225
rgi7.0|global|south=+036|west=+0095,36,95,13,225
rgi7.0|global|south=+036|west=+0098,36,98,13,225
rgi7.0|global|south=+036|west=+0099,36,99,13,225
rgi7.0|global|south=+037|west=+0070,37,70,13,225
rgi7.0|global|south=+037|west=+0071,37,71,13,225
rgi7.0|global|south=+037|west=+0072,37,72,13,225
rgi7.0|global|south=+037|west=+0073,37,73,13,225
rgi7.0|global|south=+037|west=+0076,37,76,13,225
rgi7.0|global|south=+037|west=+0077,37,77,13,225
rgi7.0|global|south=+037|west=+0085,37,85,13,225
rgi7.0|global|south=+037|west=+0086,37,86,13,225
rgi7.0|global|south=+037|west=+0087,37,87,13,225
rgi7.0|global|south=+037|west=+0089,37,89,13,225
rgi7.0|global|south=+037|west=+0090,37,90,13,225
rgi7.0|global|south=+037|west=+0091,37,91,13,225
rgi7.0|global|south=+037|west=+0095,37,95,13,225
rgi7.0|global|south=+037|west=+0097,37,97,13,225
rgi7.0|global|south=+037|west=+0098,37,98,13,225
rgi7.0|global|south=+037|west=+0101,37,101,13,225
rgi7.0|global|south=+037|west=+0102,37,102,13,225
rgi7.0|global|south=+038|west=+0067,38,67,13,225
rgi7.0|global|south=+038|west=+0068,38,68,13,225
rgi7.0|global|south=+038|west=+0070,38,70,13,225
rgi7.0|global|south=+038|west=+0071,38,71,13,225
rgi7.0|global|south=+038|west=+0072,38,72,13,225
rgi7.0|global|south=+038|west=+0073,38,73,13,225
rgi7.0|global|south=+038|west=+0074,38,74,13,225
rgi7.0|global|south=+038|west=+0075,38,75,13,225
rgi7.0|global|south=+038|west=+0087,38,87,13,225
rgi7.0|global|south=+038|west=+0088,38,88,13,225
rgi7.0|global|south=+038|west=+0089,38,89,13,225
rgi7.0|global|south=+038|west=+0095,38,95,13,225
rgi7.0|global|south=+038|west=+0096,38,96,13,225
rgi7.0|global|south=+038|west=+0097,38,97,13,225
rgi7.0|global|south=+038|west=+0098,38,98,13,225
rgi7.0|global|south=+038|west=+0099,38,99,13,225
rgi7.0|global|south=+038|west=+0100,38,100,13,225
rgi7.0|global|south=+039|west=+0067,39,67,13,225
rgi7.0|global|south=+039|west=+0068,39,68,13,225
rgi7.0|global|south=+039|west=+0069,39,69,13,225
rgi7.0|global|south=+039|west=+0070,39,70,13,225
rgi7.0|global|south=+039|west=+0071,39,71,13,225
rgi7.0|global|south=+039|west=+0072,39,72,13,225
rgi7.0|global|south=+039|west=+0073,39,73,13,225
rgi7.0|global|south=+039|west=+0074,39,74,13,225
rgi7.0|global|south=+039|west=+0075,39,75,13,225
rgi7.0|global|south=+039|west=+0093,39,93,13,225
rgi7.0|global|south=+039|west=+0095,39,95,13,225
rgi7.0|global|south=+039|west=+0096,39,96,13,225
rgi7.0|global|south=+039|west=+0097,39,97,13,225
rgi7.0|global|south=+039|west=+0098,39,98,13,225
rgi7.0|global|south=+039|west=+0099,39,99,13,225
rgi7.0|global|south=+040|west=+0072,40,72,13,225
rgi7.0|global|south=+040|west=+0073,40,73,13,225
rgi7.0|global|south=+040|west=+0074,40,74,13,225
rgi7.0|global|south=+040|west=+0075,40,75,13,225
rgi7.0|global|south=+040|west=+0076,40,76,13,225
rgi7.0|global|south=+040|west=+0077,40,77,13,225
rgi7.0|global|south=+040|west=+0078,40,78,13,225
rgi7.0|global|south=+041|west=+0070,41,70,13,225
rgi7.0|global|south=+041|west=+0071,41,71,13,225
rgi7.0|global|south=+041|west=+0072,41,72,13,225
rgi7.0|global|south=+041|west=+0073,41,73,13,225
rgi7.0|global|south=+041|west=+0074,41,74,13,225
rgi7.0|global|south=+041|west=+0075,41,75,13,225
rgi7.0|global|south=+041|west=+0076,41,76,13,225
rgi7.0|global|south=+041|west=+0077,41,77,13,225
rgi7.0|global|south=+041|west=+0078,41,78,13,225
rgi7.0|global|south=+041|west=+0079,41,79,13,225
rgi7.0|global|south=+041|west=+0080,41,80,13,225
rgi7.0|global|south=+041|west=+0081,41,81,13,225
rgi7.0|global|south=+042|west=+0070,42,70,13,225
rgi7.0|global|south=+042|west=+0071,42,71,13,225
rgi7.0|global|south=+042|west=+0072,42,72,13,225
rgi7.0|global|south=+042|west=+0073,42,73,13,225
rgi7.0|global|south=+042|west=+0074,42,74,13,225
rgi7.0|global|south=+042|west=+0075,42,75,13,225
rgi7.0|global|south=+042|west=+0076,42,76,13,225
rgi7.0|global|south=+042|west=+0077,42,77,13,225
rgi7.0|global|south=+042|west=+0078,42,78,13,225
rgi7.0|global|south=+042|west=+0079,42,79,13,225
rgi7.0|global|south=+042|west=+0080,42,80,13,225
rgi7.0|global|south=+042|west=+0081,42,81,13,225
rgi7.0|global|south=+042|west=+0082,42,82,13,225
rgi7.0|global|south=+042|west=+0083,42,83,13,225
rgi7.0|global|south=+042|west=+0084,42,84,13,225
rgi7.0|global|south=+042|west=+0085,42,85,13,225
rgi7.0|global|south=+042|west=+0086,42,86,13,225
rgi7.0|global|south=+042|west=+0087,42,87,13,225
rgi7.0|global|south=+042|west=+0094,42,94,13,225
rgi7.0|global|south=+043|west=+0076,43,76,13,225
rgi7.0|global|south=+043|west=+0077,43,77,13,225
rgi7.0|global|south=+043|west=+0082,43,82,13,225
rgi7.0|global|south=+043|west=+0083,43,83,13,225
rgi7.0|global|south=+043|west=+0084,43,84,13,225
rgi7.0|global|south=+043|west=+0085,43,85,13,225
rgi7.0|global|south=+043|west=+0086,43,86,13,225
rgi7.0|global|south=+043|west=+0087,43,87,13,225
rgi7.0|global|south=+043|west=+0089,43,89,13,225
rgi7.0|global|south=+043|west=+0092,43,92,13,225
rgi7.0|global|south=+043|west=+0093,43,93,13,225
rgi7.0|global|south=+044|west=+0079,44,79,13,225
rgi7.0|global|south=+044|west=+0080,44,80,13,225
rgi7.0|global|south=+044|west=+0081,44,81,13,225
rgi7.0|global|south=+044|west=+0082,44,82,13,225
rgi7.0|global|south=+044|west=+0083,44,83,13,225
rgi7.0|global|south=+044|west=+0084,44,84,13,225
rgi7.0|global|south=+045|west=+0079,45,79,13,225
rgi7.0|global|south=+045|west=+0080,45,80,13,225
rgi7.0|global|south=+045|west=+0081,45,81,13,225
rgi7.0|global|south=+031|west=+0077,31,77,14,37
rgi7.0|global|south=+031|west=+0078,31,78,14,37
rgi7.0|global|south=+031|west=+0080,31,80,14,37
rgi7.0|global|south=+031|west=+0081,31,81,14,37
rgi7.0|global|south=+032|west=+0076,32,76,14,37
rgi7.0|global|south=+032|west=+0077,32,77,14,37
rgi7.0|global|south=+032|west=+0078,32,78,14,37
rgi7.0|global|south=+032|west=+0079,32,79,14,37
rgi7.0|global|south=+033|west=+0074,33,74,14,37
rgi7.0|global|south=+033|west=+0075,33,75,14,37
rgi7.0|global|south=+033|west=+0076,33,76,14,37
rgi7.0|global|south=+033|west=+0077,33,77,14,37
rgi7.0|global|south=+033|west=+0078,33,78,14,37
rgi7.0|global|south=+034|west=+0067,34,67,14,37
rgi7.0|global|south=+034|west=+0074,34,74,14,37
rgi7.0|global|south=+034|west=+0075,34,75,14,37
rgi7.0|global|south=+034|west=+0076,34,76,14,37
rgi7.0|global|south=+034|west=+0077,34,77,14,37
rgi7.0|global|south=+034|west=+0078,34,78,14,37
rgi7.0|global|south=+035|west=+0069,35,69,14,37
rgi7.0|global|south=+035|west=+0071,35,71,14,37
rgi7.0|global|south=+035|west=+0072,35,72,14,37
rgi7.0|global|south=+035|west=+0073,35,73,14,37
rgi7.0|global|south=+035|west=+0074,35,74,14,37
rgi7.0|global|south=+035|west=+0075,35,75,14,37
rgi7.0|global|south=+035|west=+0076,35,76,14,37
rgi7.0|global|south=+035|west=+0077,35,77,14,37
rgi7.0|global|south=+036|west=+0069,36,69,14,37
rgi7.0|global|south=+036|west=+0070,36,70,14,37
rgi7.0|global|south=+036|west=+0071,36,71,14,37
rgi7.0|global|south=+036|west=+0072,36,72,14,37
rgi7.0|global|south=+036|west=+0073,36,73,14,37
rgi7.0|global|south=+036|west=+0074,36,74,14,37
rgi7.0|global|south=+036|west=+0075,36,75,14,37
rgi7.0|global|south=+036|west=+0076,36,76,14,37
rgi7.0|global|south=+037|west=+0074,37,74,14,37
rgi7.0|global|south=+037|west=+0075,37,75,14,37
rgi7.0|global|south=+027|west=+0088,27,88,15,47
rgi7.0|global|south=+027|west=+0089,27,89,15,47
rgi7.0|global|south=+027|west=+0090,27,90,15,47
rgi7.0|global|south=+027|west=+0091,27,91,15,47
rgi7.0|global|south=+027|west=+0092,27,92,15,47
rgi7.0|global|south=+027|west=+0097,27,97,15,47
rgi7.0|global|south=+027|west=+0098,27,98,15,47
rgi7.0|global|south=+027|west=+0100,27,100,15,47
rgi7.0|global|south=+028|west=+0082,28,82,15,47
rgi7.0|global|south=+028|west=+0083,28,83,15,47
rgi7.0|global|south=+028|west=+0084,28,84,15,47
rgi7.0|global|south=+028|west=+0085,28,85,15,47
rgi7.0|global|south=+028|west=+0086,28,86,15,47
rgi7.0|global|south=+028|west=+0087,28,87,15,47
rgi7.0|global|south=+028|west=+0088,28,88,15,47
rgi7.0|global|south=+028|west=+0089,28,89,15,47
rgi7.0|global|south=+028|west=+0090,28,90,15,47
rgi7.0|global|south=+028|west=+0091,28,91,15,47
rgi7.0|global|south=+028|west=+0092,28,92,15,47
rgi7.0|global|south=+028|west=+0097,28,97,15,47
rgi7.0|global|south=+028|west=+0098,28,98,15,47
rgi7.0|global|south=+028|west=+0099,28,99,15,47
rgi7.0|global|south=+028|west=+0100,28,100,15,47
rgi7.0|global|south=+028|west=+0101,28,101,15,47
rgi7.0|global|south=+029|west=+0080,29,80,15,47
rgi7.0|global|south=+029|west=+0082,29,82,15,47
rgi7.0|global|south=+029|west=+0083,29,83,15,47
rgi7.0|global|south=+029|west=+0095,29,95,15,47
rgi7.0|global|south=+029|west=+0096,29,96,15,47
rgi7.0|global|south=+029|west=+0098,29,98,15,47
rgi7.0|global|south=+029|west=+0099,29,99,15,47
rgi7.0|global|south=+029|west=+0101,29,101,15,47
rgi7.0|global|south=+029|west=+0102,29,102,15,47
rgi7.0|global|south=+030|west=+0078,30,78,15,47
rgi7.0|global|south=+030|west=+0079,30,79,15,47
rgi7.0|global|south=+030|west=+0080,30,80,15,47
rgi7.0|global|south=+030|west=+0081,30,81,15,47
rgi7.0|global|south=+030|west=+0095,30,95,15,47
rgi7.0|global|south=+030|west=+0099,30,99,15,47
rgi7.0|global|south=+030|west=+0101,30,101,15,47
rgi7.0|global|south=+030|west=+0102,30,102,15,47
rgi7.0|global|south=+031|west=+0079,31,79,15,47
rgi7.0|global|south=+031|west=+0099,31,99,15,47
rgi7.0|global|south=+031|west=+0100,31,100,15,47
rgi7.0|global|south=+031|west=+0101,31,101,15,47
rgi7.0|global|south=+031|west=+0102,31,102,15,47
rgi7.0|global|south=+031|west=+0103,31,103,15,47
rgi7.0|global|south=+000|west=+0029,0,29,16,48
rgi7.0|global|south=+000|west=-0078,0,-78,16,48
rgi7.0|global|south=+000|west=-0079,0,-79,16,48
rgi7.0|global|south=+002|west=-0077,2,-77,16,48
rgi7.0|global|south=+004|west=-0076,4,-76,16,48
rgi7.0|global|south=+008|west=-0071,8,-71,16,48
rgi7.0|global|south=+008|west=-0072,8,-72,16,48
rgi7.0|global|south=+010|west=-0074,10,-74,16,48
rgi7.0|global|south=+019|west=-0098,19,-98,16,48
rgi7.0|global|south=+019|west=-0099,19,-99,16,48
rgi7.0|global|south=-001|west=+0037,-1,37,16,48
rgi7.0|global|south=-001|west=-0078,-1,-78,16,48
rgi7.0|global|south=-001|west=-0079,-1,-79,16,48
rgi7.0|global|south=-002|west=-0079,-2,-79,16,48
rgi7.0|global|south=-003|west=-0079,-3,-79,16,48
rgi7.0|global|south=-004|west=+0037,-4,37,16,48
rgi7.0|global|south=-009|west=-0078,-9,-78,16,48
rgi7.0|global|south=-010|west=-0078,-10,-78,16,48
rgi7.0|global|south=-011|west=-0076,-11,-76,16,48
rgi7.0|global|south=-011|west=-0077,-11,-77,16,48
rgi7.0|global|south=-012|west=-0075,-12,-75,16,48
rgi7.0|global|south=-012|west=-0076,-12,-76,16,48
rgi7.0|global|south=-012|west=-0077,-12,-77,16,48
rgi7.0|global|south=-013|west=-0073,-13,-73,16,48
rgi7.0|global|south=-013|west=-0076,-13,-76,16,48
rgi7.0|global|south=-014|west=-0071,-14,-71,16,48
rgi7.0|global|south=-014|west=-0072,-14,-72,16,48
rgi7.0|global|south=-014|west=-0074,-14,-74,16,48
rgi7.0|global|south=-015|west=-0069,-15,-69,16,48
rgi7.0|global|south=-015|west=-0070,-15,-70,16,48
rgi7.0|global|south=-015|west=-0071,-15,-71,16,48
rgi7.0|global|south=-015|west=-0072,-15,-72,16,48
rgi7.0|global|south=-015|west=-0073,-15,-73,16,48
rgi7.0|global|south=-016|west=-0069,-16,-69,16,48
rgi7.0|global|south=-016|west=-0070,-16,-70,16,48
rgi7.0|global|south=-016|west=-0071,-16,-71,16,48
rgi7.0|global|south=-016|west=-0072,-16,-72,16,48
rgi7.0|global|south=-017|west=-0068,-17,-68,16,48
rgi7.0|global|south=-017|west=-0069,-17,-69,16,48
rgi7.0|global|south=-018|west=-0068,-18,-68,16,48
rgi7.0|global|south=-018|west=-0070,-18,-70,16,48
rgi7.0|global|south=-019|west=-0069,-19,-69,16,48
rgi7.0|global|south=-019|west=-0070,-19,-70,16,48
rgi7.0|global|south=-020|west=-0069,-20,-69,16,48
rgi7.0|global|south=-021|west=-0069,-21,-69,16,48
rgi7.0|global|south=-025|west=-0066,-25,-66,16,48
rgi7.0|global|south=-025|west=-0067,-25,-67,16,48
rgi7.0|global|south=-025|west=-0069,-25,-69,16,48
rgi7.0|global|south=-026|west=-0067,-26,-67,17,75
rgi7.0|global|south=-026|west=-0068,-26,-68,17,75
rgi7.0|global|south=-026|west=-0069,-26,-69,17,75
rgi7.0|global|south=-027|west=-0068,-27,-68,17,75
rgi7.0|global|south=-027|west=-0069,-27,-69,17,75
rgi7.0|global|south=-028|west=-0067,-28,-67,17,75
rgi7.0|global|south=-028|west=-0069,-28,-69,17,75
rgi7.0|global|south=-028|west=-0070,-28,-70,17,75
rgi7.0|global|south=-029|west=-0068,-29,-68,17,75
rgi7.0|global|south=-029|west=-0069,-29,-69,17,75
rgi7.0|global|south=-029|west=-0070,-29,-70,17,75
rgi7.0|global|south=-030|west=-0068,-30,-68,17,75
rgi7.0|global|south=-030|west=-0070,-30,-70,17,75
rgi7.0|global|south=-030|west=-0071,-30,-71,17,75
rgi7.0|global|south=-031|west=-0070,-31,-70,17,75
rgi7.0|global|south=-031|west=-0071,-31,-71,17,75
rgi7.0|global|south=-032|west=-0070,-32,-70,17,75
rgi7.0|global|south=-032|west=-0071,-32,-71,17,75
rgi7.0|global|south=-033|west=-0070,-33,-70,17,75
rgi7.0|global|south=-033|west=-0071,-33,-71,17,75
rgi7.0|global|south=-034|west=-0070,-34,-70,17,75
rgi7.0|global|south=-034|west=-0071,-34,-71,17,75
rgi7.0|global|south=-035|west=-0070,-35,-70,17,75
rgi7.0|global|south=-035|west=-0071,-35,-71,17,75
rgi7.0|global|south=-036|west=-0070,-36,-70,17,75
rgi7.0|global|south=-036|west=-0071,-36,-71,17,75
rgi7.0|global|south=-037|west=-0070,-37,-70,17,75
rgi7.0|global|south=-037|west=-0072,-37,-72,17,75
rgi7.0|global|south=-038|west=-0071,-38,-71,17,75
rgi7.0|global|south=-038|west=-0072,-38,-72,17,75
rgi7.0|global|south=-039|west=-0072,-39,-72,17,75
rgi7.0|global|south=-040|west=-0071,-40,-71,17,75
rgi7.0|global|south=-040|west=-0072,-40,-72,17,75
rgi7.0|global|south=-040|west=-0073,-40,-73,17,75
rgi7.0|global|south=-041|west=-0072,-41,-72,17,75
rgi7.0|global|south=-041|west=-0073,-41,-73,17,75
rgi7.0|global|south=-042|west=-0072,-42,-72,17,75
rgi7.0|global|south=-042|west=-0073,-42,-73,17,75
rgi7.0|global|south=-043|west=-0072,-43,-72,17,75
rgi7.0|global|south=-043|west=-0073,-43,-73,17,75
rgi7.0|global|south=-044|west=-0072,-44,-72,17,75
rgi7.0|global|south=-044|west=-0073,-44,-73,17,75
rgi7.0|global|south=-045|west=-0072,-45,-72,17,75
rgi7.0|global|south=-045|west=-0073,-45,-73,17,75
rgi7.0|global|south=-046|west=-0072,-46,-72,17,75
rgi7.0|global|south=-046|west=-0073,-46,-73,17,75
rgi7.0|global|south=-046|west=-0074,-46,-74,17,75
rgi7.0|global|south=-047|west=-0072,-47,-72,17,75
rgi7.0|global|south=-047|west=-0073,-47,-73,17,75
rgi7.0|global|south=-047|west=-0074,-47,-74,17,75
rgi7.0|global|south=-047|west=-0075,-47,-75,17,75
rgi7.0|global|south=-048|west=-0072,-48,-72,17,75
rgi7.0|global|south=-048|west=-0073,-48,-73,17,75
rgi7.0|global|south=-048|west=-0074,-48,-74,17,75
rgi7.0|global|south=-048|west=-0075,-48,-75,17,75
rgi7.0|global|south=-049|west=-0073,-49,-73,17,75
rgi7.0|global|south=-049|west=-0074,-49,-74,17,75
rgi7.0|global|south=-049|west=-0075,-49,-75,17,75
rgi7.0|global|south=-050|west=-0073,-50,-73,17,75
rgi7.0|global|south=-050|west=-0074,-50,-74,17,75
rgi7.0|global|south=-050|west=-0075,-50,-75,17,75
rgi7.0|global|south=-051|west=-0073,-51,-73,17,75
rgi7.0|global|south=-051|west=-0074,-51,-74,17,75
rgi7.0|global|south=-051|west=-0075,-51,-75,17,75
rgi7.0|global|south=-052|west=-0073,-52,-73,17,75
rgi7.0|global|south=-052|west=-0074,-52,-74,17,75
rgi7.0|global|south=-052|west=-0075,-52,-75,17,75
rgi7.0|global|south=-053|west=-0072,-53,-72,17,75
rgi7.0|global|south=-053|west=-0073,-53,-73,17,75
rgi7.0|global|south=-053|west=-0074,-53,-74,17,75
rgi7.0|global|south=-054|west=-0072,-54,-72,17,75
rgi7.0|global|south=-054|west=-0073,-54,-73,17,75
rgi7.0|global|south=-055|west=-0069,-55,-69,17,75
rgi7.0|global|south=-055|west=-0070,-55,-70,17,75
rgi7.0|global|south=-055|west=-0071,-55,-71,17,75
rgi7.0|global|south=-045|west=+0169,-45,169,18,2
rgi7.0|global|south=-046|west=+0168,-46,168,18,2
